solid CATIA STL
  facet normal  -0.000000e+000  7.044959e-001  7.097080e-001
    outer loop
      vertex -5.614441e+000  4.448036e+001 -3.576780e+001
      vertex -6.614441e+000  4.448036e+001 -3.576780e+001
      vertex -5.614441e+000  2.716806e+001 -1.858264e+001
    endloop
  endfacet
  facet normal  -0.000000e+000  7.044958e-001  7.097082e-001
    outer loop
      vertex -4.363324e+001  2.716806e+001 -1.858264e+001
      vertex -3.690718e+001  1.967684e+001 -1.114645e+001
      vertex -2.462384e+001  1.967684e+001 -1.114645e+001
    endloop
  endfacet
  facet normal  3.782545e-008  7.044958e-001  7.097082e-001
    outer loop
      vertex -4.363324e+001  2.716806e+001 -1.858264e+001
      vertex -2.462384e+001  1.967684e+001 -1.114645e+001
      vertex -2.489248e+001  4.990426e+001 -4.115187e+001
    endloop
  endfacet
  facet normal -1.435724e-007  7.044960e-001  7.097080e-001
    outer loop
      vertex -4.363324e+001  2.716806e+001 -1.858264e+001
      vertex -2.489248e+001  4.990426e+001 -4.115187e+001
      vertex -4.263324e+001  4.448036e+001 -3.576780e+001
    endloop
  endfacet
  facet normal  0.000000e+000  7.044959e-001  7.097080e-001
    outer loop
      vertex -4.363324e+001  2.716806e+001 -1.858264e+001
      vertex -4.263324e+001  4.448036e+001 -3.576780e+001
      vertex -4.363324e+001  4.448036e+001 -3.576780e+001
    endloop
  endfacet
  facet normal -4.086395e-007  7.044958e-001  7.097081e-001
    outer loop
      vertex -4.263324e+001  7.784810e+001 -6.889048e+001
      vertex -3.318634e+001  5.383731e+001 -4.505603e+001
      vertex -3.386969e+001  5.627546e+001 -4.747628e+001
    endloop
  endfacet
  facet normal  0.000000e+000  7.044958e-001  7.097080e-001
    outer loop
      vertex -4.263324e+001  7.784810e+001 -6.889048e+001
      vertex -3.386969e+001  5.627546e+001 -4.747628e+001
      vertex -3.386969e+001  6.527699e+001 -5.641169e+001
    endloop
  endfacet
  facet normal -4.518625e-008  7.044959e-001  7.097081e-001
    outer loop
      vertex -4.263324e+001  7.784810e+001 -6.889048e+001
      vertex -3.386969e+001  6.527699e+001 -5.641169e+001
      vertex -3.318634e+001  6.771514e+001 -5.883194e+001
    endloop
  endfacet
  facet normal  2.414462e-007  7.044960e-001  7.097080e-001
    outer loop
      vertex -4.263324e+001  7.784810e+001 -6.889048e+001
      vertex -3.318634e+001  6.771514e+001 -5.883194e+001
      vertex -3.124033e+001  6.978210e+001 -6.088372e+001
    endloop
  endfacet
  facet normal -3.450898e-008  7.044958e-001  7.097082e-001
    outer loop
      vertex -4.263324e+001  7.784810e+001 -6.889048e+001
      vertex -3.124033e+001  6.978210e+001 -6.088372e+001
      vertex -2.832791e+001  7.116321e+001 -6.225468e+001
    endloop
  endfacet
  facet normal  4.187290e-007  7.044963e-001  7.097077e-001
    outer loop
      vertex -4.263324e+001  7.784810e+001 -6.889048e+001
      vertex -2.832791e+001  7.116321e+001 -6.225468e+001
      vertex -2.489248e+001  7.164819e+001 -6.273610e+001
    endloop
  endfacet
  facet normal -4.100144e-007  7.044963e-001  7.097076e-001
    outer loop
      vertex -4.263324e+001  4.448036e+001 -3.576780e+001
      vertex -2.489248e+001  4.990426e+001 -4.115187e+001
      vertex -2.832791e+001  5.038924e+001 -4.163329e+001
    endloop
  endfacet
  facet normal  1.830940e-008  7.044958e-001  7.097081e-001
    outer loop
      vertex -4.263324e+001  4.448036e+001 -3.576780e+001
      vertex -2.832791e+001  5.038924e+001 -4.163329e+001
      vertex -3.124033e+001  5.177034e+001 -4.300425e+001
    endloop
  endfacet
  facet normal  3.049174e-007  7.044957e-001  7.097083e-001
    outer loop
      vertex -4.263324e+001  4.448036e+001 -3.576780e+001
      vertex -3.124033e+001  5.177034e+001 -4.300425e+001
      vertex -3.318634e+001  5.383731e+001 -4.505603e+001
    endloop
  endfacet
  facet normal -1.717726e-007  7.044958e-001  7.097082e-001
    outer loop
      vertex -4.263324e+001  4.448036e+001 -3.576780e+001
      vertex -3.318634e+001  5.383731e+001 -4.505603e+001
      vertex -4.263324e+001  7.784810e+001 -6.889048e+001
    endloop
  endfacet
  facet normal  -0.000000e+000  7.044958e-001  7.097082e-001
    outer loop
      vertex -2.489248e+001  4.990426e+001 -4.115187e+001
      vertex -2.462384e+001  1.967684e+001 -1.114645e+001
      vertex -1.234050e+001  1.967684e+001 -1.114645e+001
    endloop
  endfacet
  facet normal -7.284086e-008  7.044958e-001  7.097081e-001
    outer loop
      vertex -2.489248e+001  4.990426e+001 -4.115187e+001
      vertex -1.234050e+001  1.967684e+001 -1.114645e+001
      vertex -5.614441e+000  2.716806e+001 -1.858264e+001
    endloop
  endfacet
  facet normal  1.392785e-007  7.044959e-001  7.097080e-001
    outer loop
      vertex -2.489248e+001  4.990426e+001 -4.115187e+001
      vertex -5.614441e+000  2.716806e+001 -1.858264e+001
      vertex -6.614441e+000  4.448036e+001 -3.576780e+001
    endloop
  endfacet
  facet normal  4.430499e-007  7.044963e-001  7.097076e-001
    outer loop
      vertex -2.489248e+001  4.990426e+001 -4.115187e+001
      vertex -6.614441e+000  4.448036e+001 -3.576780e+001
      vertex -2.145705e+001  5.038924e+001 -4.163329e+001
    endloop
  endfacet
  facet normal -4.207214e-007  7.044963e-001  7.097076e-001
    outer loop
      vertex -6.614441e+000  7.784810e+001 -6.889048e+001
      vertex -2.489248e+001  7.164819e+001 -6.273610e+001
      vertex -2.145705e+001  7.116321e+001 -6.225468e+001
    endloop
  endfacet
  facet normal  1.693415e-008  7.044958e-001  7.097081e-001
    outer loop
      vertex -6.614441e+000  7.784810e+001 -6.889048e+001
      vertex -2.145705e+001  7.116321e+001 -6.225468e+001
      vertex -1.854463e+001  6.978210e+001 -6.088372e+001
    endloop
  endfacet
  facet normal -2.348019e-007  7.044960e-001  7.097080e-001
    outer loop
      vertex -6.614441e+000  7.784810e+001 -6.889048e+001
      vertex -1.854463e+001  6.978210e+001 -6.088372e+001
      vertex -1.659861e+001  6.771514e+001 -5.883194e+001
    endloop
  endfacet
  facet normal  4.329314e-008  7.044958e-001  7.097080e-001
    outer loop
      vertex -6.614441e+000  7.784810e+001 -6.889048e+001
      vertex -1.659861e+001  6.771514e+001 -5.883194e+001
      vertex -1.591526e+001  6.527699e+001 -5.641169e+001
    endloop
  endfacet
  facet normal  1.293488e-007  7.044959e-001  7.097082e-001
    outer loop
      vertex -6.614441e+000  7.784810e+001 -6.889048e+001
      vertex -1.591526e+001  6.527699e+001 -5.641169e+001
      vertex -1.591526e+001  5.627546e+001 -4.747628e+001
    endloop
  endfacet
  facet normal  3.411800e-007  7.044958e-001  7.097082e-001
    outer loop
      vertex -6.614441e+000  7.784810e+001 -6.889048e+001
      vertex -1.591526e+001  5.627546e+001 -4.747628e+001
      vertex -1.659861e+001  5.383731e+001 -4.505603e+001
    endloop
  endfacet
  facet normal  2.600464e-007  7.044958e-001  7.097081e-001
    outer loop
      vertex -6.614441e+000  4.448036e+001 -3.576780e+001
      vertex -6.614441e+000  7.784810e+001 -6.889048e+001
      vertex -1.659861e+001  5.383731e+001 -4.505603e+001
    endloop
  endfacet
  facet normal -3.136239e-007  7.044956e-001  7.097084e-001
    outer loop
      vertex -6.614441e+000  4.448036e+001 -3.576780e+001
      vertex -1.659861e+001  5.383731e+001 -4.505603e+001
      vertex -1.854463e+001  5.177034e+001 -4.300425e+001
    endloop
  endfacet
  facet normal -1.794910e-008  7.044958e-001  7.097080e-001
    outer loop
      vertex -6.614441e+000  4.448036e+001 -3.576780e+001
      vertex -1.854463e+001  5.177034e+001 -4.300425e+001
      vertex -2.145705e+001  5.038924e+001 -4.163329e+001
    endloop
  endfacet
  facet normal  4.162011e-007  7.044957e-001  7.097082e-001
    outer loop
      vertex -3.507008e+001  1.204126e+002 -1.111424e+002
      vertex -4.005749e+001  1.129858e+002 -1.037701e+002
      vertex -4.263324e+001  7.784810e+001 -6.889048e+001
    endloop
  endfacet
  facet normal -7.740151e-007  7.044958e-001  7.097082e-001
    outer loop
      vertex -4.263324e+001  7.784810e+001 -6.889048e+001
      vertex -4.005749e+001  1.129858e+002 -1.037701e+002
      vertex -4.363324e+001  1.076610e+002 -9.848447e+001
    endloop
  endfacet
  facet normal  0.000000e+000  7.044958e-001  7.097081e-001
    outer loop
      vertex -4.263324e+001  7.784810e+001 -6.889048e+001
      vertex -4.363324e+001  1.076610e+002 -9.848447e+001
      vertex -4.363324e+001  7.784810e+001 -6.889048e+001
    endloop
  endfacet
  facet normal  8.126760e-007  7.044958e-001  7.097081e-001
    outer loop
      vertex -9.190193e+000  1.129858e+002 -1.037701e+002
      vertex -5.614441e+000  7.784810e+001 -6.889048e+001
      vertex -5.614441e+000  1.076610e+002 -9.848447e+001
    endloop
  endfacet
  facet normal  0.000000e+000  7.044958e-001  7.097082e-001
    outer loop
      vertex -5.614441e+000  7.784810e+001 -6.889048e+001
      vertex -9.190193e+000  1.129858e+002 -1.037701e+002
      vertex -6.614441e+000  7.784810e+001 -6.889048e+001
    endloop
  endfacet
  facet normal -5.549348e-007  7.044957e-001  7.097082e-001
    outer loop
      vertex -6.614441e+000  7.784810e+001 -6.889048e+001
      vertex -9.190193e+000  1.129858e+002 -1.037701e+002
      vertex -1.417760e+001  1.204126e+002 -1.111424e+002
    endloop
  endfacet
  facet normal -2.100514e-007  7.044958e-001  7.097081e-001
    outer loop
      vertex -6.614441e+000  7.784810e+001 -6.889048e+001
      vertex -1.417760e+001  1.204126e+002 -1.111424e+002
      vertex -2.489248e+001  7.164819e+001 -6.273610e+001
    endloop
  endfacet
  facet normal  0.000000e+000  7.044958e-001  7.097082e-001
    outer loop
      vertex -2.489248e+001  7.164819e+001 -6.273610e+001
      vertex -1.417760e+001  1.204126e+002 -1.111424e+002
      vertex -3.507008e+001  1.204126e+002 -1.111424e+002
    endloop
  endfacet
  facet normal  2.160409e-007  7.044958e-001  7.097082e-001
    outer loop
      vertex -2.489248e+001  7.164819e+001 -6.273610e+001
      vertex -3.507008e+001  1.204126e+002 -1.111424e+002
      vertex -4.263324e+001  7.784810e+001 -6.889048e+001
    endloop
  endfacet
  facet normal -1.000000e+000  0.000000e+000  0.000000e+000
    outer loop
      vertex -4.463324e+001  7.714360e+001 -6.960018e+001
      vertex -4.463324e+001  1.054674e+002 -9.771600e+001
      vertex -4.463324e+001  7.643911e+001 -7.030989e+001
    endloop
  endfacet
  facet normal -1.000000e+000  0.000000e+000  0.000000e+000
    outer loop
      vertex -4.463324e+001  7.643911e+001 -7.030989e+001
      vertex -4.463324e+001  1.054674e+002 -9.771600e+001
      vertex -4.463324e+001  1.046513e+002 -9.853816e+001
    endloop
  endfacet
  facet normal -1.000000e+000  0.000000e+000  0.000000e+000
    outer loop
      vertex -4.463324e+001  7.643911e+001 -7.030989e+001
      vertex -4.463324e+001  1.046513e+002 -9.853816e+001
      vertex -4.463324e+001  7.440507e+001 -6.829079e+001
    endloop
  endfacet
  facet normal  1.221025e-005 -7.097113e-001  7.044927e-001
    outer loop
      vertex -4.463324e+001  7.643911e+001 -7.030989e+001
      vertex -4.404745e+001  7.743542e+001 -6.930621e+001
      vertex -4.463324e+001  7.714360e+001 -6.960018e+001
    endloop
  endfacet
  facet normal  1.221025e-005 -7.097113e-001  7.044927e-001
    outer loop
      vertex -4.463324e+001  7.714360e+001 -6.960018e+001
      vertex -4.404745e+001  7.743542e+001 -6.930621e+001
      vertex -4.434035e+001  7.764175e+001 -6.909834e+001
    endloop
  endfacet
  facet normal  5.392872e-006 -7.097161e-001  7.044879e-001
    outer loop
      vertex -4.404745e+001  7.743542e+001 -6.930621e+001
      vertex -4.263324e+001  7.784810e+001 -6.889048e+001
      vertex -4.434035e+001  7.764175e+001 -6.909834e+001
    endloop
  endfacet
  facet normal  0.000000e+000 -7.096938e-001  7.045102e-001
    outer loop
      vertex -4.434035e+001  7.764175e+001 -6.909834e+001
      vertex -4.263324e+001  7.784810e+001 -6.889048e+001
      vertex -4.363324e+001  7.784810e+001 -6.889048e+001
    endloop
  endfacet
  facet normal -9.027413e-001  3.053059e-001 -3.030621e-001
    outer loop
      vertex -4.463324e+001  1.046513e+002 -9.853816e+001
      vertex -4.463324e+001  1.054674e+002 -9.771600e+001
      vertex -4.462088e+001  1.055963e+002 -9.762302e+001
    endloop
  endfacet
  facet normal -9.027150e-001  3.053440e-001 -3.031018e-001
    outer loop
      vertex -4.463324e+001  1.046513e+002 -9.853816e+001
      vertex -4.462088e+001  1.055963e+002 -9.762302e+001
      vertex -4.452840e+001  1.059376e+002 -9.755462e+001
    endloop
  endfacet
  facet normal -9.027214e-001  3.053360e-001 -3.030907e-001
    outer loop
      vertex -4.463324e+001  1.046513e+002 -9.853816e+001
      vertex -4.452840e+001  1.059376e+002 -9.755462e+001
      vertex -4.435830e+001  1.063620e+002 -9.763364e+001
    endloop
  endfacet
  facet normal -9.027185e-001  3.053388e-001 -3.030967e-001
    outer loop
      vertex -4.463324e+001  1.046513e+002 -9.853816e+001
      vertex -4.435830e+001  1.063620e+002 -9.763364e+001
      vertex -4.363324e+001  1.076610e+002 -9.848447e+001
    endloop
  endfacet
  facet normal -9.027181e-001  3.053387e-001 -3.030977e-001
    outer loop
      vertex -4.463324e+001  1.046513e+002 -9.853816e+001
      vertex -4.363324e+001  1.076610e+002 -9.848447e+001
      vertex -4.005749e+001  1.129858e+002 -1.037701e+002
    endloop
  endfacet
  facet normal -9.027182e-001  3.053393e-001 -3.030967e-001
    outer loop
      vertex -4.463324e+001  1.046513e+002 -9.853816e+001
      vertex -4.005749e+001  1.129858e+002 -1.037701e+002
      vertex -4.005749e+001  1.114401e+002 -1.053272e+002
    endloop
  endfacet
  facet normal -9.238797e-001  2.694313e-001  2.717590e-001
    outer loop
      vertex -4.463324e+001  7.714360e+001 -6.960018e+001
      vertex -4.434035e+001  7.764175e+001 -6.909834e+001
      vertex -4.435830e+001  1.063620e+002 -9.763364e+001
    endloop
  endfacet
  facet normal -8.161882e-001  4.039952e-001  4.130672e-001
    outer loop
      vertex -4.463324e+001  7.714360e+001 -6.960018e+001
      vertex -4.435830e+001  1.063620e+002 -9.763364e+001
      vertex -4.452840e+001  1.059376e+002 -9.755462e+001
    endloop
  endfacet
  facet normal -9.522471e-001  2.144601e-001  2.173295e-001
    outer loop
      vertex -4.463324e+001  7.714360e+001 -6.960018e+001
      vertex -4.452840e+001  1.059376e+002 -9.755462e+001
      vertex -4.462088e+001  1.055963e+002 -9.762302e+001
    endloop
  endfacet
  facet normal -9.969040e-001  5.539275e-002  5.580258e-002
    outer loop
      vertex -4.463324e+001  7.714360e+001 -6.960018e+001
      vertex -4.462088e+001  1.055963e+002 -9.762302e+001
      vertex -4.463324e+001  1.054674e+002 -9.771600e+001
    endloop
  endfacet
  facet normal -3.949629e-001  6.473906e-001  6.518357e-001
    outer loop
      vertex -4.435830e+001  1.063620e+002 -9.763364e+001
      vertex -4.434035e+001  7.764175e+001 -6.909834e+001
      vertex -4.363324e+001  1.076610e+002 -9.848447e+001
    endloop
  endfacet
  facet normal -3.826795e-001  6.508704e-001  6.556860e-001
    outer loop
      vertex -4.363324e+001  1.076610e+002 -9.848447e+001
      vertex -4.434035e+001  7.764175e+001 -6.909834e+001
      vertex -4.363324e+001  7.784810e+001 -6.889048e+001
    endloop
  endfacet
  facet normal  1.000000e+000  0.000000e+000  0.000000e+000
    outer loop
      vertex -4.614441e+000  7.440507e+001 -6.829079e+001
      vertex -4.614441e+000  1.046513e+002 -9.853816e+001
      vertex -4.614441e+000  7.643911e+001 -7.030989e+001
    endloop
  endfacet
  facet normal  1.000000e+000  0.000000e+000  0.000000e+000
    outer loop
      vertex -4.614441e+000  7.643911e+001 -7.030989e+001
      vertex -4.614441e+000  1.046513e+002 -9.853816e+001
      vertex -4.614441e+000  1.054674e+002 -9.771600e+001
    endloop
  endfacet
  facet normal  1.000000e+000  0.000000e+000  0.000000e+000
    outer loop
      vertex -4.614441e+000  7.643911e+001 -7.030989e+001
      vertex -4.614441e+000  1.054674e+002 -9.771600e+001
      vertex -4.614441e+000  7.714360e+001 -6.960018e+001
    endloop
  endfacet
  facet normal  0.000000e+000 -7.097068e-001  7.044972e-001
    outer loop
      vertex -6.614441e+000  7.784810e+001 -6.889048e+001
      vertex -5.200227e+000  7.743542e+001 -6.930621e+001
      vertex -5.614441e+000  7.784810e+001 -6.889048e+001
    endloop
  endfacet
  facet normal -1.078575e-005 -7.097123e-001  7.044917e-001
    outer loop
      vertex -5.614441e+000  7.784810e+001 -6.889048e+001
      vertex -5.200227e+000  7.743542e+001 -6.930621e+001
      vertex -4.907334e+000  7.764175e+001 -6.909834e+001
    endloop
  endfacet
  facet normal -1.221022e-005 -7.097113e-001  7.044927e-001
    outer loop
      vertex -5.200227e+000  7.743542e+001 -6.930621e+001
      vertex -4.614441e+000  7.643911e+001 -7.030989e+001
      vertex -4.907334e+000  7.764175e+001 -6.909834e+001
    endloop
  endfacet
  facet normal -1.221021e-005 -7.097111e-001  7.044927e-001
    outer loop
      vertex -4.907334e+000  7.764175e+001 -6.909834e+001
      vertex -4.614441e+000  7.643911e+001 -7.030989e+001
      vertex -4.614441e+000  7.714360e+001 -6.960018e+001
    endloop
  endfacet
  facet normal  9.027182e-001  3.053393e-001 -3.030967e-001
    outer loop
      vertex -4.614441e+000  1.046513e+002 -9.853816e+001
      vertex -9.190193e+000  1.114401e+002 -1.053272e+002
      vertex -9.190193e+000  1.129858e+002 -1.037701e+002
    endloop
  endfacet
  facet normal  9.027181e-001  3.053387e-001 -3.030977e-001
    outer loop
      vertex -4.614441e+000  1.046513e+002 -9.853816e+001
      vertex -9.190193e+000  1.129858e+002 -1.037701e+002
      vertex -5.614441e+000  1.076610e+002 -9.848447e+001
    endloop
  endfacet
  facet normal  9.027184e-001  3.053387e-001 -3.030967e-001
    outer loop
      vertex -4.614441e+000  1.046513e+002 -9.853816e+001
      vertex -5.614441e+000  1.076610e+002 -9.848447e+001
      vertex -4.889381e+000  1.063620e+002 -9.763364e+001
    endloop
  endfacet
  facet normal  9.027214e-001  3.053361e-001 -3.030907e-001
    outer loop
      vertex -4.614441e+000  1.046513e+002 -9.853816e+001
      vertex -4.889381e+000  1.063620e+002 -9.763364e+001
      vertex -4.719284e+000  1.059376e+002 -9.755462e+001
    endloop
  endfacet
  facet normal  9.027140e-001  3.053454e-001 -3.031037e-001
    outer loop
      vertex -4.614441e+000  1.046513e+002 -9.853816e+001
      vertex -4.719284e+000  1.059376e+002 -9.755462e+001
      vertex -4.626804e+000  1.055963e+002 -9.762302e+001
    endloop
  endfacet
  facet normal  9.027476e-001  3.052964e-001 -3.030526e-001
    outer loop
      vertex -4.614441e+000  1.046513e+002 -9.853816e+001
      vertex -4.626804e+000  1.055963e+002 -9.762302e+001
      vertex -4.614441e+000  1.054674e+002 -9.771600e+001
    endloop
  endfacet
  facet normal  3.949628e-001  6.473906e-001  6.518357e-001
    outer loop
      vertex -5.614441e+000  1.076610e+002 -9.848447e+001
      vertex -4.907334e+000  7.764175e+001 -6.909834e+001
      vertex -4.889381e+000  1.063620e+002 -9.763364e+001
    endloop
  endfacet
  facet normal  3.826809e-001  6.508700e-001  6.556856e-001
    outer loop
      vertex -5.614441e+000  1.076610e+002 -9.848447e+001
      vertex -5.614441e+000  7.784810e+001 -6.889048e+001
      vertex -4.907334e+000  7.764175e+001 -6.909834e+001
    endloop
  endfacet
  facet normal  8.190942e-001  4.040679e-001  4.072025e-001
    outer loop
      vertex -4.907334e+000  7.764175e+001 -6.909834e+001
      vertex -4.719284e+000  1.059376e+002 -9.755462e+001
      vertex -4.889381e+000  1.063620e+002 -9.763364e+001
    endloop
  endfacet
  facet normal  9.238793e-001  2.695994e-001  2.715940e-001
    outer loop
      vertex -4.614441e+000  7.714360e+001 -6.960018e+001
      vertex -4.614441e+000  1.054674e+002 -9.771600e+001
      vertex -4.907334e+000  7.764175e+001 -6.909834e+001
    endloop
  endfacet
  facet normal  9.968098e-001  5.188264e-002  6.064860e-002
    outer loop
      vertex -4.907334e+000  7.764175e+001 -6.909834e+001
      vertex -4.614441e+000  1.054674e+002 -9.771600e+001
      vertex -4.626804e+000  1.055963e+002 -9.762302e+001
    endloop
  endfacet
  facet normal  9.519387e-001  2.140218e-001  2.191059e-001
    outer loop
      vertex -4.907334e+000  7.764175e+001 -6.909834e+001
      vertex -4.626804e+000  1.055963e+002 -9.762302e+001
      vertex -4.719284e+000  1.059376e+002 -9.755462e+001
    endloop
  endfacet
  facet normal -3.227308e-001  5.049174e-001  8.005643e-001
    outer loop
      vertex -3.690718e+001  1.967684e+001 -1.114645e+001
      vertex -4.363324e+001  2.716806e+001 -1.858264e+001
      vertex -3.750351e+001  1.920082e+001 -1.108661e+001
    endloop
  endfacet
  facet normal -3.227295e-001  5.049185e-001  8.005642e-001
    outer loop
      vertex -3.750351e+001  1.920082e+001 -1.108661e+001
      vertex -4.363324e+001  2.716806e+001 -1.858264e+001
      vertex -4.422957e+001  2.669203e+001 -1.852281e+001
    endloop
  endfacet
  facet normal -7.791391e-001 -8.275709e-002  6.213642e-001
    outer loop
      vertex -3.750351e+001  1.920082e+001 -1.108661e+001
      vertex -4.422957e+001  2.669203e+001 -1.852281e+001
      vertex -3.775051e+001  1.859096e+001 -1.147757e+001
    endloop
  endfacet
  facet normal -7.791402e-001 -8.275950e-002  6.213625e-001
    outer loop
      vertex -3.775051e+001  1.859096e+001 -1.147757e+001
      vertex -4.422957e+001  2.669203e+001 -1.852281e+001
      vertex -4.447657e+001  2.608217e+001 -1.891376e+001
    endloop
  endfacet
  facet normal -8.433347e-001 -3.813894e-001  3.785876e-001
    outer loop
      vertex -4.447657e+001  2.608217e+001 -1.891376e+001
      vertex -4.447657e+001  2.555795e+001 -1.944185e+001
      vertex -3.775051e+001  1.859096e+001 -1.147757e+001
    endloop
  endfacet
  facet normal -8.433347e-001 -3.813903e-001  3.785869e-001
    outer loop
      vertex -3.775051e+001  1.859096e+001 -1.147757e+001
      vertex -4.447657e+001  2.555795e+001 -1.944185e+001
      vertex -3.714235e+001  1.741944e+001 -1.130303e+001
    endloop
  endfacet
  facet normal -8.433326e-001 -3.813882e-001  3.785935e-001
    outer loop
      vertex -3.775051e+001  1.859096e+001 -1.147757e+001
      vertex -3.714235e+001  1.741944e+001 -1.130303e+001
      vertex -3.748907e+001  1.823774e+001 -1.125100e+001
    endloop
  endfacet
  facet normal -8.433416e-001 -3.813906e-001  3.785711e-001
    outer loop
      vertex -3.748907e+001  1.823774e+001 -1.125100e+001
      vertex -3.714235e+001  1.741944e+001 -1.130303e+001
      vertex -3.728048e+001  1.783863e+001 -1.118842e+001
    endloop
  endfacet
  facet normal -1.000000e+000  0.000000e+000  -0.000000e+000
    outer loop
      vertex -4.463324e+001  2.593794e+001 -1.982186e+001
      vertex -4.463324e+001  2.646356e+001 -1.929235e+001
      vertex -4.463324e+001  4.318658e+001 -3.707114e+001
    endloop
  endfacet
  facet normal -1.000000e+000  0.000000e+000  0.000000e+000
    outer loop
      vertex -4.463324e+001  4.318658e+001 -3.707114e+001
      vertex -4.463324e+001  2.646356e+001 -1.929235e+001
      vertex -4.463324e+001  4.377586e+001 -3.647750e+001
    endloop
  endfacet
  facet normal  0.000000e+000  7.097083e-001 -7.044956e-001
    outer loop
      vertex -4.462654e+001  4.318658e+001 -3.707114e+001
      vertex -4.463324e+001  4.318658e+001 -3.707114e+001
      vertex -4.463324e+001  4.377586e+001 -3.647750e+001
    endloop
  endfacet
  facet normal -2.267442e-006  7.097083e-001 -7.044956e-001
    outer loop
      vertex -4.462654e+001  4.318658e+001 -3.707114e+001
      vertex -4.463324e+001  4.377586e+001 -3.647750e+001
      vertex -4.434035e+001  4.427402e+001 -3.597567e+001
    endloop
  endfacet
  facet normal -1.780758e-006  7.097083e-001 -7.044957e-001
    outer loop
      vertex -4.462654e+001  4.318658e+001 -3.707114e+001
      vertex -4.434035e+001  4.427402e+001 -3.597567e+001
      vertex -4.398840e+001  4.410761e+001 -3.614331e+001
    endloop
  endfacet
  facet normal  0.000000e+000  7.097068e-001 -7.044971e-001
    outer loop
      vertex -4.363324e+001  4.448036e+001 -3.576780e+001
      vertex -4.263324e+001  4.448036e+001 -3.576780e+001
      vertex -4.434035e+001  4.427402e+001 -3.597567e+001
    endloop
  endfacet
  facet normal -6.401118e-007  7.097095e-001 -7.044945e-001
    outer loop
      vertex -4.434035e+001  4.427402e+001 -3.597567e+001
      vertex -4.263324e+001  4.448036e+001 -3.576780e+001
      vertex -4.398840e+001  4.410761e+001 -3.614331e+001
    endloop
  endfacet
  facet normal  0.000000e+000  7.071200e-001  7.070935e-001
    outer loop
      vertex -4.621139e+000  4.318658e+001 -3.707114e+001
      vertex -4.614441e+000  4.318658e+001 -3.707114e+001
      vertex -4.614441e+000  7.440507e+001 -6.829079e+001
    endloop
  endfacet
  facet normal  0.000000e+000  7.071201e-001  7.070936e-001
    outer loop
      vertex -4.462654e+001  4.318658e+001 -3.707114e+001
      vertex -4.463324e+001  7.440507e+001 -6.829079e+001
      vertex -4.463324e+001  4.318658e+001 -3.707114e+001
    endloop
  endfacet
  facet normal  0.000000e+000  7.071200e-001  7.070935e-001
    outer loop
      vertex -4.000000e+001  9.243369e+000 -3.126660e+000
      vertex -1.000000e+001  9.243369e+000 -3.126660e+000
      vertex -3.656541e+001  1.710622e+001 -1.098981e+001
    endloop
  endfacet
  facet normal  1.231602e-006  7.071198e-001  7.070938e-001
    outer loop
      vertex -4.000000e+001  9.243369e+000 -3.126660e+000
      vertex -3.656541e+001  1.710622e+001 -1.098981e+001
      vertex -3.714235e+001  1.741944e+001 -1.130303e+001
    endloop
  endfacet
  facet normal  0.000000e+000  7.071200e-001  7.070936e-001
    outer loop
      vertex -4.000000e+001  9.243369e+000 -3.126660e+000
      vertex -3.714235e+001  1.741944e+001 -1.130303e+001
      vertex -4.447657e+001  2.555795e+001 -1.944185e+001
    endloop
  endfacet
  facet normal -1.459261e-005  7.071180e-001  7.070956e-001
    outer loop
      vertex -4.000000e+001  9.243369e+000 -3.126660e+000
      vertex -4.447657e+001  2.555795e+001 -1.944185e+001
      vertex -4.463324e+001  2.593794e+001 -1.982186e+001
    endloop
  endfacet
  facet normal -1.489628e-006  7.071200e-001  7.070935e-001
    outer loop
      vertex -4.000000e+001  9.243369e+000 -3.126660e+000
      vertex -4.463324e+001  2.593794e+001 -1.982186e+001
      vertex -4.000000e+001  6.116826e+000  0.000000e+000
    endloop
  endfacet
  facet normal  2.251654e-005  7.071166e-001  7.070971e-001
    outer loop
      vertex -1.000000e+001  9.243369e+000 -3.126660e+000
      vertex -4.614441e+000  2.593794e+001 -1.982186e+001
      vertex -4.771106e+000  2.555795e+001 -1.944185e+001
    endloop
  endfacet
  facet normal  0.000000e+000  7.071200e-001  7.070935e-001
    outer loop
      vertex -1.000000e+001  9.243369e+000 -3.126660e+000
      vertex -4.771106e+000  2.555795e+001 -1.944185e+001
      vertex -1.210533e+001  1.741944e+001 -1.130303e+001
    endloop
  endfacet
  facet normal  4.363856e-007  7.071201e-001  7.070935e-001
    outer loop
      vertex -1.000000e+001  9.243369e+000 -3.126660e+000
      vertex -1.210533e+001  1.741944e+001 -1.130303e+001
      vertex -1.232033e+001  1.724516e+001 -1.112875e+001
    endloop
  endfacet
  facet normal -5.875866e-007  7.071199e-001  7.070937e-001
    outer loop
      vertex -1.000000e+001  9.243369e+000 -3.126660e+000
      vertex -1.232033e+001  1.724516e+001 -1.112875e+001
      vertex -1.297049e+001  1.707611e+001 -1.095970e+001
    endloop
  endfacet
  facet normal  0.000000e+000  7.071200e-001  7.070936e-001
    outer loop
      vertex -1.000000e+001  9.243369e+000 -3.126660e+000
      vertex -1.297049e+001  1.707611e+001 -1.095970e+001
      vertex -2.462384e+001  1.707611e+001 -1.095970e+001
    endloop
  endfacet
  facet normal  0.000000e+000  7.071200e-001  7.070935e-001
    outer loop
      vertex -1.000000e+001  9.243369e+000 -3.126660e+000
      vertex -2.462384e+001  1.707611e+001 -1.095970e+001
      vertex -3.627719e+001  1.707611e+001 -1.095970e+001
    endloop
  endfacet
  facet normal -2.953199e-006  7.071150e-001  7.070985e-001
    outer loop
      vertex -1.000000e+001  9.243369e+000 -3.126660e+000
      vertex -3.627719e+001  1.707611e+001 -1.095970e+001
      vertex -3.656541e+001  1.710622e+001 -1.098981e+001
    endloop
  endfacet
  facet normal  2.682219e-007  7.071200e-001  7.070935e-001
    outer loop
      vertex  0.000000e+000  6.116826e+000  0.000000e+000
      vertex  0.000000e+000  1.107248e+002 -1.046119e+002
      vertex -4.614441e+000  1.046513e+002 -9.853816e+001
    endloop
  endfacet
  facet normal  0.000000e+000  7.071200e-001  7.070937e-001
    outer loop
      vertex  0.000000e+000  6.116826e+000  0.000000e+000
      vertex -4.614441e+000  1.046513e+002 -9.853816e+001
      vertex -4.614441e+000  7.440507e+001 -6.829079e+001
    endloop
  endfacet
  facet normal -1.198357e-006  7.071201e-001  7.070936e-001
    outer loop
      vertex  0.000000e+000  6.116826e+000  0.000000e+000
      vertex -4.614441e+000  7.440507e+001 -6.829079e+001
      vertex -4.614441e+000  4.318658e+001 -3.707114e+001
    endloop
  endfacet
  facet normal  5.422292e-007  7.071200e-001  7.070936e-001
    outer loop
      vertex  0.000000e+000  6.116826e+000  0.000000e+000
      vertex -4.614441e+000  4.318658e+001 -3.707114e+001
      vertex -4.614441e+000  2.593794e+001 -1.982186e+001
    endloop
  endfacet
  facet normal  1.174139e-007  7.071200e-001  7.070936e-001
    outer loop
      vertex  0.000000e+000  6.116826e+000  0.000000e+000
      vertex -4.614441e+000  2.593794e+001 -1.982186e+001
      vertex -1.000000e+001  9.243369e+000 -3.126660e+000
    endloop
  endfacet
  facet normal  0.000000e+000  7.071199e-001  7.070935e-001
    outer loop
      vertex  0.000000e+000  6.116826e+000  0.000000e+000
      vertex -1.000000e+001  9.243369e+000 -3.126660e+000
      vertex -1.000000e+001  6.116826e+000  0.000000e+000
    endloop
  endfacet
  facet normal  0.000000e+000  7.071200e-001  7.070936e-001
    outer loop
      vertex -5.000000e+001  6.116826e+000  0.000000e+000
      vertex -4.000000e+001  6.116826e+000  0.000000e+000
      vertex -4.463324e+001  2.593794e+001 -1.982186e+001
    endloop
  endfacet
  facet normal -2.331094e-007  7.071201e-001  7.070936e-001
    outer loop
      vertex -5.000000e+001  6.116826e+000  0.000000e+000
      vertex -4.463324e+001  2.593794e+001 -1.982186e+001
      vertex -4.463324e+001  4.318658e+001 -3.707114e+001
    endloop
  endfacet
  facet normal  0.000000e+000  7.071201e-001  7.070936e-001
    outer loop
      vertex -5.000000e+001  6.116826e+000  0.000000e+000
      vertex -4.463324e+001  4.318658e+001 -3.707114e+001
      vertex -4.463324e+001  7.440507e+001 -6.829079e+001
    endloop
  endfacet
  facet normal  0.000000e+000  7.071200e-001  7.070937e-001
    outer loop
      vertex -5.000000e+001  6.116826e+000  0.000000e+000
      vertex -4.463324e+001  7.440507e+001 -6.829079e+001
      vertex -4.463324e+001  1.046513e+002 -9.853816e+001
    endloop
  endfacet
  facet normal -2.306222e-007  7.071200e-001  7.070935e-001
    outer loop
      vertex -5.000000e+001  6.116826e+000  0.000000e+000
      vertex -4.463324e+001  1.046513e+002 -9.853816e+001
      vertex -5.000000e+001  1.107248e+002 -1.046119e+002
    endloop
  endfacet
  facet normal  2.965760e-007  7.071200e-001  7.070936e-001
    outer loop
      vertex -4.614441e+000  1.046513e+002 -9.853816e+001
      vertex  0.000000e+000  1.107248e+002 -1.046119e+002
      vertex -9.190193e+000  1.114401e+002 -1.053272e+002
    endloop
  endfacet
  facet normal  2.978955e-007  7.071200e-001  7.070935e-001
    outer loop
      vertex -9.190193e+000  1.114401e+002 -1.053272e+002
      vertex  0.000000e+000  1.107248e+002 -1.046119e+002
      vertex -1.022450e+001  1.253141e+002 -1.192018e+002
    endloop
  endfacet
  facet normal  2.207799e-007  7.071199e-001  7.070935e-001
    outer loop
      vertex -9.190193e+000  1.114401e+002 -1.053272e+002
      vertex -1.022450e+001  1.253141e+002 -1.192018e+002
      vertex -1.513079e+001  1.202538e+002 -1.141413e+002
    endloop
  endfacet
  facet normal -3.048516e-007  7.071202e-001  7.070934e-001
    outer loop
      vertex -1.513079e+001  1.202538e+002 -1.141413e+002
      vertex -1.022450e+001  1.253141e+002 -1.192018e+002
      vertex -1.022450e+001  1.307244e+002 -1.246122e+002
    endloop
  endfacet
  facet normal  0.000000e+000  7.071201e-001  7.070934e-001
    outer loop
      vertex -1.513079e+001  1.202538e+002 -1.141413e+002
      vertex -1.022450e+001  1.307244e+002 -1.246122e+002
      vertex -3.411689e+001  1.202538e+002 -1.141413e+002
    endloop
  endfacet
  facet normal  0.000000e+000  7.071202e-001  7.070934e-001
    outer loop
      vertex -3.411689e+001  1.202538e+002 -1.141413e+002
      vertex -1.022450e+001  1.307244e+002 -1.246122e+002
      vertex -3.977550e+001  1.307244e+002 -1.246122e+002
    endloop
  endfacet
  facet normal  2.643212e-007  7.071202e-001  7.070934e-001
    outer loop
      vertex -3.411689e+001  1.202538e+002 -1.141413e+002
      vertex -3.977550e+001  1.307244e+002 -1.246122e+002
      vertex -3.977550e+001  1.253141e+002 -1.192018e+002
    endloop
  endfacet
  facet normal -2.729914e-007  7.071200e-001  7.070935e-001
    outer loop
      vertex -4.463324e+001  1.046513e+002 -9.853816e+001
      vertex -4.005749e+001  1.114401e+002 -1.053272e+002
      vertex -5.000000e+001  1.107248e+002 -1.046119e+002
    endloop
  endfacet
  facet normal -2.790145e-007  7.071201e-001  7.070935e-001
    outer loop
      vertex -5.000000e+001  1.107248e+002 -1.046119e+002
      vertex -4.005749e+001  1.114401e+002 -1.053272e+002
      vertex -3.411689e+001  1.202538e+002 -1.141413e+002
    endloop
  endfacet
  facet normal -2.209379e-007  7.071199e-001  7.070935e-001
    outer loop
      vertex -5.000000e+001  1.107248e+002 -1.046119e+002
      vertex -3.411689e+001  1.202538e+002 -1.141413e+002
      vertex -3.977550e+001  1.253141e+002 -1.192018e+002
    endloop
  endfacet
  facet normal -3.826834e-001  6.508694e-001  6.556848e-001
    outer loop
      vertex -4.363324e+001  2.716806e+001 -1.858264e+001
      vertex -4.363324e+001  4.448036e+001 -3.576780e+001
      vertex -4.434035e+001  2.696171e+001 -1.879051e+001
    endloop
  endfacet
  facet normal -3.826807e-001  6.508701e-001  6.556856e-001
    outer loop
      vertex -4.434035e+001  2.696171e+001 -1.879051e+001
      vertex -4.363324e+001  4.448036e+001 -3.576780e+001
      vertex -4.434035e+001  4.427402e+001 -3.597567e+001
    endloop
  endfacet
  facet normal -9.238800e-001  2.695980e-001  2.715926e-001
    outer loop
      vertex -4.434035e+001  2.696171e+001 -1.879051e+001
      vertex -4.434035e+001  4.427402e+001 -3.597567e+001
      vertex -4.463324e+001  2.646356e+001 -1.929235e+001
    endloop
  endfacet
  facet normal -9.238796e-001  2.695988e-001  2.715934e-001
    outer loop
      vertex -4.463324e+001  2.646356e+001 -1.929235e+001
      vertex -4.434035e+001  4.427402e+001 -3.597567e+001
      vertex -4.463324e+001  4.377586e+001 -3.647750e+001
    endloop
  endfacet
  facet normal -9.600350e-001 -1.986327e-001  1.971745e-001
    outer loop
      vertex -4.463324e+001  2.646356e+001 -1.929235e+001
      vertex -4.463324e+001  2.593794e+001 -1.982186e+001
      vertex -4.447657e+001  2.608217e+001 -1.891376e+001
    endloop
  endfacet
  facet normal -9.600348e-001 -1.986338e-001  1.971746e-001
    outer loop
      vertex -4.447657e+001  2.608217e+001 -1.891376e+001
      vertex -4.463324e+001  2.593794e+001 -1.982186e+001
      vertex -4.447657e+001  2.555795e+001 -1.944185e+001
    endloop
  endfacet
  facet normal -8.920891e-001  7.574664e-002  4.454656e-001
    outer loop
      vertex -4.463324e+001  2.646356e+001 -1.929235e+001
      vertex -4.422957e+001  2.669203e+001 -1.852281e+001
      vertex -4.434035e+001  2.696171e+001 -1.879051e+001
    endloop
  endfacet
  facet normal -8.920891e-001  7.574624e-002  4.454657e-001
    outer loop
      vertex -4.463324e+001  2.646356e+001 -1.929235e+001
      vertex -4.447657e+001  2.608217e+001 -1.891376e+001
      vertex -4.422957e+001  2.669203e+001 -1.852281e+001
    endloop
  endfacet
  facet normal -3.803239e-001  5.681676e-001  7.297528e-001
    outer loop
      vertex -4.363324e+001  2.716806e+001 -1.858264e+001
      vertex -4.434035e+001  2.696171e+001 -1.879051e+001
      vertex -4.422957e+001  2.669203e+001 -1.852281e+001
    endloop
  endfacet
  facet normal  3.227301e-001  5.049180e-001  8.005643e-001
    outer loop
      vertex -5.614441e+000  2.716806e+001 -1.858264e+001
      vertex -1.234050e+001  1.967684e+001 -1.114645e+001
      vertex -5.018113e+000  2.669203e+001 -1.852281e+001
    endloop
  endfacet
  facet normal  2.225520e-001  5.865392e-001  7.787442e-001
    outer loop
      vertex -5.018113e+000  2.669203e+001 -1.852281e+001
      vertex -1.234050e+001  1.967684e+001 -1.114645e+001
      vertex -1.191883e+001  1.939176e+001 -1.105223e+001
    endloop
  endfacet
  facet normal  5.948629e-001  2.268402e-001  7.711560e-001
    outer loop
      vertex -5.018113e+000  2.669203e+001 -1.852281e+001
      vertex -1.191883e+001  1.939176e+001 -1.105223e+001
      vertex -1.161015e+001  1.899430e+001 -1.117343e+001
    endloop
  endfacet
  facet normal  8.188620e-001 -1.812736e-001  5.446144e-001
    outer loop
      vertex -1.161015e+001  1.899430e+001 -1.117343e+001
      vertex -1.149717e+001  1.859096e+001 -1.147756e+001
      vertex -5.018113e+000  2.669203e+001 -1.852281e+001
    endloop
  endfacet
  facet normal  7.791396e-001 -8.275837e-002  6.213635e-001
    outer loop
      vertex -5.018113e+000  2.669203e+001 -1.852281e+001
      vertex -1.149717e+001  1.859096e+001 -1.147756e+001
      vertex -4.771106e+000  2.608217e+001 -1.891376e+001
    endloop
  endfacet
  facet normal  8.433347e-001 -3.813895e-001  3.785877e-001
    outer loop
      vertex -1.210533e+001  1.741944e+001 -1.130303e+001
      vertex -4.771106e+000  2.555795e+001 -1.944185e+001
      vertex -4.771106e+000  2.608217e+001 -1.891376e+001
    endloop
  endfacet
  facet normal  8.433348e-001 -3.813898e-001  3.785873e-001
    outer loop
      vertex -1.210533e+001  1.741944e+001 -1.130303e+001
      vertex -4.771106e+000  2.608217e+001 -1.891376e+001
      vertex -1.149717e+001  1.859096e+001 -1.147756e+001
    endloop
  endfacet
  facet normal  8.433341e-001 -3.813891e-001  3.785896e-001
    outer loop
      vertex -1.210533e+001  1.741944e+001 -1.130303e+001
      vertex -1.149717e+001  1.859096e+001 -1.147756e+001
      vertex -1.177631e+001  1.820887e+001 -1.124067e+001
    endloop
  endfacet
  facet normal  8.433356e-001 -3.813894e-001  3.785858e-001
    outer loop
      vertex -1.210533e+001  1.741944e+001 -1.130303e+001
      vertex -1.177631e+001  1.820887e+001 -1.124067e+001
      vertex -1.196822e+001  1.783626e+001 -1.118853e+001
    endloop
  endfacet
  facet normal  1.000000e+000  0.000000e+000  0.000000e+000
    outer loop
      vertex -4.614441e+000  2.593794e+001 -1.982186e+001
      vertex -4.614441e+000  4.318658e+001 -3.707114e+001
      vertex -4.614441e+000  2.646356e+001 -1.929235e+001
    endloop
  endfacet
  facet normal  1.000000e+000  0.000000e+000  0.000000e+000
    outer loop
      vertex -4.614441e+000  2.646356e+001 -1.929235e+001
      vertex -4.614441e+000  4.318658e+001 -3.707114e+001
      vertex -4.614441e+000  4.377586e+001 -3.647750e+001
    endloop
  endfacet
  facet normal  0.000000e+000  7.097083e-001 -7.044955e-001
    outer loop
      vertex -4.614441e+000  4.318658e+001 -3.707114e+001
      vertex -4.621139e+000  4.318658e+001 -3.707114e+001
      vertex -4.614441e+000  4.377586e+001 -3.647750e+001
    endloop
  endfacet
  facet normal  1.950071e-006  7.097083e-001 -7.044956e-001
    outer loop
      vertex -4.614441e+000  4.377586e+001 -3.647750e+001
      vertex -4.621139e+000  4.318658e+001 -3.707114e+001
      vertex -5.259283e+000  4.410761e+001 -3.614331e+001
    endloop
  endfacet
  facet normal  1.827218e-006  7.097082e-001 -7.044957e-001
    outer loop
      vertex -4.614441e+000  4.377586e+001 -3.647750e+001
      vertex -5.259283e+000  4.410761e+001 -3.614331e+001
      vertex -4.907334e+000  4.427402e+001 -3.597567e+001
    endloop
  endfacet
  facet normal  6.401118e-007  7.097095e-001 -7.044945e-001
    outer loop
      vertex -4.907334e+000  4.427402e+001 -3.597567e+001
      vertex -5.259283e+000  4.410761e+001 -3.614331e+001
      vertex -6.614441e+000  4.448036e+001 -3.576780e+001
    endloop
  endfacet
  facet normal  0.000000e+000  7.097068e-001 -7.044971e-001
    outer loop
      vertex -4.907334e+000  4.427402e+001 -3.597567e+001
      vertex -6.614441e+000  4.448036e+001 -3.576780e+001
      vertex -5.614441e+000  4.448036e+001 -3.576780e+001
    endloop
  endfacet
  facet normal  9.238794e-001  2.695991e-001  2.715938e-001
    outer loop
      vertex -4.614441e+000  2.646356e+001 -1.929235e+001
      vertex -4.614441e+000  4.377586e+001 -3.647750e+001
      vertex -4.907334e+000  2.696171e+001 -1.879051e+001
    endloop
  endfacet
  facet normal  9.238791e-001  2.695996e-001  2.715942e-001
    outer loop
      vertex -4.907334e+000  2.696171e+001 -1.879051e+001
      vertex -4.614441e+000  4.377586e+001 -3.647750e+001
      vertex -4.907334e+000  4.427402e+001 -3.597567e+001
    endloop
  endfacet
  facet normal  3.826839e-001  6.508691e-001  6.556846e-001
    outer loop
      vertex -4.907334e+000  2.696171e+001 -1.879051e+001
      vertex -4.907334e+000  4.427402e+001 -3.597567e+001
      vertex -5.614441e+000  2.716806e+001 -1.858264e+001
    endloop
  endfacet
  facet normal  3.826811e-001  6.508701e-001  6.556854e-001
    outer loop
      vertex -5.614441e+000  2.716806e+001 -1.858264e+001
      vertex -4.907334e+000  4.427402e+001 -3.597567e+001
      vertex -5.614441e+000  4.448036e+001 -3.576780e+001
    endloop
  endfacet
  facet normal  9.600349e-001 -1.986328e-001  1.971746e-001
    outer loop
      vertex -4.614441e+000  2.593794e+001 -1.982186e+001
      vertex -4.614441e+000  2.646356e+001 -1.929235e+001
      vertex -4.771106e+000  2.555795e+001 -1.944185e+001
    endloop
  endfacet
  facet normal  9.600353e-001 -1.986326e-001  1.971734e-001
    outer loop
      vertex -4.771106e+000  2.555795e+001 -1.944185e+001
      vertex -4.614441e+000  2.646356e+001 -1.929235e+001
      vertex -4.771106e+000  2.608217e+001 -1.891376e+001
    endloop
  endfacet
  facet normal  8.920887e-001  7.574794e-002  4.454660e-001
    outer loop
      vertex -4.614441e+000  2.646356e+001 -1.929235e+001
      vertex -5.018113e+000  2.669203e+001 -1.852281e+001
      vertex -4.771106e+000  2.608217e+001 -1.891376e+001
    endloop
  endfacet
  facet normal  8.920887e-001  7.574745e-002  4.454662e-001
    outer loop
      vertex -4.614441e+000  2.646356e+001 -1.929235e+001
      vertex -4.907334e+000  2.696171e+001 -1.879051e+001
      vertex -5.018113e+000  2.669203e+001 -1.852281e+001
    endloop
  endfacet
  facet normal  3.803244e-001  5.681673e-001  7.297528e-001
    outer loop
      vertex -5.614441e+000  2.716806e+001 -1.858264e+001
      vertex -5.018113e+000  2.669203e+001 -1.852281e+001
      vertex -4.907334e+000  2.696171e+001 -1.879051e+001
    endloop
  endfacet
  facet normal  0.000000e+000 -2.795568e-001  9.601292e-001
    outer loop
      vertex -2.462384e+001  1.707611e+001 -1.095970e+001
      vertex -1.297049e+001  1.707611e+001 -1.095970e+001
      vertex -2.462384e+001  1.841109e+001 -1.057100e+001
    endloop
  endfacet
  facet normal -7.151503e-003 -3.365953e-001  9.416222e-001
    outer loop
      vertex -2.462384e+001  1.841109e+001 -1.057100e+001
      vertex -1.297049e+001  1.707611e+001 -1.095970e+001
      vertex -1.281156e+001  1.816744e+001 -1.056838e+001
    endloop
  endfacet
  facet normal  2.625517e-003  1.379079e-001  9.904416e-001
    outer loop
      vertex -2.462384e+001  1.841109e+001 -1.057100e+001
      vertex -1.281156e+001  1.816744e+001 -1.056838e+001
      vertex -1.261964e+001  1.891266e+001 -1.067266e+001
    endloop
  endfacet
  facet normal  -0.000000e+000  5.269355e-001  8.499053e-001
    outer loop
      vertex -1.234050e+001  1.967684e+001 -1.114645e+001
      vertex -2.462384e+001  1.967684e+001 -1.114645e+001
      vertex -1.261964e+001  1.891266e+001 -1.067266e+001
    endloop
  endfacet
  facet normal -9.582667e-003  4.138475e-001  9.102957e-001
    outer loop
      vertex -1.261964e+001  1.891266e+001 -1.067266e+001
      vertex -2.462384e+001  1.967684e+001 -1.114645e+001
      vertex -2.462384e+001  1.841109e+001 -1.057100e+001
    endloop
  endfacet
  facet normal  7.865431e-001 -2.159206e-001  5.785571e-001
    outer loop
      vertex -1.149717e+001  1.859096e+001 -1.147756e+001
      vertex -1.161015e+001  1.899430e+001 -1.117343e+001
      vertex -1.177631e+001  1.820887e+001 -1.124067e+001
    endloop
  endfacet
  facet normal -6.370160e-002  2.269431e-001  9.718225e-001
    outer loop
      vertex -1.230708e+001  1.795946e+001 -1.074321e+001
      vertex -1.191883e+001  1.939176e+001 -1.105223e+001
      vertex -1.234050e+001  1.967684e+001 -1.114645e+001
    endloop
  endfacet
  facet normal  6.963653e-001  1.768687e-001  6.955521e-001
    outer loop
      vertex -1.230708e+001  1.795946e+001 -1.074321e+001
      vertex -1.234050e+001  1.967684e+001 -1.114645e+001
      vertex -1.261964e+001  1.891266e+001 -1.067266e+001
    endloop
  endfacet
  facet normal  3.429087e-001  4.299223e-002  9.383844e-001
    outer loop
      vertex -1.230708e+001  1.795946e+001 -1.074321e+001
      vertex -1.261964e+001  1.891266e+001 -1.067266e+001
      vertex -1.281156e+001  1.816744e+001 -1.056838e+001
    endloop
  endfacet
  facet normal  1.722779e-001 -3.546163e-001  9.190036e-001
    outer loop
      vertex -1.230708e+001  1.795946e+001 -1.074321e+001
      vertex -1.281156e+001  1.816744e+001 -1.056838e+001
      vertex -1.297049e+001  1.707611e+001 -1.095970e+001
    endloop
  endfacet
  facet normal  3.327812e-001 -4.526717e-001  8.272516e-001
    outer loop
      vertex -1.230708e+001  1.795946e+001 -1.074321e+001
      vertex -1.297049e+001  1.707611e+001 -1.095970e+001
      vertex -1.232033e+001  1.724516e+001 -1.112875e+001
    endloop
  endfacet
  facet normal  7.411911e-001 -3.294396e-001  5.848978e-001
    outer loop
      vertex -1.230708e+001  1.795946e+001 -1.074321e+001
      vertex -1.232033e+001  1.724516e+001 -1.112875e+001
      vertex -1.210533e+001  1.741944e+001 -1.130303e+001
    endloop
  endfacet
  facet normal  6.758958e-001 -3.934960e-001  6.231579e-001
    outer loop
      vertex -1.230708e+001  1.795946e+001 -1.074321e+001
      vertex -1.210533e+001  1.741944e+001 -1.130303e+001
      vertex -1.196822e+001  1.783626e+001 -1.118853e+001
    endloop
  endfacet
  facet normal  7.233543e-001 -2.845372e-001  6.291240e-001
    outer loop
      vertex -1.230708e+001  1.795946e+001 -1.074321e+001
      vertex -1.196822e+001  1.783626e+001 -1.118853e+001
      vertex -1.177631e+001  1.820887e+001 -1.124067e+001
    endloop
  endfacet
  facet normal  7.192178e-001 -2.088766e-001  6.626433e-001
    outer loop
      vertex -1.230708e+001  1.795946e+001 -1.074321e+001
      vertex -1.177631e+001  1.820887e+001 -1.124067e+001
      vertex -1.161015e+001  1.899430e+001 -1.117343e+001
    endloop
  endfacet
  facet normal  4.438842e-001  7.238331e-002  8.931559e-001
    outer loop
      vertex -1.230708e+001  1.795946e+001 -1.074321e+001
      vertex -1.161015e+001  1.899430e+001 -1.117343e+001
      vertex -1.191883e+001  1.939176e+001 -1.105223e+001
    endloop
  endfacet
  facet normal  -0.000000e+000  4.138665e-001  9.103376e-001
    outer loop
      vertex -2.462384e+001  1.967684e+001 -1.114645e+001
      vertex -3.690718e+001  1.967684e+001 -1.114645e+001
      vertex -2.462384e+001  1.841109e+001 -1.057100e+001
    endloop
  endfacet
  facet normal  1.678546e-002  5.442237e-001  8.387723e-001
    outer loop
      vertex -2.462384e+001  1.841109e+001 -1.057100e+001
      vertex -3.690718e+001  1.967684e+001 -1.114645e+001
      vertex -3.664573e+001  1.897041e+001 -1.069332e+001
    endloop
  endfacet
  facet normal -2.879991e-003  1.541810e-001  9.880385e-001
    outer loop
      vertex -2.462384e+001  1.841109e+001 -1.057100e+001
      vertex -3.664573e+001  1.897041e+001 -1.069332e+001
      vertex -3.643715e+001  1.817219e+001 -1.056815e+001
    endloop
  endfacet
  facet normal  7.011820e-003 -3.354909e-001  9.420173e-001
    outer loop
      vertex -3.643715e+001  1.817219e+001 -1.056815e+001
      vertex -3.627719e+001  1.707611e+001 -1.095970e+001
      vertex -2.462384e+001  1.841109e+001 -1.057100e+001
    endloop
  endfacet
  facet normal  0.000000e+000 -2.795568e-001  9.601291e-001
    outer loop
      vertex -2.462384e+001  1.841109e+001 -1.057100e+001
      vertex -3.627719e+001  1.707611e+001 -1.095970e+001
      vertex -2.462384e+001  1.707611e+001 -1.095970e+001
    endloop
  endfacet
  facet normal -3.471454e-001  5.608002e-002  9.361329e-001
    outer loop
      vertex -3.694178e+001  1.796318e+001 -1.074277e+001
      vertex -3.643715e+001  1.817219e+001 -1.056815e+001
      vertex -3.664573e+001  1.897041e+001 -1.069332e+001
    endloop
  endfacet
  facet normal -7.401473e-001 -1.239133e-001  6.609293e-001
    outer loop
      vertex -3.748907e+001  1.823774e+001 -1.125100e+001
      vertex -3.750351e+001  1.920082e+001 -1.108661e+001
      vertex -3.775051e+001  1.859096e+001 -1.147757e+001
    endloop
  endfacet
  facet normal -2.709852e-001  4.466459e-001  8.526866e-001
    outer loop
      vertex -3.690718e+001  1.967684e+001 -1.114645e+001
      vertex -3.750351e+001  1.920082e+001 -1.108661e+001
      vertex -3.664573e+001  1.897041e+001 -1.069332e+001
    endloop
  endfacet
  facet normal -3.995118e-001  7.256564e-002  9.138516e-001
    outer loop
      vertex -3.664573e+001  1.897041e+001 -1.069332e+001
      vertex -3.750351e+001  1.920082e+001 -1.108661e+001
      vertex -3.694178e+001  1.796318e+001 -1.074277e+001
    endloop
  endfacet
  facet normal -7.087774e-001 -1.290087e-001  6.935354e-001
    outer loop
      vertex -3.750351e+001  1.920082e+001 -1.108661e+001
      vertex -3.748907e+001  1.823774e+001 -1.125100e+001
      vertex -3.694178e+001  1.796318e+001 -1.074277e+001
    endloop
  endfacet
  facet normal -7.249323e-001 -2.801965e-001  6.292560e-001
    outer loop
      vertex -3.694178e+001  1.796318e+001 -1.074277e+001
      vertex -3.748907e+001  1.823774e+001 -1.125100e+001
      vertex -3.728048e+001  1.783863e+001 -1.118842e+001
    endloop
  endfacet
  facet normal -1.717429e-001 -3.535406e-001  9.195181e-001
    outer loop
      vertex -3.643715e+001  1.817219e+001 -1.056815e+001
      vertex -3.694178e+001  1.796318e+001 -1.074277e+001
      vertex -3.627719e+001  1.707611e+001 -1.095970e+001
    endloop
  endfacet
  facet normal -1.319662e-001 -3.276566e-001  9.355352e-001
    outer loop
      vertex -3.627719e+001  1.707611e+001 -1.095970e+001
      vertex -3.694178e+001  1.796318e+001 -1.074277e+001
      vertex -3.656541e+001  1.710622e+001 -1.098981e+001
    endloop
  endfacet
  facet normal -6.409191e-001 -4.588826e-001  6.153448e-001
    outer loop
      vertex -3.694178e+001  1.796318e+001 -1.074277e+001
      vertex -3.728048e+001  1.783863e+001 -1.118842e+001
      vertex -3.656541e+001  1.710622e+001 -1.098981e+001
    endloop
  endfacet
  facet normal -5.935209e-001 -3.883090e-001  7.049461e-001
    outer loop
      vertex -3.656541e+001  1.710622e+001 -1.098981e+001
      vertex -3.728048e+001  1.783863e+001 -1.118842e+001
      vertex -3.714235e+001  1.741944e+001 -1.130303e+001
    endloop
  endfacet
  facet normal -9.027184e-001  3.053392e-001 -3.030966e-001
    outer loop
      vertex -4.005749e+001  1.114401e+002 -1.053272e+002
      vertex -4.005749e+001  1.129858e+002 -1.037701e+002
      vertex -3.507008e+001  1.204126e+002 -1.111424e+002
    endloop
  endfacet
  facet normal -9.027182e-001  3.053385e-001 -3.030975e-001
    outer loop
      vertex -4.005749e+001  1.114401e+002 -1.053272e+002
      vertex -3.507008e+001  1.204126e+002 -1.111424e+002
      vertex -3.445222e+001  1.209966e+002 -1.123942e+002
    endloop
  endfacet
  facet normal -9.027183e-001  3.053391e-001 -3.030968e-001
    outer loop
      vertex -4.005749e+001  1.114401e+002 -1.053272e+002
      vertex -3.445222e+001  1.209966e+002 -1.123942e+002
      vertex -3.421545e+001  1.209002e+002 -1.131965e+002
    endloop
  endfacet
  facet normal -9.027182e-001  3.053381e-001 -3.030980e-001
    outer loop
      vertex -4.005749e+001  1.114401e+002 -1.053272e+002
      vertex -3.421545e+001  1.209002e+002 -1.131965e+002
      vertex -3.411689e+001  1.204230e+002 -1.139708e+002
    endloop
  endfacet
  facet normal -9.027183e-001  3.053387e-001 -3.030974e-001
    outer loop
      vertex -4.005749e+001  1.114401e+002 -1.053272e+002
      vertex -3.411689e+001  1.204230e+002 -1.139708e+002
      vertex -3.411689e+001  1.202538e+002 -1.141413e+002
    endloop
  endfacet
  facet normal  0.000000e+000  7.097066e-001 -7.044973e-001
    outer loop
      vertex -3.411689e+001  1.202538e+002 -1.141413e+002
      vertex -3.411689e+001  1.204230e+002 -1.139708e+002
      vertex -1.513079e+001  1.202538e+002 -1.141413e+002
    endloop
  endfacet
  facet normal  0.000000e+000  7.097066e-001 -7.044973e-001
    outer loop
      vertex -1.513079e+001  1.202538e+002 -1.141413e+002
      vertex -3.411689e+001  1.204230e+002 -1.139708e+002
      vertex -1.513079e+001  1.204230e+002 -1.139708e+002
    endloop
  endfacet
  facet normal  9.027182e-001  3.053387e-001 -3.030974e-001
    outer loop
      vertex -9.190193e+000  1.114401e+002 -1.053272e+002
      vertex -1.513079e+001  1.202538e+002 -1.141413e+002
      vertex -1.513079e+001  1.204230e+002 -1.139708e+002
    endloop
  endfacet
  facet normal  9.027182e-001  3.053374e-001 -3.030986e-001
    outer loop
      vertex -9.190193e+000  1.114401e+002 -1.053272e+002
      vertex -1.513079e+001  1.204230e+002 -1.139708e+002
      vertex -1.503223e+001  1.209002e+002 -1.131965e+002
    endloop
  endfacet
  facet normal  9.027184e-001  3.053398e-001 -3.030959e-001
    outer loop
      vertex -9.190193e+000  1.114401e+002 -1.053272e+002
      vertex -1.503223e+001  1.209002e+002 -1.131965e+002
      vertex -1.479546e+001  1.209966e+002 -1.123942e+002
    endloop
  endfacet
  facet normal  9.027183e-001  3.053393e-001 -3.030965e-001
    outer loop
      vertex -9.190193e+000  1.114401e+002 -1.053272e+002
      vertex -1.479546e+001  1.209966e+002 -1.123942e+002
      vertex -1.417760e+001  1.204126e+002 -1.111424e+002
    endloop
  endfacet
  facet normal  9.027184e-001  3.053392e-001 -3.030966e-001
    outer loop
      vertex -9.190193e+000  1.114401e+002 -1.053272e+002
      vertex -1.417760e+001  1.204126e+002 -1.111424e+002
      vertex -9.190193e+000  1.129858e+002 -1.037701e+002
    endloop
  endfacet
  facet normal  0.000000e+000  9.062467e-001  4.227494e-001
    outer loop
      vertex -3.507008e+001  1.204126e+002 -1.111424e+002
      vertex -1.417760e+001  1.204126e+002 -1.111424e+002
      vertex -3.445222e+001  1.209966e+002 -1.123942e+002
    endloop
  endfacet
  facet normal  -0.000000e+000  9.062465e-001  4.227493e-001
    outer loop
      vertex -3.445222e+001  1.209966e+002 -1.123942e+002
      vertex -1.417760e+001  1.204126e+002 -1.111424e+002
      vertex -1.479546e+001  1.209966e+002 -1.123942e+002
    endloop
  endfacet
  facet normal  0.000000e+000  9.928650e-001 -1.192443e-001
    outer loop
      vertex -3.445222e+001  1.209966e+002 -1.123942e+002
      vertex -1.479546e+001  1.209966e+002 -1.123942e+002
      vertex -3.421545e+001  1.209002e+002 -1.131965e+002
    endloop
  endfacet
  facet normal  0.000000e+000  9.928650e-001 -1.192443e-001
    outer loop
      vertex -3.421545e+001  1.209002e+002 -1.131965e+002
      vertex -1.479546e+001  1.209966e+002 -1.123942e+002
      vertex -1.503223e+001  1.209002e+002 -1.131965e+002
    endloop
  endfacet
  facet normal  0.000000e+000  8.513045e-001 -5.246720e-001
    outer loop
      vertex -3.421545e+001  1.209002e+002 -1.131965e+002
      vertex -1.503223e+001  1.209002e+002 -1.131965e+002
      vertex -3.411689e+001  1.204230e+002 -1.139708e+002
    endloop
  endfacet
  facet normal  0.000000e+000  8.513045e-001 -5.246720e-001
    outer loop
      vertex -3.411689e+001  1.204230e+002 -1.139708e+002
      vertex -1.503223e+001  1.209002e+002 -1.131965e+002
      vertex -1.513079e+001  1.204230e+002 -1.139708e+002
    endloop
  endfacet
  facet normal -3.443701e-006 -7.044946e-001 -7.097094e-001
    outer loop
      vertex -4.614441e+000  1.026494e+002 -1.005548e+002
      vertex -4.614441e+000  1.046513e+002 -1.025420e+002
      vertex  0.000000e+000  1.087380e+002 -1.065986e+002
    endloop
  endfacet
  facet normal -6.494190e-007 -7.044960e-001 -7.097079e-001
    outer loop
      vertex -4.614441e+000  1.046513e+002 -1.025420e+002
      vertex -9.190193e+000  1.114401e+002 -1.092809e+002
      vertex  0.000000e+000  1.087380e+002 -1.065986e+002
    endloop
  endfacet
  facet normal  0.000000e+000 -7.044959e-001 -7.097080e-001
    outer loop
      vertex -4.614441e+000  1.026494e+002 -1.005548e+002
      vertex -2.489248e+001  6.565791e+001 -6.383496e+001
      vertex -9.190193e+000  1.094633e+002 -1.073186e+002
    endloop
  endfacet
  facet normal  4.387402e-007 -7.044960e-001 -7.097080e-001
    outer loop
      vertex -4.614441e+000  1.026494e+002 -1.005548e+002
      vertex  0.000000e+000  1.087380e+002 -1.065986e+002
      vertex -1.939248e+001  6.175451e+001 -5.996023e+001
    endloop
  endfacet
  facet normal  8.262974e-007 -7.044960e-001 -7.097079e-001
    outer loop
      vertex -4.614441e+000  1.026494e+002 -1.005548e+002
      vertex -1.939248e+001  6.175451e+001 -5.996023e+001
      vertex -2.012934e+001  6.370620e+001 -6.189759e+001
    endloop
  endfacet
  facet normal -3.768955e-007 -7.044958e-001 -7.097082e-001
    outer loop
      vertex -4.614441e+000  1.026494e+002 -1.005548e+002
      vertex -2.012934e+001  6.370620e+001 -6.189759e+001
      vertex -2.214248e+001  6.513495e+001 -6.331585e+001
    endloop
  endfacet
  facet normal -1.084556e-006 -7.044957e-001 -7.097083e-001
    outer loop
      vertex -4.614441e+000  1.026494e+002 -1.005548e+002
      vertex -2.214248e+001  6.513495e+001 -6.331585e+001
      vertex -2.489248e+001  6.565791e+001 -6.383496e+001
    endloop
  endfacet
  facet normal  7.129820e-008 -7.044959e-001 -7.097080e-001
    outer loop
      vertex -4.463324e+001  1.026494e+002 -1.005548e+002
      vertex -4.005749e+001  1.094633e+002 -1.073186e+002
      vertex -2.489248e+001  6.565791e+001 -6.383496e+001
    endloop
  endfacet
  facet normal  1.087275e-006 -7.044957e-001 -7.097083e-001
    outer loop
      vertex -4.463324e+001  1.026494e+002 -1.005548e+002
      vertex -2.489248e+001  6.565791e+001 -6.383496e+001
      vertex -2.764248e+001  6.513495e+001 -6.331585e+001
    endloop
  endfacet
  facet normal  3.797945e-007 -7.044958e-001 -7.097081e-001
    outer loop
      vertex -4.463324e+001  1.026494e+002 -1.005548e+002
      vertex -2.764248e+001  6.513495e+001 -6.331585e+001
      vertex -2.965562e+001  6.370620e+001 -6.189759e+001
    endloop
  endfacet
  facet normal -7.477823e-007 -7.044961e-001 -7.097079e-001
    outer loop
      vertex -4.463324e+001  1.026494e+002 -1.005548e+002
      vertex -2.965562e+001  6.370620e+001 -6.189759e+001
      vertex -3.039248e+001  6.175451e+001 -5.996023e+001
    endloop
  endfacet
  facet normal -1.254168e-007 -7.044957e-001 -7.097083e-001
    outer loop
      vertex -5.000000e+001  1.087380e+002 -1.065986e+002
      vertex -4.193690e+001  1.202858e+002 -1.180617e+002
      vertex -3.411689e+001  1.202538e+002 -1.180299e+002
    endloop
  endfacet
  facet normal  6.051700e-007 -7.044961e-001 -7.097079e-001
    outer loop
      vertex -5.000000e+001  1.087380e+002 -1.065986e+002
      vertex -3.411689e+001  1.202538e+002 -1.180299e+002
      vertex -4.005749e+001  1.114401e+002 -1.092809e+002
    endloop
  endfacet
  facet normal  5.892596e-007 -7.044961e-001 -7.097080e-001
    outer loop
      vertex -5.000000e+001  1.087380e+002 -1.065986e+002
      vertex -4.005749e+001  1.114401e+002 -1.092809e+002
      vertex -4.463324e+001  1.046513e+002 -1.025420e+002
    endloop
  endfacet
  facet normal  2.960958e-006 -7.044946e-001 -7.097095e-001
    outer loop
      vertex -5.000000e+001  1.087380e+002 -1.065986e+002
      vertex -4.463324e+001  1.046513e+002 -1.025420e+002
      vertex -4.463324e+001  1.026494e+002 -1.005548e+002
    endloop
  endfacet
  facet normal -2.446964e-007 -7.044960e-001 -7.097079e-001
    outer loop
      vertex -5.000000e+001  1.087380e+002 -1.065986e+002
      vertex -4.463324e+001  1.026494e+002 -1.005548e+002
      vertex -3.039248e+001  6.175451e+001 -5.996023e+001
    endloop
  endfacet
  facet normal  1.227132e-007 -7.044959e-001 -7.097081e-001
    outer loop
      vertex -5.000000e+001  1.087380e+002 -1.065986e+002
      vertex -3.039248e+001  6.175451e+001 -5.996023e+001
      vertex -3.039248e+001  5.275299e+001 -5.102482e+001
    endloop
  endfacet
  facet normal  9.500133e-008 -7.044958e-001 -7.097081e-001
    outer loop
      vertex -5.000000e+001  1.087380e+002 -1.065986e+002
      vertex -3.039248e+001  5.275299e+001 -5.102482e+001
      vertex -5.000000e+001  1.571988e+001 -1.426370e+001
    endloop
  endfacet
  facet normal -5.136038e-007 -7.044959e-001 -7.097081e-001
    outer loop
      vertex -8.063093e+000  1.202858e+002 -1.180617e+002
      vertex  0.000000e+000  1.087380e+002 -1.065986e+002
      vertex -9.190193e+000  1.114401e+002 -1.092809e+002
    endloop
  endfacet
  facet normal  1.733158e-007 -7.044959e-001 -7.097081e-001
    outer loop
      vertex -8.063093e+000  1.202858e+002 -1.180617e+002
      vertex -9.190193e+000  1.114401e+002 -1.092809e+002
      vertex -1.513079e+001  1.202538e+002 -1.180299e+002
    endloop
  endfacet
  facet normal  -0.000000e+000 -7.044802e-001 -7.097237e-001
    outer loop
      vertex -8.063093e+000  1.202858e+002 -1.180617e+002
      vertex -1.513079e+001  1.202538e+002 -1.180299e+002
      vertex -3.411689e+001  1.202538e+002 -1.180299e+002
    endloop
  endfacet
  facet normal  0.000000e+000 -7.044802e-001 -7.097237e-001
    outer loop
      vertex -8.063093e+000  1.202858e+002 -1.180617e+002
      vertex -3.411689e+001  1.202538e+002 -1.180299e+002
      vertex -4.193690e+001  1.202858e+002 -1.180617e+002
    endloop
  endfacet
  facet normal  0.000000e+000 -7.044959e-001 -7.097081e-001
    outer loop
      vertex  0.000000e+000  1.571988e+001 -1.426370e+001
      vertex -5.000000e+001  1.571988e+001 -1.426370e+001
      vertex -2.489248e+001  4.884959e+001 -4.715009e+001
    endloop
  endfacet
  facet normal  1.027034e-006 -7.044954e-001 -7.097085e-001
    outer loop
      vertex  0.000000e+000  1.571988e+001 -1.426370e+001
      vertex -2.489248e+001  4.884959e+001 -4.715009e+001
      vertex -2.214248e+001  4.937255e+001 -4.766920e+001
    endloop
  endfacet
  facet normal -6.265472e-007 -7.044961e-001 -7.097080e-001
    outer loop
      vertex  0.000000e+000  1.571988e+001 -1.426370e+001
      vertex -2.214248e+001  4.937255e+001 -4.766920e+001
      vertex -2.012934e+001  5.080129e+001 -4.908746e+001
    endloop
  endfacet
  facet normal  7.481491e-007 -7.044957e-001 -7.097083e-001
    outer loop
      vertex  0.000000e+000  1.571988e+001 -1.426370e+001
      vertex -2.012934e+001  5.080129e+001 -4.908746e+001
      vertex -1.939248e+001  5.275299e+001 -5.102482e+001
    endloop
  endfacet
  facet normal -1.240739e-007 -7.044958e-001 -7.097080e-001
    outer loop
      vertex  0.000000e+000  1.571988e+001 -1.426370e+001
      vertex -1.939248e+001  5.275299e+001 -5.102482e+001
      vertex -1.939248e+001  6.175451e+001 -5.996023e+001
    endloop
  endfacet
  facet normal -1.921096e-007 -7.044958e-001 -7.097081e-001
    outer loop
      vertex  0.000000e+000  1.571988e+001 -1.426370e+001
      vertex -1.939248e+001  6.175451e+001 -5.996023e+001
      vertex  0.000000e+000  1.087380e+002 -1.065986e+002
    endloop
  endfacet
  facet normal -7.433592e-007 -7.044956e-001 -7.097083e-001
    outer loop
      vertex -5.000000e+001  1.571988e+001 -1.426370e+001
      vertex -3.039248e+001  5.275299e+001 -5.102482e+001
      vertex -2.965562e+001  5.080129e+001 -4.908746e+001
    endloop
  endfacet
  facet normal  6.246162e-007 -7.044961e-001 -7.097079e-001
    outer loop
      vertex -5.000000e+001  1.571988e+001 -1.426370e+001
      vertex -2.965562e+001  5.080129e+001 -4.908746e+001
      vertex -2.764248e+001  4.937255e+001 -4.766920e+001
    endloop
  endfacet
  facet normal -1.025926e-006 -7.044954e-001 -7.097085e-001
    outer loop
      vertex -5.000000e+001  1.571988e+001 -1.426370e+001
      vertex -2.764248e+001  4.937255e+001 -4.766920e+001
      vertex -2.489248e+001  4.884959e+001 -4.715009e+001
    endloop
  endfacet
  facet normal -4.341083e-007 -7.044959e-001 -7.097080e-001
    outer loop
      vertex -9.190193e+000  1.094633e+002 -1.073186e+002
      vertex -2.489248e+001  6.565791e+001 -6.383496e+001
      vertex -1.513079e+001  1.183095e+002 -1.160999e+002
    endloop
  endfacet
  facet normal  1.236546e-007 -7.044959e-001 -7.097080e-001
    outer loop
      vertex -1.513079e+001  1.183095e+002 -1.160999e+002
      vertex -2.489248e+001  6.565791e+001 -6.383496e+001
      vertex -4.005749e+001  1.094633e+002 -1.073186e+002
    endloop
  endfacet
  facet normal  0.000000e+000 -7.044957e-001 -7.097082e-001
    outer loop
      vertex -1.513079e+001  1.183095e+002 -1.160999e+002
      vertex -4.005749e+001  1.094633e+002 -1.073186e+002
      vertex -3.411689e+001  1.183095e+002 -1.160999e+002
    endloop
  endfacet
  facet normal -9.027182e-001  3.053391e-001 -3.030969e-001
    outer loop
      vertex -4.463324e+001  1.026494e+002 -1.005548e+002
      vertex -4.463324e+001  1.046513e+002 -9.853816e+001
      vertex -4.005749e+001  1.094633e+002 -1.073186e+002
    endloop
  endfacet
  facet normal -9.027183e-001  3.053393e-001 -3.030968e-001
    outer loop
      vertex -4.005749e+001  1.094633e+002 -1.073186e+002
      vertex -4.463324e+001  1.046513e+002 -9.853816e+001
      vertex -4.005749e+001  1.114401e+002 -1.053272e+002
    endloop
  endfacet
  facet normal -9.027182e-001  3.053392e-001 -3.030967e-001
    outer loop
      vertex -4.005749e+001  1.094633e+002 -1.073186e+002
      vertex -4.005749e+001  1.114401e+002 -1.053272e+002
      vertex -3.411689e+001  1.183095e+002 -1.160999e+002
    endloop
  endfacet
  facet normal -9.027182e-001  3.053396e-001 -3.030965e-001
    outer loop
      vertex -3.411689e+001  1.183095e+002 -1.160999e+002
      vertex -4.005749e+001  1.114401e+002 -1.053272e+002
      vertex -3.411689e+001  1.202538e+002 -1.141413e+002
    endloop
  endfacet
  facet normal  0.000000e+000  7.097089e-001 -7.044951e-001
    outer loop
      vertex -3.411689e+001  1.183095e+002 -1.160999e+002
      vertex -3.411689e+001  1.202538e+002 -1.141413e+002
      vertex -1.513079e+001  1.183095e+002 -1.160999e+002
    endloop
  endfacet
  facet normal  0.000000e+000  7.097089e-001 -7.044951e-001
    outer loop
      vertex -1.513079e+001  1.183095e+002 -1.160999e+002
      vertex -3.411689e+001  1.202538e+002 -1.141413e+002
      vertex -1.513079e+001  1.202538e+002 -1.141413e+002
    endloop
  endfacet
  facet normal  9.027184e-001  3.053392e-001 -3.030967e-001
    outer loop
      vertex -9.190193e+000  1.094633e+002 -1.073186e+002
      vertex -1.513079e+001  1.183095e+002 -1.160999e+002
      vertex -9.190193e+000  1.114401e+002 -1.053272e+002
    endloop
  endfacet
  facet normal  9.027183e-001  3.053396e-001 -3.030964e-001
    outer loop
      vertex -9.190193e+000  1.114401e+002 -1.053272e+002
      vertex -1.513079e+001  1.183095e+002 -1.160999e+002
      vertex -1.513079e+001  1.202538e+002 -1.141413e+002
    endloop
  endfacet
  facet normal  9.027183e-001  3.053390e-001 -3.030970e-001
    outer loop
      vertex -4.614441e+000  1.026494e+002 -1.005548e+002
      vertex -9.190193e+000  1.094633e+002 -1.073186e+002
      vertex -4.614441e+000  1.046513e+002 -9.853816e+001
    endloop
  endfacet
  facet normal  9.027183e-001  3.053392e-001 -3.030968e-001
    outer loop
      vertex -4.614441e+000  1.046513e+002 -9.853816e+001
      vertex -9.190193e+000  1.094633e+002 -1.073186e+002
      vertex -9.190193e+000  1.114401e+002 -1.053272e+002
    endloop
  endfacet
  facet normal  1.000000e+000  0.000000e+000  -0.000000e+000
    outer loop
      vertex -4.463324e+001  1.026494e+002 -1.005548e+002
      vertex -4.463324e+001  1.046513e+002 -1.025420e+002
      vertex -4.463324e+001  1.046513e+002 -9.853816e+001
    endloop
  endfacet
  facet normal -1.000000e+000  0.000000e+000  0.000000e+000
    outer loop
      vertex -4.614441e+000  1.046513e+002 -9.853816e+001
      vertex -4.614441e+000  1.046513e+002 -1.025420e+002
      vertex -4.614441e+000  1.026494e+002 -1.005548e+002
    endloop
  endfacet
  facet normal -9.238797e-001  2.695980e-001  2.715936e-001
    outer loop
      vertex -4.463324e+001  7.643911e+001 -7.030989e+001
      vertex -4.463324e+001  7.440507e+001 -6.829079e+001
      vertex -4.404745e+001  7.743542e+001 -6.930621e+001
    endloop
  endfacet
  facet normal -9.247862e-001  2.689507e-001  2.691391e-001
    outer loop
      vertex -4.404745e+001  7.743542e+001 -6.930621e+001
      vertex -4.463324e+001  7.440507e+001 -6.829079e+001
      vertex -4.462654e+001  4.318658e+001 -3.707114e+001
    endloop
  endfacet
  facet normal -8.986574e-001  3.086018e-001  3.117366e-001
    outer loop
      vertex -4.404745e+001  7.743542e+001 -6.930621e+001
      vertex -4.462654e+001  4.318658e+001 -3.707114e+001
      vertex -4.398840e+001  4.410761e+001 -3.614331e+001
    endloop
  endfacet
  facet normal -3.636964e-001  6.567228e-001  6.606361e-001
    outer loop
      vertex -4.398840e+001  4.410761e+001 -3.614331e+001
      vertex -4.263324e+001  4.448036e+001 -3.576780e+001
      vertex -4.404745e+001  7.743542e+001 -6.930621e+001
    endloop
  endfacet
  facet normal -3.826805e-001  6.508701e-001  6.556857e-001
    outer loop
      vertex -4.404745e+001  7.743542e+001 -6.930621e+001
      vertex -4.263324e+001  4.448036e+001 -3.576780e+001
      vertex -4.263324e+001  7.784810e+001 -6.889048e+001
    endloop
  endfacet
  facet normal  9.991633e-001  2.881430e-002  2.902759e-002
    outer loop
      vertex -4.621139e+000  4.318658e+001 -3.707114e+001
      vertex -4.614441e+000  7.440507e+001 -6.829079e+001
      vertex -4.614441e+000  7.643911e+001 -7.030989e+001
    endloop
  endfacet
  facet normal  9.238787e-001  2.704501e-001  2.707485e-001
    outer loop
      vertex -4.621139e+000  4.318658e+001 -3.707114e+001
      vertex -4.614441e+000  7.643911e+001 -7.030989e+001
      vertex -5.200227e+000  7.743542e+001 -6.930621e+001
    endloop
  endfacet
  facet normal  8.986570e-001  3.086024e-001  3.117372e-001
    outer loop
      vertex -4.621139e+000  4.318658e+001 -3.707114e+001
      vertex -5.200227e+000  7.743542e+001 -6.930621e+001
      vertex -5.259283e+000  4.410761e+001 -3.614331e+001
    endloop
  endfacet
  facet normal  3.636974e-001  6.567226e-001  6.606358e-001
    outer loop
      vertex -5.259283e+000  4.410761e+001 -3.614331e+001
      vertex -5.200227e+000  7.743542e+001 -6.930621e+001
      vertex -6.614441e+000  4.448036e+001 -3.576780e+001
    endloop
  endfacet
  facet normal  3.826800e-001  6.508703e-001  6.556858e-001
    outer loop
      vertex -6.614441e+000  4.448036e+001 -3.576780e+001
      vertex -5.200227e+000  7.743542e+001 -6.930621e+001
      vertex -6.614441e+000  7.784810e+001 -6.889048e+001
    endloop
  endfacet
  facet normal -8.292266e-001 -5.589126e-001  -0.000000e+000
    outer loop
      vertex -4.614441e+000  1.046513e+002 -1.025420e+002
      vertex -4.614441e+000  1.046513e+002 -9.853816e+001
      vertex -9.190193e+000  1.114401e+002 -1.092809e+002
    endloop
  endfacet
  facet normal -8.292265e-001 -5.589126e-001  0.000000e+000
    outer loop
      vertex -9.190193e+000  1.114401e+002 -1.092809e+002
      vertex -4.614441e+000  1.046513e+002 -9.853816e+001
      vertex -9.190193e+000  1.114401e+002 -1.053272e+002
    endloop
  endfacet
  facet normal -8.292266e-001 -5.589126e-001  -0.000000e+000
    outer loop
      vertex -9.190193e+000  1.114401e+002 -1.092809e+002
      vertex -9.190193e+000  1.114401e+002 -1.053272e+002
      vertex -1.513079e+001  1.202538e+002 -1.180299e+002
    endloop
  endfacet
  facet normal -8.292266e-001 -5.589126e-001  0.000000e+000
    outer loop
      vertex -1.513079e+001  1.202538e+002 -1.180299e+002
      vertex -9.190193e+000  1.114401e+002 -1.053272e+002
      vertex -1.513079e+001  1.202538e+002 -1.141413e+002
    endloop
  endfacet
  facet normal  0.000000e+000 -1.000000e+000  0.000000e+000
    outer loop
      vertex -3.411689e+001  1.202538e+002 -1.141413e+002
      vertex -3.411689e+001  1.202538e+002 -1.180299e+002
      vertex -1.513079e+001  1.202538e+002 -1.141413e+002
    endloop
  endfacet
  facet normal  0.000000e+000 -1.000000e+000  -0.000000e+000
    outer loop
      vertex -1.513079e+001  1.202538e+002 -1.141413e+002
      vertex -3.411689e+001  1.202538e+002 -1.180299e+002
      vertex -1.513079e+001  1.202538e+002 -1.180299e+002
    endloop
  endfacet
  facet normal  8.292266e-001 -5.589127e-001  0.000000e+000
    outer loop
      vertex -4.005749e+001  1.114401e+002 -1.092809e+002
      vertex -3.411689e+001  1.202538e+002 -1.180299e+002
      vertex -4.005749e+001  1.114401e+002 -1.053272e+002
    endloop
  endfacet
  facet normal  8.292264e-001 -5.589127e-001  0.000000e+000
    outer loop
      vertex -4.005749e+001  1.114401e+002 -1.053272e+002
      vertex -3.411689e+001  1.202538e+002 -1.180299e+002
      vertex -3.411689e+001  1.202538e+002 -1.141413e+002
    endloop
  endfacet
  facet normal  8.292265e-001 -5.589126e-001  0.000000e+000
    outer loop
      vertex -4.463324e+001  1.046513e+002 -1.025420e+002
      vertex -4.005749e+001  1.114401e+002 -1.092809e+002
      vertex -4.463324e+001  1.046513e+002 -9.853816e+001
    endloop
  endfacet
  facet normal  8.292265e-001 -5.589126e-001  0.000000e+000
    outer loop
      vertex -4.463324e+001  1.046513e+002 -9.853816e+001
      vertex -4.005749e+001  1.114401e+002 -1.092809e+002
      vertex -4.005749e+001  1.114401e+002 -1.053272e+002
    endloop
  endfacet
  facet normal  0.000000e+000 -2.082087e-001 -9.780844e-001
    outer loop
      vertex  0.000000e+000  9.985382e+000 -1.304297e+001
      vertex -5.000000e+001  9.985382e+000 -1.304297e+001
      vertex  0.000000e+000  1.571988e+001 -1.426370e+001
    endloop
  endfacet
  facet normal  -0.000000e+000 -2.082087e-001 -9.780844e-001
    outer loop
      vertex  0.000000e+000  1.571988e+001 -1.426370e+001
      vertex -5.000000e+001  9.985382e+000 -1.304297e+001
      vertex -5.000000e+001  1.571988e+001 -1.426370e+001
    endloop
  endfacet
  facet normal -4.088969e-007  7.044943e-001  7.097096e-001
    outer loop
      vertex -2.214248e+001  6.865742e+001 -5.976730e+001
      vertex -2.021630e+001  6.943853e+001 -6.054267e+001
      vertex -2.489248e+001  6.918038e+001 -6.028642e+001
    endloop
  endfacet
  facet normal -4.735940e-007  7.044950e-001  7.097091e-001
    outer loop
      vertex -2.489248e+001  6.918038e+001 -6.028642e+001
      vertex -2.021630e+001  6.943853e+001 -6.054267e+001
      vertex -2.322357e+001  7.046635e+001 -6.156293e+001
    endloop
  endfacet
  facet normal  0.000000e+000  7.044945e-001  7.097093e-001
    outer loop
      vertex -2.489248e+001  6.918038e+001 -6.028642e+001
      vertex -2.322357e+001  7.046635e+001 -6.156293e+001
      vertex -2.656139e+001  7.046635e+001 -6.156293e+001
    endloop
  endfacet
  facet normal  4.021930e-008  7.044955e-001  7.097085e-001
    outer loop
      vertex -2.764248e+001  5.289503e+001 -4.412067e+001
      vertex -2.956865e+001  5.211392e+001 -4.334530e+001
      vertex -2.489248e+001  5.237207e+001 -4.360155e+001
    endloop
  endfacet
  facet normal -1.022964e-007  7.044967e-001  7.097072e-001
    outer loop
      vertex -2.489248e+001  5.237207e+001 -4.360155e+001
      vertex -2.956865e+001  5.211392e+001 -4.334530e+001
      vertex -2.656139e+001  5.108611e+001 -4.232503e+001
    endloop
  endfacet
  facet normal  -0.000000e+000  7.044967e-001  7.097073e-001
    outer loop
      vertex -2.489248e+001  5.237207e+001 -4.360155e+001
      vertex -2.656139e+001  5.108611e+001 -4.232503e+001
      vertex -2.322357e+001  5.108611e+001 -4.232503e+001
    endloop
  endfacet
  facet normal  1.372100e-006  7.044952e-001  7.097086e-001
    outer loop
      vertex -3.239248e+001  6.527699e+001 -5.641169e+001
      vertex -2.965562e+001  6.722868e+001 -5.834906e+001
      vertex -3.164975e+001  6.758647e+001 -5.870421e+001
    endloop
  endfacet
  facet normal  1.185138e-006  7.044947e-001  7.097093e-001
    outer loop
      vertex -3.164975e+001  6.758647e+001 -5.870421e+001
      vertex -2.965562e+001  6.722868e+001 -5.834906e+001
      vertex -2.764248e+001  6.865742e+001 -5.976730e+001
    endloop
  endfacet
  facet normal  1.010110e-006  7.044950e-001  7.097089e-001
    outer loop
      vertex -3.164975e+001  6.758647e+001 -5.870421e+001
      vertex -2.764248e+001  6.865742e+001 -5.976730e+001
      vertex -2.956865e+001  6.943853e+001 -6.054267e+001
    endloop
  endfacet
  facet normal  4.088969e-007  7.044943e-001  7.097096e-001
    outer loop
      vertex -2.956865e+001  6.943853e+001 -6.054267e+001
      vertex -2.764248e+001  6.865742e+001 -5.976730e+001
      vertex -2.489248e+001  6.918038e+001 -6.028642e+001
    endloop
  endfacet
  facet normal  4.735940e-007  7.044950e-001  7.097091e-001
    outer loop
      vertex -2.956865e+001  6.943853e+001 -6.054267e+001
      vertex -2.489248e+001  6.918038e+001 -6.028642e+001
      vertex -2.656139e+001  7.046635e+001 -6.156293e+001
    endloop
  endfacet
  facet normal  -0.000000e+000  7.044961e-001  7.097077e-001
    outer loop
      vertex -2.965562e+001  6.722868e+001 -5.834906e+001
      vertex -3.239248e+001  6.527699e+001 -5.641169e+001
      vertex -3.039248e+001  6.527699e+001 -5.641169e+001
    endloop
  endfacet
  facet normal  0.000000e+000  7.044958e-001  7.097080e-001
    outer loop
      vertex -3.039248e+001  6.527699e+001 -5.641169e+001
      vertex -3.239248e+001  6.527699e+001 -5.641169e+001
      vertex -3.239248e+001  5.627546e+001 -4.747628e+001
    endloop
  endfacet
  facet normal  -0.000000e+000  7.044958e-001  7.097080e-001
    outer loop
      vertex -3.039248e+001  6.527699e+001 -5.641169e+001
      vertex -3.239248e+001  5.627546e+001 -4.747628e+001
      vertex -3.039248e+001  5.627546e+001 -4.747628e+001
    endloop
  endfacet
  facet normal  0.000000e+000  7.044960e-001  7.097079e-001
    outer loop
      vertex -3.039248e+001  5.627546e+001 -4.747628e+001
      vertex -3.239248e+001  5.627546e+001 -4.747628e+001
      vertex -3.164975e+001  5.396598e+001 -4.518376e+001
    endloop
  endfacet
  facet normal -3.359260e-007  7.044961e-001  7.097078e-001
    outer loop
      vertex -3.039248e+001  5.627546e+001 -4.747628e+001
      vertex -3.164975e+001  5.396598e+001 -4.518376e+001
      vertex -2.965562e+001  5.432377e+001 -4.553891e+001
    endloop
  endfacet
  facet normal -1.334497e-007  7.044955e-001  7.097085e-001
    outer loop
      vertex -2.965562e+001  5.432377e+001 -4.553891e+001
      vertex -3.164975e+001  5.396598e+001 -4.518376e+001
      vertex -2.956865e+001  5.211392e+001 -4.334530e+001
    endloop
  endfacet
  facet normal -1.956394e-008  7.044955e-001  7.097084e-001
    outer loop
      vertex -2.965562e+001  5.432377e+001 -4.553891e+001
      vertex -2.956865e+001  5.211392e+001 -4.334530e+001
      vertex -2.764248e+001  5.289503e+001 -4.412067e+001
    endloop
  endfacet
  facet normal  2.952628e-007  7.044960e-001  7.097080e-001
    outer loop
      vertex -1.739248e+001  5.627546e+001 -4.747628e+001
      vertex -2.012934e+001  5.432377e+001 -4.553891e+001
      vertex -1.813521e+001  5.396598e+001 -4.518376e+001
    endloop
  endfacet
  facet normal  1.007369e-007  7.044954e-001  7.097085e-001
    outer loop
      vertex -1.813521e+001  5.396598e+001 -4.518376e+001
      vertex -2.012934e+001  5.432377e+001 -4.553891e+001
      vertex -2.214248e+001  5.289503e+001 -4.412067e+001
    endloop
  endfacet
  facet normal  4.887620e-008  7.044956e-001  7.097085e-001
    outer loop
      vertex -1.813521e+001  5.396598e+001 -4.518376e+001
      vertex -2.214248e+001  5.289503e+001 -4.412067e+001
      vertex -2.021630e+001  5.211392e+001 -4.334530e+001
    endloop
  endfacet
  facet normal -4.021930e-008  7.044955e-001  7.097085e-001
    outer loop
      vertex -2.021630e+001  5.211392e+001 -4.334530e+001
      vertex -2.214248e+001  5.289503e+001 -4.412067e+001
      vertex -2.489248e+001  5.237207e+001 -4.360155e+001
    endloop
  endfacet
  facet normal  1.022964e-007  7.044967e-001  7.097072e-001
    outer loop
      vertex -2.021630e+001  5.211392e+001 -4.334530e+001
      vertex -2.489248e+001  5.237207e+001 -4.360155e+001
      vertex -2.322357e+001  5.108611e+001 -4.232503e+001
    endloop
  endfacet
  facet normal  0.000000e+000  7.044961e-001  7.097077e-001
    outer loop
      vertex -2.012934e+001  5.432377e+001 -4.553891e+001
      vertex -1.739248e+001  5.627546e+001 -4.747628e+001
      vertex -1.939248e+001  5.627546e+001 -4.747628e+001
    endloop
  endfacet
  facet normal  -0.000000e+000  7.044958e-001  7.097080e-001
    outer loop
      vertex -1.939248e+001  5.627546e+001 -4.747628e+001
      vertex -1.739248e+001  5.627546e+001 -4.747628e+001
      vertex -1.739248e+001  6.527699e+001 -5.641169e+001
    endloop
  endfacet
  facet normal  0.000000e+000  7.044958e-001  7.097080e-001
    outer loop
      vertex -1.939248e+001  5.627546e+001 -4.747628e+001
      vertex -1.739248e+001  6.527699e+001 -5.641169e+001
      vertex -1.939248e+001  6.527699e+001 -5.641169e+001
    endloop
  endfacet
  facet normal  -0.000000e+000  7.044955e-001  7.097086e-001
    outer loop
      vertex -1.939248e+001  6.527699e+001 -5.641169e+001
      vertex -1.739248e+001  6.527699e+001 -5.641169e+001
      vertex -1.813521e+001  6.758647e+001 -5.870421e+001
    endloop
  endfacet
  facet normal -1.608370e-006  7.044958e-001  7.097080e-001
    outer loop
      vertex -1.939248e+001  6.527699e+001 -5.641169e+001
      vertex -1.813521e+001  6.758647e+001 -5.870421e+001
      vertex -2.012934e+001  6.722868e+001 -5.834906e+001
    endloop
  endfacet
  facet normal -1.248708e-006  7.044949e-001  7.097091e-001
    outer loop
      vertex -2.012934e+001  6.722868e+001 -5.834906e+001
      vertex -1.813521e+001  6.758647e+001 -5.870421e+001
      vertex -2.021630e+001  6.943853e+001 -6.054267e+001
    endloop
  endfacet
  facet normal -8.999421e-007  7.044949e-001  7.097091e-001
    outer loop
      vertex -2.012934e+001  6.722868e+001 -5.834906e+001
      vertex -2.021630e+001  6.943853e+001 -6.054267e+001
      vertex -2.214248e+001  6.865742e+001 -5.976730e+001
    endloop
  endfacet
  facet normal -4.338832e-001  6.394249e-001 -6.347292e-001
    outer loop
      vertex -2.322357e+001  5.108611e+001 -4.232503e+001
      vertex -2.021630e+001  5.774989e+001 -3.766764e+001
      vertex -2.021630e+001  5.211392e+001 -4.334530e+001
    endloop
  endfacet
  facet normal -7.818315e-001  4.424957e-001 -4.392462e-001
    outer loop
      vertex -2.021630e+001  5.211392e+001 -4.334530e+001
      vertex -2.021630e+001  5.774989e+001 -3.766764e+001
      vertex -1.813521e+001  5.960195e+001 -3.950609e+001
    endloop
  endfacet
  facet normal -7.818317e-001  4.424956e-001 -4.392458e-001
    outer loop
      vertex -2.021630e+001  5.211392e+001 -4.334530e+001
      vertex -1.813521e+001  5.960195e+001 -3.950609e+001
      vertex -1.813521e+001  5.396598e+001 -4.518376e+001
    endloop
  endfacet
  facet normal -9.749279e-001  1.579248e-001 -1.567649e-001
    outer loop
      vertex -1.813521e+001  5.396598e+001 -4.518376e+001
      vertex -1.813521e+001  5.960195e+001 -3.950609e+001
      vertex -1.739248e+001  6.191143e+001 -4.179861e+001
    endloop
  endfacet
  facet normal -9.749280e-001  1.579249e-001 -1.567651e-001
    outer loop
      vertex -1.813521e+001  5.396598e+001 -4.518376e+001
      vertex -1.739248e+001  6.191143e+001 -4.179861e+001
      vertex -1.739248e+001  5.627546e+001 -4.747628e+001
    endloop
  endfacet
  facet normal -4.338832e-001  6.394249e-001 -6.347292e-001
    outer loop
      vertex -2.021630e+001  5.774989e+001 -3.766764e+001
      vertex -2.322357e+001  5.108611e+001 -4.232503e+001
      vertex -2.322357e+001  5.672208e+001 -3.664737e+001
    endloop
  endfacet
  facet normal  0.000000e+000  7.097079e-001 -7.044960e-001
    outer loop
      vertex -2.322357e+001  5.672208e+001 -3.664737e+001
      vertex -2.322357e+001  5.108611e+001 -4.232503e+001
      vertex -2.656139e+001  5.108611e+001 -4.232503e+001
    endloop
  endfacet
  facet normal  0.000000e+000  7.097079e-001 -7.044960e-001
    outer loop
      vertex -2.322357e+001  5.672208e+001 -3.664737e+001
      vertex -2.656139e+001  5.108611e+001 -4.232503e+001
      vertex -2.656139e+001  5.672208e+001 -3.664737e+001
    endloop
  endfacet
  facet normal  4.338832e-001  6.394249e-001 -6.347292e-001
    outer loop
      vertex -2.656139e+001  5.672208e+001 -3.664737e+001
      vertex -2.656139e+001  5.108611e+001 -4.232503e+001
      vertex -2.956865e+001  5.211392e+001 -4.334530e+001
    endloop
  endfacet
  facet normal  4.338832e-001  6.394249e-001 -6.347292e-001
    outer loop
      vertex -2.656139e+001  5.672208e+001 -3.664737e+001
      vertex -2.956865e+001  5.211392e+001 -4.334530e+001
      vertex -2.956865e+001  5.774989e+001 -3.766764e+001
    endloop
  endfacet
  facet normal  7.818317e-001  4.424954e-001 -4.392459e-001
    outer loop
      vertex -2.956865e+001  5.774989e+001 -3.766764e+001
      vertex -2.956865e+001  5.211392e+001 -4.334530e+001
      vertex -3.164975e+001  5.396598e+001 -4.518376e+001
    endloop
  endfacet
  facet normal  7.818315e-001  4.424958e-001 -4.392460e-001
    outer loop
      vertex -2.956865e+001  5.774989e+001 -3.766764e+001
      vertex -3.164975e+001  5.396598e+001 -4.518376e+001
      vertex -3.164975e+001  5.960195e+001 -3.950609e+001
    endloop
  endfacet
  facet normal  9.749280e-001  1.579249e-001 -1.567651e-001
    outer loop
      vertex -3.164975e+001  5.960195e+001 -3.950609e+001
      vertex -3.164975e+001  5.396598e+001 -4.518376e+001
      vertex -3.239248e+001  5.627546e+001 -4.747628e+001
    endloop
  endfacet
  facet normal  9.749279e-001  1.579247e-001 -1.567650e-001
    outer loop
      vertex -3.164975e+001  5.960195e+001 -3.950609e+001
      vertex -3.239248e+001  5.627546e+001 -4.747628e+001
      vertex -3.239248e+001  6.191143e+001 -4.179861e+001
    endloop
  endfacet
  facet normal -1.000000e+000  0.000000e+000  0.000000e+000
    outer loop
      vertex -1.739248e+001  6.191143e+001 -4.179861e+001
      vertex -1.739248e+001  7.091296e+001 -5.073403e+001
      vertex -1.739248e+001  5.627546e+001 -4.747628e+001
    endloop
  endfacet
  facet normal -1.000000e+000  0.000000e+000  0.000000e+000
    outer loop
      vertex -1.739248e+001  5.627546e+001 -4.747628e+001
      vertex -1.739248e+001  7.091296e+001 -5.073403e+001
      vertex -1.739248e+001  6.527699e+001 -5.641169e+001
    endloop
  endfacet
  facet normal  4.338840e-001 -6.394249e-001  6.347287e-001
    outer loop
      vertex -2.656139e+001  7.046635e+001 -6.156293e+001
      vertex -2.956865e+001  7.507449e+001 -5.486501e+001
      vertex -2.956865e+001  6.943853e+001 -6.054267e+001
    endloop
  endfacet
  facet normal  7.818315e-001 -4.424958e-001  4.392460e-001
    outer loop
      vertex -2.956865e+001  6.943853e+001 -6.054267e+001
      vertex -2.956865e+001  7.507449e+001 -5.486501e+001
      vertex -3.164975e+001  7.322243e+001 -5.302655e+001
    endloop
  endfacet
  facet normal  7.818311e-001 -4.424962e-001  4.392461e-001
    outer loop
      vertex -2.956865e+001  6.943853e+001 -6.054267e+001
      vertex -3.164975e+001  7.322243e+001 -5.302655e+001
      vertex -3.164975e+001  6.758647e+001 -5.870421e+001
    endloop
  endfacet
  facet normal  9.749279e-001 -1.579250e-001  1.567650e-001
    outer loop
      vertex -3.164975e+001  6.758647e+001 -5.870421e+001
      vertex -3.164975e+001  7.322243e+001 -5.302655e+001
      vertex -3.239248e+001  7.091296e+001 -5.073403e+001
    endloop
  endfacet
  facet normal  9.749281e-001 -1.579245e-001  1.567648e-001
    outer loop
      vertex -3.164975e+001  6.758647e+001 -5.870421e+001
      vertex -3.239248e+001  7.091296e+001 -5.073403e+001
      vertex -3.239248e+001  6.527699e+001 -5.641169e+001
    endloop
  endfacet
  facet normal  4.338840e-001 -6.394249e-001  6.347287e-001
    outer loop
      vertex -2.956865e+001  7.507449e+001 -5.486501e+001
      vertex -2.656139e+001  7.046635e+001 -6.156293e+001
      vertex -2.656139e+001  7.610231e+001 -5.588527e+001
    endloop
  endfacet
  facet normal  0.000000e+000 -7.097081e-001  7.044958e-001
    outer loop
      vertex -2.656139e+001  7.610231e+001 -5.588527e+001
      vertex -2.656139e+001  7.046635e+001 -6.156293e+001
      vertex -2.322357e+001  7.046635e+001 -6.156293e+001
    endloop
  endfacet
  facet normal  0.000000e+000 -7.097081e-001  7.044958e-001
    outer loop
      vertex -2.656139e+001  7.610231e+001 -5.588527e+001
      vertex -2.322357e+001  7.046635e+001 -6.156293e+001
      vertex -2.322357e+001  7.610231e+001 -5.588527e+001
    endloop
  endfacet
  facet normal -4.338838e-001 -6.394249e-001  6.347288e-001
    outer loop
      vertex -2.322357e+001  7.610231e+001 -5.588527e+001
      vertex -2.322357e+001  7.046635e+001 -6.156293e+001
      vertex -2.021630e+001  6.943853e+001 -6.054267e+001
    endloop
  endfacet
  facet normal -4.338838e-001 -6.394249e-001  6.347288e-001
    outer loop
      vertex -2.322357e+001  7.610231e+001 -5.588527e+001
      vertex -2.021630e+001  6.943853e+001 -6.054267e+001
      vertex -2.021630e+001  7.507449e+001 -5.486501e+001
    endloop
  endfacet
  facet normal -7.818311e-001 -4.424961e-001  4.392462e-001
    outer loop
      vertex -2.021630e+001  7.507449e+001 -5.486501e+001
      vertex -2.021630e+001  6.943853e+001 -6.054267e+001
      vertex -1.813521e+001  6.758647e+001 -5.870421e+001
    endloop
  endfacet
  facet normal -7.818315e-001 -4.424960e-001  4.392459e-001
    outer loop
      vertex -2.021630e+001  7.507449e+001 -5.486501e+001
      vertex -1.813521e+001  6.758647e+001 -5.870421e+001
      vertex -1.813521e+001  7.322243e+001 -5.302655e+001
    endloop
  endfacet
  facet normal -9.749280e-001 -1.579246e-001  1.567647e-001
    outer loop
      vertex -1.813521e+001  7.322243e+001 -5.302655e+001
      vertex -1.813521e+001  6.758647e+001 -5.870421e+001
      vertex -1.739248e+001  6.527699e+001 -5.641169e+001
    endloop
  endfacet
  facet normal -9.749280e-001 -1.579248e-001  1.567652e-001
    outer loop
      vertex -1.813521e+001  7.322243e+001 -5.302655e+001
      vertex -1.739248e+001  6.527699e+001 -5.641169e+001
      vertex -1.739248e+001  7.091296e+001 -5.073403e+001
    endloop
  endfacet
  facet normal  1.000000e+000  -0.000000e+000  0.000000e+000
    outer loop
      vertex -3.239248e+001  6.191143e+001 -4.179861e+001
      vertex -3.239248e+001  5.627546e+001 -4.747628e+001
      vertex -3.239248e+001  7.091296e+001 -5.073403e+001
    endloop
  endfacet
  facet normal  1.000000e+000  0.000000e+000  0.000000e+000
    outer loop
      vertex -3.239248e+001  7.091296e+001 -5.073403e+001
      vertex -3.239248e+001  5.627546e+001 -4.747628e+001
      vertex -3.239248e+001  6.527699e+001 -5.641169e+001
    endloop
  endfacet
  facet normal -1.000000e+000  0.000000e+000  0.000000e+000
    outer loop
      vertex -3.386969e+001  7.091296e+001 -5.073403e+001
      vertex -3.386969e+001  6.527699e+001 -5.641169e+001
      vertex -3.386969e+001  6.191143e+001 -4.179861e+001
    endloop
  endfacet
  facet normal -1.000000e+000  0.000000e+000  -0.000000e+000
    outer loop
      vertex -3.386969e+001  6.191143e+001 -4.179861e+001
      vertex -3.386969e+001  6.527699e+001 -5.641169e+001
      vertex -3.386969e+001  5.627546e+001 -4.747628e+001
    endloop
  endfacet
  facet normal -9.807853e-001  1.384569e-001 -1.374402e-001
    outer loop
      vertex -3.386969e+001  6.527699e+001 -5.641169e+001
      vertex -3.386969e+001  7.091296e+001 -5.073403e+001
      vertex -3.318634e+001  6.771514e+001 -5.883194e+001
    endloop
  endfacet
  facet normal -9.807853e-001  1.384574e-001 -1.374404e-001
    outer loop
      vertex -3.318634e+001  6.771514e+001 -5.883194e+001
      vertex -3.386969e+001  7.091296e+001 -5.073403e+001
      vertex -3.318634e+001  7.335110e+001 -5.315427e+001
    endloop
  endfacet
  facet normal -8.314692e-001  3.942933e-001 -3.913972e-001
    outer loop
      vertex -3.318634e+001  6.771514e+001 -5.883194e+001
      vertex -3.318634e+001  7.335110e+001 -5.315427e+001
      vertex -3.124033e+001  6.978210e+001 -6.088372e+001
    endloop
  endfacet
  facet normal -8.314697e-001  3.942926e-001 -3.913970e-001
    outer loop
      vertex -3.124033e+001  6.978210e+001 -6.088372e+001
      vertex -3.318634e+001  7.335110e+001 -5.315427e+001
      vertex -3.124033e+001  7.541808e+001 -5.520606e+001
    endloop
  endfacet
  facet normal -5.555704e-001  5.901005e-001 -5.857670e-001
    outer loop
      vertex -3.124033e+001  6.978210e+001 -6.088372e+001
      vertex -3.124033e+001  7.541808e+001 -5.520606e+001
      vertex -2.832791e+001  7.116321e+001 -6.225468e+001
    endloop
  endfacet
  facet normal -5.555704e-001  5.901005e-001 -5.857670e-001
    outer loop
      vertex -2.832791e+001  7.116321e+001 -6.225468e+001
      vertex -3.124033e+001  7.541808e+001 -5.520606e+001
      vertex -2.832791e+001  7.679918e+001 -5.657702e+001
    endloop
  endfacet
  facet normal -1.950904e-001  6.960710e-001 -6.909593e-001
    outer loop
      vertex -2.832791e+001  7.116321e+001 -6.225468e+001
      vertex -2.832791e+001  7.679918e+001 -5.657702e+001
      vertex -2.489248e+001  7.164819e+001 -6.273610e+001
    endloop
  endfacet
  facet normal -1.950904e-001  6.960710e-001 -6.909593e-001
    outer loop
      vertex -2.489248e+001  7.164819e+001 -6.273610e+001
      vertex -2.832791e+001  7.679918e+001 -5.657702e+001
      vertex -2.489248e+001  7.728416e+001 -5.705844e+001
    endloop
  endfacet
  facet normal  1.950904e-001  6.960710e-001 -6.909593e-001
    outer loop
      vertex -2.489248e+001  7.164819e+001 -6.273610e+001
      vertex -2.489248e+001  7.728416e+001 -5.705844e+001
      vertex -2.145705e+001  7.116321e+001 -6.225468e+001
    endloop
  endfacet
  facet normal  1.950904e-001  6.960710e-001 -6.909593e-001
    outer loop
      vertex -2.145705e+001  7.116321e+001 -6.225468e+001
      vertex -2.489248e+001  7.728416e+001 -5.705844e+001
      vertex -2.145705e+001  7.679918e+001 -5.657702e+001
    endloop
  endfacet
  facet normal  5.555703e-001  5.901005e-001 -5.857670e-001
    outer loop
      vertex -2.145705e+001  7.116321e+001 -6.225468e+001
      vertex -2.145705e+001  7.679918e+001 -5.657702e+001
      vertex -1.854463e+001  6.978210e+001 -6.088372e+001
    endloop
  endfacet
  facet normal  5.555703e-001  5.901005e-001 -5.857670e-001
    outer loop
      vertex -1.854463e+001  6.978210e+001 -6.088372e+001
      vertex -2.145705e+001  7.679918e+001 -5.657702e+001
      vertex -1.854463e+001  7.541808e+001 -5.520606e+001
    endloop
  endfacet
  facet normal  8.314691e-001  3.942930e-001 -3.913975e-001
    outer loop
      vertex -1.854463e+001  6.978210e+001 -6.088372e+001
      vertex -1.854463e+001  7.541808e+001 -5.520606e+001
      vertex -1.659861e+001  6.771514e+001 -5.883194e+001
    endloop
  endfacet
  facet normal  8.314696e-001  3.942928e-001 -3.913968e-001
    outer loop
      vertex -1.659861e+001  6.771514e+001 -5.883194e+001
      vertex -1.854463e+001  7.541808e+001 -5.520606e+001
      vertex -1.659861e+001  7.335110e+001 -5.315427e+001
    endloop
  endfacet
  facet normal  9.807854e-001  1.384571e-001 -1.374401e-001
    outer loop
      vertex -1.659861e+001  6.771514e+001 -5.883194e+001
      vertex -1.659861e+001  7.335110e+001 -5.315427e+001
      vertex -1.591526e+001  6.527699e+001 -5.641169e+001
    endloop
  endfacet
  facet normal  9.807852e-001  1.384572e-001 -1.374405e-001
    outer loop
      vertex -1.591526e+001  6.527699e+001 -5.641169e+001
      vertex -1.659861e+001  7.335110e+001 -5.315427e+001
      vertex -1.591526e+001  7.091296e+001 -5.073403e+001
    endloop
  endfacet
  facet normal  1.000000e+000  -0.000000e+000  0.000000e+000
    outer loop
      vertex -1.591526e+001  6.191143e+001 -4.179861e+001
      vertex -1.591526e+001  5.627546e+001 -4.747628e+001
      vertex -1.591526e+001  7.091296e+001 -5.073403e+001
    endloop
  endfacet
  facet normal  1.000000e+000  0.000000e+000  0.000000e+000
    outer loop
      vertex -1.591526e+001  7.091296e+001 -5.073403e+001
      vertex -1.591526e+001  5.627546e+001 -4.747628e+001
      vertex -1.591526e+001  6.527699e+001 -5.641169e+001
    endloop
  endfacet
  facet normal  9.807853e-001 -1.384572e-001  1.374404e-001
    outer loop
      vertex -1.591526e+001  5.627546e+001 -4.747628e+001
      vertex -1.591526e+001  6.191143e+001 -4.179861e+001
      vertex -1.659861e+001  5.383731e+001 -4.505603e+001
    endloop
  endfacet
  facet normal  9.807853e-001 -1.384571e-001  1.374402e-001
    outer loop
      vertex -1.659861e+001  5.383731e+001 -4.505603e+001
      vertex -1.591526e+001  6.191143e+001 -4.179861e+001
      vertex -1.659861e+001  5.947328e+001 -3.937836e+001
    endloop
  endfacet
  facet normal  8.314694e-001 -3.942930e-001  3.913971e-001
    outer loop
      vertex -1.659861e+001  5.383731e+001 -4.505603e+001
      vertex -1.659861e+001  5.947328e+001 -3.937836e+001
      vertex -1.854463e+001  5.177034e+001 -4.300425e+001
    endloop
  endfacet
  facet normal  8.314694e-001 -3.942930e-001  3.913971e-001
    outer loop
      vertex -1.854463e+001  5.177034e+001 -4.300425e+001
      vertex -1.659861e+001  5.947328e+001 -3.937836e+001
      vertex -1.854463e+001  5.740631e+001 -3.732658e+001
    endloop
  endfacet
  facet normal  5.555704e-001 -5.901007e-001  5.857669e-001
    outer loop
      vertex -1.854463e+001  5.177034e+001 -4.300425e+001
      vertex -1.854463e+001  5.740631e+001 -3.732658e+001
      vertex -2.145705e+001  5.038924e+001 -4.163329e+001
    endloop
  endfacet
  facet normal  5.555704e-001 -5.901007e-001  5.857669e-001
    outer loop
      vertex -2.145705e+001  5.038924e+001 -4.163329e+001
      vertex -1.854463e+001  5.740631e+001 -3.732658e+001
      vertex -2.145705e+001  5.602521e+001 -3.595562e+001
    endloop
  endfacet
  facet normal  1.950904e-001 -6.960713e-001  6.909592e-001
    outer loop
      vertex -2.145705e+001  5.038924e+001 -4.163329e+001
      vertex -2.145705e+001  5.602521e+001 -3.595562e+001
      vertex -2.489248e+001  4.990426e+001 -4.115187e+001
    endloop
  endfacet
  facet normal  1.950904e-001 -6.960713e-001  6.909592e-001
    outer loop
      vertex -2.489248e+001  4.990426e+001 -4.115187e+001
      vertex -2.145705e+001  5.602521e+001 -3.595562e+001
      vertex -2.489248e+001  5.554023e+001 -3.547420e+001
    endloop
  endfacet
  facet normal -1.950905e-001 -6.960713e-001  6.909592e-001
    outer loop
      vertex -2.489248e+001  4.990426e+001 -4.115187e+001
      vertex -2.489248e+001  5.554023e+001 -3.547420e+001
      vertex -2.832791e+001  5.038924e+001 -4.163329e+001
    endloop
  endfacet
  facet normal -1.950905e-001 -6.960713e-001  6.909592e-001
    outer loop
      vertex -2.832791e+001  5.038924e+001 -4.163329e+001
      vertex -2.489248e+001  5.554023e+001 -3.547420e+001
      vertex -2.832791e+001  5.602521e+001 -3.595562e+001
    endloop
  endfacet
  facet normal -5.555704e-001 -5.901007e-001  5.857669e-001
    outer loop
      vertex -2.832791e+001  5.038924e+001 -4.163329e+001
      vertex -2.832791e+001  5.602521e+001 -3.595562e+001
      vertex -3.124033e+001  5.177034e+001 -4.300425e+001
    endloop
  endfacet
  facet normal -5.555704e-001 -5.901007e-001  5.857669e-001
    outer loop
      vertex -3.124033e+001  5.177034e+001 -4.300425e+001
      vertex -2.832791e+001  5.602521e+001 -3.595562e+001
      vertex -3.124033e+001  5.740631e+001 -3.732658e+001
    endloop
  endfacet
  facet normal -8.314694e-001 -3.942929e-001  3.913971e-001
    outer loop
      vertex -3.124033e+001  5.177034e+001 -4.300425e+001
      vertex -3.124033e+001  5.740631e+001 -3.732658e+001
      vertex -3.318634e+001  5.383731e+001 -4.505603e+001
    endloop
  endfacet
  facet normal -8.314694e-001 -3.942929e-001  3.913971e-001
    outer loop
      vertex -3.318634e+001  5.383731e+001 -4.505603e+001
      vertex -3.124033e+001  5.740631e+001 -3.732658e+001
      vertex -3.318634e+001  5.947328e+001 -3.937836e+001
    endloop
  endfacet
  facet normal -9.807853e-001 -1.384572e-001  1.374403e-001
    outer loop
      vertex -3.318634e+001  5.383731e+001 -4.505603e+001
      vertex -3.318634e+001  5.947328e+001 -3.937836e+001
      vertex -3.386969e+001  5.627546e+001 -4.747628e+001
    endloop
  endfacet
  facet normal -9.807854e-001 -1.384571e-001  1.374403e-001
    outer loop
      vertex -3.386969e+001  5.627546e+001 -4.747628e+001
      vertex -3.318634e+001  5.947328e+001 -3.937836e+001
      vertex -3.386969e+001  6.191143e+001 -4.179861e+001
    endloop
  endfacet
  facet normal -3.648559e-007  7.044966e-001  7.097074e-001
    outer loop
      vertex -2.489248e+001  5.554023e+001 -3.547420e+001
      vertex -2.322357e+001  5.672208e+001 -3.664737e+001
      vertex -2.832791e+001  5.602521e+001 -3.595562e+001
    endloop
  endfacet
  facet normal  0.000000e+000  7.044951e-001  7.097088e-001
    outer loop
      vertex -2.832791e+001  5.602521e+001 -3.595562e+001
      vertex -2.322357e+001  5.672208e+001 -3.664737e+001
      vertex -2.656139e+001  5.672208e+001 -3.664737e+001
    endloop
  endfacet
  facet normal -2.839484e-007  7.044955e-001  7.097084e-001
    outer loop
      vertex -2.832791e+001  5.602521e+001 -3.595562e+001
      vertex -2.656139e+001  5.672208e+001 -3.664737e+001
      vertex -3.124033e+001  5.740631e+001 -3.732658e+001
    endloop
  endfacet
  facet normal  2.114014e-007  7.044972e-001  7.097068e-001
    outer loop
      vertex -3.124033e+001  5.740631e+001 -3.732658e+001
      vertex -2.656139e+001  5.672208e+001 -3.664737e+001
      vertex -2.956865e+001  5.774989e+001 -3.766764e+001
    endloop
  endfacet
  facet normal  7.693295e-007  7.044958e-001  7.097081e-001
    outer loop
      vertex -3.124033e+001  5.740631e+001 -3.732658e+001
      vertex -2.956865e+001  5.774989e+001 -3.766764e+001
      vertex -3.318634e+001  5.947328e+001 -3.937836e+001
    endloop
  endfacet
  facet normal -2.887013e-007  7.044948e-001  7.097093e-001
    outer loop
      vertex -3.318634e+001  5.947328e+001 -3.937836e+001
      vertex -2.956865e+001  5.774989e+001 -3.766764e+001
      vertex -3.164975e+001  5.960195e+001 -3.950609e+001
    endloop
  endfacet
  facet normal -5.626438e-007  7.044963e-001  7.097076e-001
    outer loop
      vertex -3.318634e+001  5.947328e+001 -3.937836e+001
      vertex -3.164975e+001  5.960195e+001 -3.950609e+001
      vertex -3.386969e+001  6.191143e+001 -4.179861e+001
    endloop
  endfacet
  facet normal  -0.000000e+000  7.044966e-001  7.097074e-001
    outer loop
      vertex -3.386969e+001  6.191143e+001 -4.179861e+001
      vertex -3.164975e+001  5.960195e+001 -3.950609e+001
      vertex -3.239248e+001  6.191143e+001 -4.179861e+001
    endloop
  endfacet
  facet normal  0.000000e+000  7.044957e-001  7.097083e-001
    outer loop
      vertex -3.386969e+001  6.191143e+001 -4.179861e+001
      vertex -3.239248e+001  6.191143e+001 -4.179861e+001
      vertex -3.386969e+001  7.091296e+001 -5.073403e+001
    endloop
  endfacet
  facet normal  -0.000000e+000  7.044957e-001  7.097083e-001
    outer loop
      vertex -3.386969e+001  7.091296e+001 -5.073403e+001
      vertex -3.239248e+001  6.191143e+001 -4.179861e+001
      vertex -3.239248e+001  7.091296e+001 -5.073403e+001
    endloop
  endfacet
  facet normal  0.000000e+000  7.044964e-001  7.097075e-001
    outer loop
      vertex -3.386969e+001  7.091296e+001 -5.073403e+001
      vertex -3.239248e+001  7.091296e+001 -5.073403e+001
      vertex -3.318634e+001  7.335110e+001 -5.315427e+001
    endloop
  endfacet
  facet normal -1.207196e-006  7.044963e-001  7.097078e-001
    outer loop
      vertex -3.318634e+001  7.335110e+001 -5.315427e+001
      vertex -3.239248e+001  7.091296e+001 -5.073403e+001
      vertex -3.164975e+001  7.322243e+001 -5.302655e+001
    endloop
  endfacet
  facet normal -1.339490e-006  7.044954e-001  7.097085e-001
    outer loop
      vertex -3.318634e+001  7.335110e+001 -5.315427e+001
      vertex -3.164975e+001  7.322243e+001 -5.302655e+001
      vertex -3.124033e+001  7.541808e+001 -5.520606e+001
    endloop
  endfacet
  facet normal  2.153355e-006  7.044951e-001  7.097088e-001
    outer loop
      vertex -3.124033e+001  7.541808e+001 -5.520606e+001
      vertex -3.164975e+001  7.322243e+001 -5.302655e+001
      vertex -2.956865e+001  7.507449e+001 -5.486501e+001
    endloop
  endfacet
  facet normal  1.712833e-006  7.044940e-001  7.097099e-001
    outer loop
      vertex -3.124033e+001  7.541808e+001 -5.520606e+001
      vertex -2.956865e+001  7.507449e+001 -5.486501e+001
      vertex -2.832791e+001  7.679918e+001 -5.657702e+001
    endloop
  endfacet
  facet normal  8.868493e-007  7.044942e-001  7.097096e-001
    outer loop
      vertex -2.832791e+001  7.679918e+001 -5.657702e+001
      vertex -2.956865e+001  7.507449e+001 -5.486501e+001
      vertex -2.656139e+001  7.610231e+001 -5.588527e+001
    endloop
  endfacet
  facet normal  9.629558e-007  7.044945e-001  7.097096e-001
    outer loop
      vertex -2.832791e+001  7.679918e+001 -5.657702e+001
      vertex -2.656139e+001  7.610231e+001 -5.588527e+001
      vertex -2.489248e+001  7.728416e+001 -5.705844e+001
    endloop
  endfacet
  facet normal  0.000000e+000  7.044951e-001  7.097089e-001
    outer loop
      vertex -2.489248e+001  7.728416e+001 -5.705844e+001
      vertex -2.656139e+001  7.610231e+001 -5.588527e+001
      vertex -2.322357e+001  7.610231e+001 -5.588527e+001
    endloop
  endfacet
  facet normal -9.629558e-007  7.044945e-001  7.097096e-001
    outer loop
      vertex -2.489248e+001  7.728416e+001 -5.705844e+001
      vertex -2.322357e+001  7.610231e+001 -5.588527e+001
      vertex -2.145705e+001  7.679918e+001 -5.657702e+001
    endloop
  endfacet
  facet normal -1.116865e-006  7.044947e-001  7.097093e-001
    outer loop
      vertex -2.145705e+001  7.679918e+001 -5.657702e+001
      vertex -2.322357e+001  7.610231e+001 -5.588527e+001
      vertex -1.854463e+001  7.541808e+001 -5.520606e+001
    endloop
  endfacet
  facet normal -1.468277e-006  7.044934e-001  7.097105e-001
    outer loop
      vertex -1.854463e+001  7.541808e+001 -5.520606e+001
      vertex -2.322357e+001  7.610231e+001 -5.588527e+001
      vertex -2.021630e+001  7.507449e+001 -5.486501e+001
    endloop
  endfacet
  facet normal -1.713039e-006  7.044940e-001  7.097100e-001
    outer loop
      vertex -1.854463e+001  7.541808e+001 -5.520606e+001
      vertex -2.021630e+001  7.507449e+001 -5.486501e+001
      vertex -1.659861e+001  7.335110e+001 -5.315427e+001
    endloop
  endfacet
  facet normal  1.086877e-006  7.044970e-001  7.097070e-001
    outer loop
      vertex -1.659861e+001  7.335110e+001 -5.315427e+001
      vertex -2.021630e+001  7.507449e+001 -5.486501e+001
      vertex -1.813521e+001  7.322243e+001 -5.302655e+001
    endloop
  endfacet
  facet normal  1.141838e-006  7.044966e-001  7.097073e-001
    outer loop
      vertex -1.659861e+001  7.335110e+001 -5.315427e+001
      vertex -1.813521e+001  7.322243e+001 -5.302655e+001
      vertex -1.591526e+001  7.091296e+001 -5.073403e+001
    endloop
  endfacet
  facet normal  0.000000e+000  7.044960e-001  7.097079e-001
    outer loop
      vertex -1.591526e+001  7.091296e+001 -5.073403e+001
      vertex -1.813521e+001  7.322243e+001 -5.302655e+001
      vertex -1.739248e+001  7.091296e+001 -5.073403e+001
    endloop
  endfacet
  facet normal  -0.000000e+000  7.044957e-001  7.097083e-001
    outer loop
      vertex -1.591526e+001  7.091296e+001 -5.073403e+001
      vertex -1.739248e+001  7.091296e+001 -5.073403e+001
      vertex -1.591526e+001  6.191143e+001 -4.179861e+001
    endloop
  endfacet
  facet normal  0.000000e+000  7.044957e-001  7.097083e-001
    outer loop
      vertex -1.591526e+001  6.191143e+001 -4.179861e+001
      vertex -1.739248e+001  7.091296e+001 -5.073403e+001
      vertex -1.739248e+001  6.191143e+001 -4.179861e+001
    endloop
  endfacet
  facet normal  -0.000000e+000  7.044964e-001  7.097075e-001
    outer loop
      vertex -1.591526e+001  6.191143e+001 -4.179861e+001
      vertex -1.739248e+001  6.191143e+001 -4.179861e+001
      vertex -1.659861e+001  5.947328e+001 -3.937836e+001
    endloop
  endfacet
  facet normal  5.919898e-007  7.044966e-001  7.097074e-001
    outer loop
      vertex -1.659861e+001  5.947328e+001 -3.937836e+001
      vertex -1.739248e+001  6.191143e+001 -4.179861e+001
      vertex -1.813521e+001  5.960195e+001 -3.950609e+001
    endloop
  endfacet
  facet normal  3.827113e-007  7.044953e-001  7.097086e-001
    outer loop
      vertex -1.659861e+001  5.947328e+001 -3.937836e+001
      vertex -1.813521e+001  5.960195e+001 -3.950609e+001
      vertex -1.854463e+001  5.740631e+001 -3.732658e+001
    endloop
  endfacet
  facet normal -9.434802e-007  7.044954e-001  7.097085e-001
    outer loop
      vertex -1.854463e+001  5.740631e+001 -3.732658e+001
      vertex -1.813521e+001  5.960195e+001 -3.950609e+001
      vertex -2.021630e+001  5.774989e+001 -3.766764e+001
    endloop
  endfacet
  facet normal -5.496406e-007  7.044964e-001  7.097076e-001
    outer loop
      vertex -1.854463e+001  5.740631e+001 -3.732658e+001
      vertex -2.021630e+001  5.774989e+001 -3.766764e+001
      vertex -2.145705e+001  5.602521e+001 -3.595562e+001
    endloop
  endfacet
  facet normal  6.489138e-007  7.044960e-001  7.097080e-001
    outer loop
      vertex -2.145705e+001  5.602521e+001 -3.595562e+001
      vertex -2.021630e+001  5.774989e+001 -3.766764e+001
      vertex -2.322357e+001  5.672208e+001 -3.664737e+001
    endloop
  endfacet
  facet normal  5.465413e-007  7.044958e-001  7.097080e-001
    outer loop
      vertex -2.145705e+001  5.602521e+001 -3.595562e+001
      vertex -2.322357e+001  5.672208e+001 -3.664737e+001
      vertex -2.489248e+001  5.554023e+001 -3.547420e+001
    endloop
  endfacet
  facet normal -2.588194e-001 -6.855257e-001  6.804902e-001
    outer loop
      vertex -2.489248e+001  6.918038e+001 -6.028642e+001
      vertex -2.214248e+001  6.513495e+001 -6.331585e+001
      vertex -2.214248e+001  6.865742e+001 -5.976730e+001
    endloop
  endfacet
  facet normal -7.071076e-001 -5.018392e-001  4.981529e-001
    outer loop
      vertex -2.214248e+001  6.865742e+001 -5.976730e+001
      vertex -2.214248e+001  6.513495e+001 -6.331585e+001
      vertex -2.012934e+001  6.370620e+001 -6.189759e+001
    endloop
  endfacet
  facet normal -7.071066e-001 -5.018393e-001  4.981541e-001
    outer loop
      vertex -2.214248e+001  6.865742e+001 -5.976730e+001
      vertex -2.012934e+001  6.370620e+001 -6.189759e+001
      vertex -2.012934e+001  6.722868e+001 -5.834906e+001
    endloop
  endfacet
  facet normal -9.659258e-001 -1.836860e-001  1.823372e-001
    outer loop
      vertex -2.012934e+001  6.722868e+001 -5.834906e+001
      vertex -2.012934e+001  6.370620e+001 -6.189759e+001
      vertex -1.939248e+001  6.175451e+001 -5.996023e+001
    endloop
  endfacet
  facet normal -9.659259e-001 -1.836859e-001  1.823366e-001
    outer loop
      vertex -2.012934e+001  6.722868e+001 -5.834906e+001
      vertex -1.939248e+001  6.175451e+001 -5.996023e+001
      vertex -1.939248e+001  6.527699e+001 -5.641169e+001
    endloop
  endfacet
  facet normal -2.588185e-001 -6.855255e-001  6.804908e-001
    outer loop
      vertex -2.214248e+001  6.513495e+001 -6.331585e+001
      vertex -2.489248e+001  6.918038e+001 -6.028642e+001
      vertex -2.489248e+001  6.565791e+001 -6.383496e+001
    endloop
  endfacet
  facet normal  2.588194e-001 -6.855254e-001  6.804906e-001
    outer loop
      vertex -2.489248e+001  6.565791e+001 -6.383496e+001
      vertex -2.489248e+001  6.918038e+001 -6.028642e+001
      vertex -2.764248e+001  6.865742e+001 -5.976730e+001
    endloop
  endfacet
  facet normal  2.588185e-001 -6.855260e-001  6.804904e-001
    outer loop
      vertex -2.489248e+001  6.565791e+001 -6.383496e+001
      vertex -2.764248e+001  6.865742e+001 -5.976730e+001
      vertex -2.764248e+001  6.513495e+001 -6.331585e+001
    endloop
  endfacet
  facet normal  7.071066e-001 -5.018398e-001  4.981535e-001
    outer loop
      vertex -2.764248e+001  6.513495e+001 -6.331585e+001
      vertex -2.764248e+001  6.865742e+001 -5.976730e+001
      vertex -2.965562e+001  6.722868e+001 -5.834906e+001
    endloop
  endfacet
  facet normal  7.071076e-001 -5.018386e-001  4.981534e-001
    outer loop
      vertex -2.764248e+001  6.513495e+001 -6.331585e+001
      vertex -2.965562e+001  6.722868e+001 -5.834906e+001
      vertex -2.965562e+001  6.370620e+001 -6.189759e+001
    endloop
  endfacet
  facet normal  9.659259e-001 -1.836857e-001  1.823368e-001
    outer loop
      vertex -2.965562e+001  6.370620e+001 -6.189759e+001
      vertex -2.965562e+001  6.722868e+001 -5.834906e+001
      vertex -3.039248e+001  6.527699e+001 -5.641169e+001
    endloop
  endfacet
  facet normal  9.659258e-001 -1.836863e-001  1.823370e-001
    outer loop
      vertex -2.965562e+001  6.370620e+001 -6.189759e+001
      vertex -3.039248e+001  6.527699e+001 -5.641169e+001
      vertex -3.039248e+001  6.175451e+001 -5.996023e+001
    endloop
  endfacet
  facet normal  1.000000e+000  0.000000e+000  0.000000e+000
    outer loop
      vertex -3.039248e+001  6.527699e+001 -5.641169e+001
      vertex -3.039248e+001  5.627546e+001 -4.747628e+001
      vertex -3.039248e+001  6.175451e+001 -5.996023e+001
    endloop
  endfacet
  facet normal  1.000000e+000  0.000000e+000  0.000000e+000
    outer loop
      vertex -3.039248e+001  6.175451e+001 -5.996023e+001
      vertex -3.039248e+001  5.627546e+001 -4.747628e+001
      vertex -3.039248e+001  5.275299e+001 -5.102482e+001
    endloop
  endfacet
  facet normal  2.588194e-001  6.855250e-001 -6.804909e-001
    outer loop
      vertex -2.489248e+001  5.237207e+001 -4.360155e+001
      vertex -2.764248e+001  4.937255e+001 -4.766920e+001
      vertex -2.764248e+001  5.289503e+001 -4.412067e+001
    endloop
  endfacet
  facet normal  7.071071e-001  5.018390e-001 -4.981538e-001
    outer loop
      vertex -2.764248e+001  5.289503e+001 -4.412067e+001
      vertex -2.764248e+001  4.937255e+001 -4.766920e+001
      vertex -2.965562e+001  5.080129e+001 -4.908746e+001
    endloop
  endfacet
  facet normal  7.071066e-001  5.018396e-001 -4.981539e-001
    outer loop
      vertex -2.764248e+001  5.289503e+001 -4.412067e+001
      vertex -2.965562e+001  5.080129e+001 -4.908746e+001
      vertex -2.965562e+001  5.432377e+001 -4.553891e+001
    endloop
  endfacet
  facet normal  9.659258e-001  1.836860e-001 -1.823369e-001
    outer loop
      vertex -2.965562e+001  5.432377e+001 -4.553891e+001
      vertex -2.965562e+001  5.080129e+001 -4.908746e+001
      vertex -3.039248e+001  5.275299e+001 -5.102482e+001
    endloop
  endfacet
  facet normal  9.659258e-001  1.836863e-001 -1.823370e-001
    outer loop
      vertex -2.965562e+001  5.432377e+001 -4.553891e+001
      vertex -3.039248e+001  5.275299e+001 -5.102482e+001
      vertex -3.039248e+001  5.627546e+001 -4.747628e+001
    endloop
  endfacet
  facet normal  2.588185e-001  6.855256e-001 -6.804908e-001
    outer loop
      vertex -2.764248e+001  4.937255e+001 -4.766920e+001
      vertex -2.489248e+001  5.237207e+001 -4.360155e+001
      vertex -2.489248e+001  4.884959e+001 -4.715009e+001
    endloop
  endfacet
  facet normal -2.588194e-001  6.855254e-001 -6.804906e-001
    outer loop
      vertex -2.489248e+001  4.884959e+001 -4.715009e+001
      vertex -2.489248e+001  5.237207e+001 -4.360155e+001
      vertex -2.214248e+001  5.289503e+001 -4.412067e+001
    endloop
  endfacet
  facet normal -2.588185e-001  6.855252e-001 -6.804911e-001
    outer loop
      vertex -2.489248e+001  4.884959e+001 -4.715009e+001
      vertex -2.214248e+001  5.289503e+001 -4.412067e+001
      vertex -2.214248e+001  4.937255e+001 -4.766920e+001
    endloop
  endfacet
  facet normal -7.071066e-001  5.018393e-001 -4.981541e-001
    outer loop
      vertex -2.214248e+001  4.937255e+001 -4.766920e+001
      vertex -2.214248e+001  5.289503e+001 -4.412067e+001
      vertex -2.012934e+001  5.432377e+001 -4.553891e+001
    endloop
  endfacet
  facet normal -7.071072e-001  5.018393e-001 -4.981535e-001
    outer loop
      vertex -2.214248e+001  4.937255e+001 -4.766920e+001
      vertex -2.012934e+001  5.432377e+001 -4.553891e+001
      vertex -2.012934e+001  5.080129e+001 -4.908746e+001
    endloop
  endfacet
  facet normal -9.659259e-001  1.836862e-001 -1.823371e-001
    outer loop
      vertex -2.012934e+001  5.080129e+001 -4.908746e+001
      vertex -2.012934e+001  5.432377e+001 -4.553891e+001
      vertex -1.939248e+001  5.627546e+001 -4.747628e+001
    endloop
  endfacet
  facet normal -9.659259e-001  1.836861e-001 -1.823368e-001
    outer loop
      vertex -2.012934e+001  5.080129e+001 -4.908746e+001
      vertex -1.939248e+001  5.627546e+001 -4.747628e+001
      vertex -1.939248e+001  5.275299e+001 -5.102482e+001
    endloop
  endfacet
  facet normal -9.999999e-001  0.000000e+000  0.000000e+000
    outer loop
      vertex -1.939248e+001  6.527699e+001 -5.641169e+001
      vertex -1.939248e+001  6.175451e+001 -5.996023e+001
      vertex -1.939248e+001  5.627546e+001 -4.747628e+001
    endloop
  endfacet
  facet normal -9.999999e-001  0.000000e+000  -0.000000e+000
    outer loop
      vertex -1.939248e+001  5.627546e+001 -4.747628e+001
      vertex -1.939248e+001  6.175451e+001 -5.996023e+001
      vertex -1.939248e+001  5.275299e+001 -5.102482e+001
    endloop
  endfacet
  facet normal  1.000000e+000  0.000000e+000  0.000000e+000
    outer loop
      vertex  0.000000e+000  3.000000e+000 -6.122653e+000
      vertex  0.000000e+000  3.697963e+000 -6.398325e+000
      vertex  0.000000e+000  3.000000e+000 -5.000000e+000
    endloop
  endfacet
  facet normal  1.000000e+000  -0.000000e+000  0.000000e+000
    outer loop
      vertex  0.000000e+000  3.000000e+000 -1.000000e+000
      vertex  0.000000e+000  4.019238e-001 -1.500000e+000
      vertex  0.000000e+000  1.585786e+000 -1.585786e+000
    endloop
  endfacet
  facet normal  9.999999e-001  0.000000e+000  -0.000000e+000
    outer loop
      vertex  0.000000e+000  1.571988e+001 -1.426370e+001
      vertex  0.000000e+000  1.087380e+002 -1.065986e+002
      vertex  0.000000e+000  1.107248e+002 -1.046119e+002
    endloop
  endfacet
  facet normal  1.000000e+000  0.000000e+000  0.000000e+000
    outer loop
      vertex  0.000000e+000  1.571988e+001 -1.426370e+001
      vertex  0.000000e+000  1.107248e+002 -1.046119e+002
      vertex  0.000000e+000  4.414214e+000 -1.585786e+000
    endloop
  endfacet
  facet normal  1.000000e+000  0.000000e+000  0.000000e+000
    outer loop
      vertex  0.000000e+000  1.571988e+001 -1.426370e+001
      vertex  0.000000e+000  4.414214e+000 -1.585786e+000
      vertex  0.000000e+000  5.000000e+000 -3.000000e+000
    endloop
  endfacet
  facet normal  9.999999e-001  0.000000e+000  0.000000e+000
    outer loop
      vertex  0.000000e+000  1.571988e+001 -1.426370e+001
      vertex  0.000000e+000  5.000000e+000 -3.000000e+000
      vertex  0.000000e+000  4.414214e+000 -4.414214e+000
    endloop
  endfacet
  facet normal  1.000000e+000  0.000000e+000  0.000000e+000
    outer loop
      vertex  0.000000e+000  1.571988e+001 -1.426370e+001
      vertex  0.000000e+000  4.414214e+000 -4.414214e+000
      vertex  0.000000e+000  3.000000e+000 -5.000000e+000
    endloop
  endfacet
  facet normal  1.000000e+000  0.000000e+000  0.000000e+000
    outer loop
      vertex  0.000000e+000  1.571988e+001 -1.426370e+001
      vertex  0.000000e+000  3.000000e+000 -5.000000e+000
      vertex  0.000000e+000  3.697963e+000 -6.398325e+000
    endloop
  endfacet
  facet normal  1.000000e+000  0.000000e+000  0.000000e+000
    outer loop
      vertex  0.000000e+000  1.571988e+001 -1.426370e+001
      vertex  0.000000e+000  3.697963e+000 -6.398325e+000
      vertex  0.000000e+000  4.019172e+000 -7.076538e+000
    endloop
  endfacet
  facet normal  1.000000e+000  0.000000e+000  0.000000e+000
    outer loop
      vertex  0.000000e+000  1.571988e+001 -1.426370e+001
      vertex  0.000000e+000  4.019172e+000 -7.076538e+000
      vertex  0.000000e+000  9.985382e+000 -1.304297e+001
    endloop
  endfacet
  facet normal  1.000000e+000  0.000000e+000  0.000000e+000
    outer loop
      vertex  0.000000e+000  1.500000e+000 -4.019238e-001
      vertex  0.000000e+000  4.019238e-001 -1.500000e+000
      vertex  0.000000e+000  3.000000e+000  0.000000e+000
    endloop
  endfacet
  facet normal  1.000000e+000  0.000000e+000  0.000000e+000
    outer loop
      vertex  0.000000e+000  3.000000e+000  0.000000e+000
      vertex  0.000000e+000  4.019238e-001 -1.500000e+000
      vertex  0.000000e+000  3.000000e+000 -1.000000e+000
    endloop
  endfacet
  facet normal  1.000000e+000  0.000000e+000  0.000000e+000
    outer loop
      vertex  0.000000e+000  3.000000e+000  0.000000e+000
      vertex  0.000000e+000  3.000000e+000 -1.000000e+000
      vertex  0.000000e+000  6.116826e+000  0.000000e+000
    endloop
  endfacet
  facet normal  1.000000e+000  0.000000e+000  0.000000e+000
    outer loop
      vertex  0.000000e+000  6.116826e+000  0.000000e+000
      vertex  0.000000e+000  3.000000e+000 -1.000000e+000
      vertex  0.000000e+000  4.414214e+000 -1.585786e+000
    endloop
  endfacet
  facet normal  1.000000e+000  -0.000000e+000  0.000000e+000
    outer loop
      vertex  0.000000e+000  6.116826e+000  0.000000e+000
      vertex  0.000000e+000  4.414214e+000 -1.585786e+000
      vertex  0.000000e+000  1.107248e+002 -1.046119e+002
    endloop
  endfacet
  facet normal  1.000000e+000  0.000000e+000  0.000000e+000
    outer loop
      vertex  0.000000e+000  1.585786e+000 -1.585786e+000
      vertex  0.000000e+000  4.019238e-001 -1.500000e+000
      vertex  0.000000e+000  1.000000e+000 -3.000000e+000
    endloop
  endfacet
  facet normal  1.000000e+000  0.000000e+000  0.000000e+000
    outer loop
      vertex  0.000000e+000  1.000000e+000 -3.000000e+000
      vertex  0.000000e+000  4.019238e-001 -1.500000e+000
      vertex  0.000000e+000  0.000000e+000 -3.000000e+000
    endloop
  endfacet
  facet normal  9.999999e-001  -0.000000e+000  0.000000e+000
    outer loop
      vertex  0.000000e+000  1.000000e+000 -3.000000e+000
      vertex  0.000000e+000  0.000000e+000 -3.000000e+000
      vertex  0.000000e+000  1.585786e+000 -4.414214e+000
    endloop
  endfacet
  facet normal  1.000000e+000  0.000000e+000  0.000000e+000
    outer loop
      vertex  0.000000e+000  1.585786e+000 -4.414214e+000
      vertex  0.000000e+000  0.000000e+000 -3.000000e+000
      vertex  0.000000e+000  3.606776e-001 -4.551480e+000
    endloop
  endfacet
  facet normal  1.000000e+000  -0.000000e+000  0.000000e+000
    outer loop
      vertex  0.000000e+000  1.585786e+000 -4.414214e+000
      vertex  0.000000e+000  3.606776e-001 -4.551480e+000
      vertex  0.000000e+000  3.000000e+000 -5.000000e+000
    endloop
  endfacet
  facet normal  1.000000e+000  0.000000e+000  0.000000e+000
    outer loop
      vertex  0.000000e+000  3.000000e+000 -5.000000e+000
      vertex  0.000000e+000  3.606776e-001 -4.551480e+000
      vertex  0.000000e+000  1.464210e+000 -5.700129e+000
    endloop
  endfacet
  facet normal  1.000000e+000  -0.000000e+000  0.000000e+000
    outer loop
      vertex  0.000000e+000  3.000000e+000 -5.000000e+000
      vertex  0.000000e+000  1.464210e+000 -5.700129e+000
      vertex  0.000000e+000  3.000000e+000 -6.122653e+000
    endloop
  endfacet
  facet normal -1.000000e+000  0.000000e+000  0.000000e+000
    outer loop
      vertex -5.000000e+001  3.000000e+000 -5.000000e+000
      vertex -5.000000e+001  3.697963e+000 -6.398325e+000
      vertex -5.000000e+001  3.000000e+000 -6.122653e+000
    endloop
  endfacet
  facet normal -1.000000e+000  0.000000e+000  0.000000e+000
    outer loop
      vertex -5.000000e+001  1.585786e+000 -1.585786e+000
      vertex -5.000000e+001  4.019238e-001 -1.500000e+000
      vertex -5.000000e+001  3.000000e+000 -1.000000e+000
    endloop
  endfacet
  facet normal -1.000000e+000  0.000000e+000  0.000000e+000
    outer loop
      vertex -5.000000e+001  1.571988e+001 -1.426370e+001
      vertex -5.000000e+001  9.985382e+000 -1.304297e+001
      vertex -5.000000e+001  4.019172e+000 -7.076538e+000
    endloop
  endfacet
  facet normal -1.000000e+000  0.000000e+000  0.000000e+000
    outer loop
      vertex -5.000000e+001  1.571988e+001 -1.426370e+001
      vertex -5.000000e+001  4.019172e+000 -7.076538e+000
      vertex -5.000000e+001  3.697963e+000 -6.398325e+000
    endloop
  endfacet
  facet normal -1.000000e+000  0.000000e+000  0.000000e+000
    outer loop
      vertex -5.000000e+001  1.571988e+001 -1.426370e+001
      vertex -5.000000e+001  3.697963e+000 -6.398325e+000
      vertex -5.000000e+001  3.000000e+000 -5.000000e+000
    endloop
  endfacet
  facet normal -1.000000e+000  0.000000e+000  0.000000e+000
    outer loop
      vertex -5.000000e+001  1.571988e+001 -1.426370e+001
      vertex -5.000000e+001  3.000000e+000 -5.000000e+000
      vertex -5.000000e+001  4.414214e+000 -4.414214e+000
    endloop
  endfacet
  facet normal -9.999999e-001  0.000000e+000  0.000000e+000
    outer loop
      vertex -5.000000e+001  1.571988e+001 -1.426370e+001
      vertex -5.000000e+001  4.414214e+000 -4.414214e+000
      vertex -5.000000e+001  5.000000e+000 -3.000000e+000
    endloop
  endfacet
  facet normal -1.000000e+000  0.000000e+000  0.000000e+000
    outer loop
      vertex -5.000000e+001  1.571988e+001 -1.426370e+001
      vertex -5.000000e+001  5.000000e+000 -3.000000e+000
      vertex -5.000000e+001  4.414214e+000 -1.585786e+000
    endloop
  endfacet
  facet normal -1.000000e+000  0.000000e+000  0.000000e+000
    outer loop
      vertex -5.000000e+001  1.571988e+001 -1.426370e+001
      vertex -5.000000e+001  4.414214e+000 -1.585786e+000
      vertex -5.000000e+001  1.107248e+002 -1.046119e+002
    endloop
  endfacet
  facet normal -9.999999e-001  -0.000000e+000  0.000000e+000
    outer loop
      vertex -5.000000e+001  1.571988e+001 -1.426370e+001
      vertex -5.000000e+001  1.107248e+002 -1.046119e+002
      vertex -5.000000e+001  1.087380e+002 -1.065986e+002
    endloop
  endfacet
  facet normal -1.000000e+000  0.000000e+000  0.000000e+000
    outer loop
      vertex -5.000000e+001  1.107248e+002 -1.046119e+002
      vertex -5.000000e+001  4.414214e+000 -1.585786e+000
      vertex -5.000000e+001  6.116826e+000  0.000000e+000
    endloop
  endfacet
  facet normal -1.000000e+000  0.000000e+000  0.000000e+000
    outer loop
      vertex -5.000000e+001  6.116826e+000  0.000000e+000
      vertex -5.000000e+001  4.414214e+000 -1.585786e+000
      vertex -5.000000e+001  3.000000e+000 -1.000000e+000
    endloop
  endfacet
  facet normal -1.000000e+000  0.000000e+000  0.000000e+000
    outer loop
      vertex -5.000000e+001  6.116826e+000  0.000000e+000
      vertex -5.000000e+001  3.000000e+000 -1.000000e+000
      vertex -5.000000e+001  3.000000e+000  0.000000e+000
    endloop
  endfacet
  facet normal -1.000000e+000  0.000000e+000  -0.000000e+000
    outer loop
      vertex -5.000000e+001  3.000000e+000  0.000000e+000
      vertex -5.000000e+001  3.000000e+000 -1.000000e+000
      vertex -5.000000e+001  4.019238e-001 -1.500000e+000
    endloop
  endfacet
  facet normal -1.000000e+000  0.000000e+000  0.000000e+000
    outer loop
      vertex -5.000000e+001  3.000000e+000  0.000000e+000
      vertex -5.000000e+001  4.019238e-001 -1.500000e+000
      vertex -5.000000e+001  1.500000e+000 -4.019238e-001
    endloop
  endfacet
  facet normal -1.000000e+000  0.000000e+000  0.000000e+000
    outer loop
      vertex -5.000000e+001  3.000000e+000 -6.122653e+000
      vertex -5.000000e+001  1.464210e+000 -5.700129e+000
      vertex -5.000000e+001  3.000000e+000 -5.000000e+000
    endloop
  endfacet
  facet normal -1.000000e+000  -0.000000e+000  0.000000e+000
    outer loop
      vertex -5.000000e+001  3.000000e+000 -5.000000e+000
      vertex -5.000000e+001  1.464210e+000 -5.700129e+000
      vertex -5.000000e+001  3.606776e-001 -4.551480e+000
    endloop
  endfacet
  facet normal -1.000000e+000  0.000000e+000  0.000000e+000
    outer loop
      vertex -5.000000e+001  3.000000e+000 -5.000000e+000
      vertex -5.000000e+001  3.606776e-001 -4.551480e+000
      vertex -5.000000e+001  1.585786e+000 -4.414214e+000
    endloop
  endfacet
  facet normal -1.000000e+000  -0.000000e+000  0.000000e+000
    outer loop
      vertex -5.000000e+001  1.585786e+000 -4.414214e+000
      vertex -5.000000e+001  3.606776e-001 -4.551480e+000
      vertex -5.000000e+001  0.000000e+000 -3.000000e+000
    endloop
  endfacet
  facet normal -9.999999e-001  0.000000e+000  0.000000e+000
    outer loop
      vertex -5.000000e+001  1.585786e+000 -4.414214e+000
      vertex -5.000000e+001  0.000000e+000 -3.000000e+000
      vertex -5.000000e+001  1.000000e+000 -3.000000e+000
    endloop
  endfacet
  facet normal -1.000000e+000  0.000000e+000  0.000000e+000
    outer loop
      vertex -5.000000e+001  1.000000e+000 -3.000000e+000
      vertex -5.000000e+001  0.000000e+000 -3.000000e+000
      vertex -5.000000e+001  4.019238e-001 -1.500000e+000
    endloop
  endfacet
  facet normal -1.000000e+000  0.000000e+000  0.000000e+000
    outer loop
      vertex -5.000000e+001  1.000000e+000 -3.000000e+000
      vertex -5.000000e+001  4.019238e-001 -1.500000e+000
      vertex -5.000000e+001  1.585786e+000 -1.585786e+000
    endloop
  endfacet
  facet normal  0.000000e+000 -1.000000e+000  0.000000e+000
    outer loop
      vertex -8.063093e+000  1.202858e+002 -1.180617e+002
      vertex -4.193690e+001  1.202858e+002 -1.180617e+002
      vertex -8.862631e+000  1.202858e+002 -1.203434e+002
    endloop
  endfacet
  facet normal  0.000000e+000 -1.000000e+000  0.000000e+000
    outer loop
      vertex -8.862631e+000  1.202858e+002 -1.203434e+002
      vertex -4.193690e+001  1.202858e+002 -1.180617e+002
      vertex -4.113737e+001  1.202858e+002 -1.203434e+002
    endloop
  endfacet
  facet normal  0.000000e+000 -6.854724e-001 -7.280986e-001
    outer loop
      vertex -1.022450e+001  1.256334e+002 -1.253779e+002
      vertex -1.022450e+001  1.222877e+002 -1.222281e+002
      vertex -3.977550e+001  1.256334e+002 -1.253779e+002
    endloop
  endfacet
  facet normal  0.000000e+000 -6.854732e-001 -7.280979e-001
    outer loop
      vertex -8.862631e+000  1.202858e+002 -1.203434e+002
      vertex -4.113737e+001  1.202858e+002 -1.203434e+002
      vertex -3.977550e+001  1.222877e+002 -1.222281e+002
    endloop
  endfacet
  facet normal  9.399342e-008 -6.854724e-001 -7.280985e-001
    outer loop
      vertex -8.862631e+000  1.202858e+002 -1.203434e+002
      vertex -3.977550e+001  1.222877e+002 -1.222281e+002
      vertex -3.977550e+001  1.256334e+002 -1.253779e+002
    endloop
  endfacet
  facet normal -1.780387e-007 -6.854733e-001 -7.280977e-001
    outer loop
      vertex -8.862631e+000  1.202858e+002 -1.203434e+002
      vertex -3.977550e+001  1.256334e+002 -1.253779e+002
      vertex -1.022450e+001  1.222877e+002 -1.222281e+002
    endloop
  endfacet
  facet normal  -0.000000e+000 -6.047588e-002 -9.981697e-001
    outer loop
      vertex -3.977550e+001  1.291749e+002 -1.299944e+002
      vertex -1.022450e+001  1.291749e+002 -1.299944e+002
      vertex -3.977550e+001  1.273769e+002 -1.298855e+002
    endloop
  endfacet
  facet normal  0.000000e+000 -6.047588e-002 -9.981697e-001
    outer loop
      vertex -3.977550e+001  1.273769e+002 -1.298855e+002
      vertex -1.022450e+001  1.291749e+002 -1.299944e+002
      vertex -1.022450e+001  1.273769e+002 -1.298855e+002
    endloop
  endfacet
  facet normal  -0.000000e+000 -5.900434e-001 -8.073716e-001
    outer loop
      vertex -3.977550e+001  1.273769e+002 -1.298855e+002
      vertex -1.022450e+001  1.273769e+002 -1.298855e+002
      vertex -3.977550e+001  1.259226e+002 -1.288226e+002
    endloop
  endfacet
  facet normal  0.000000e+000 -5.900434e-001 -8.073716e-001
    outer loop
      vertex -3.977550e+001  1.259226e+002 -1.288226e+002
      vertex -1.022450e+001  1.273769e+002 -1.298855e+002
      vertex -1.022450e+001  1.259226e+002 -1.288226e+002
    endloop
  endfacet
  facet normal  -0.000000e+000 -9.326605e-001 -3.607555e-001
    outer loop
      vertex -3.977550e+001  1.259226e+002 -1.288226e+002
      vertex -1.022450e+001  1.259226e+002 -1.288226e+002
      vertex -3.977550e+001  1.252728e+002 -1.271427e+002
    endloop
  endfacet
  facet normal  0.000000e+000 -9.326605e-001 -3.607555e-001
    outer loop
      vertex -3.977550e+001  1.252728e+002 -1.271427e+002
      vertex -1.022450e+001  1.259226e+002 -1.288226e+002
      vertex -1.022450e+001  1.252728e+002 -1.271427e+002
    endloop
  endfacet
  facet normal  0.000000e+000 -9.797630e-001  2.001611e-001
    outer loop
      vertex -3.977550e+001  1.252728e+002 -1.271427e+002
      vertex -1.022450e+001  1.252728e+002 -1.271427e+002
      vertex -3.977550e+001  1.256334e+002 -1.253779e+002
    endloop
  endfacet
  facet normal  0.000000e+000 -9.797630e-001  2.001611e-001
    outer loop
      vertex -3.977550e+001  1.256334e+002 -1.253779e+002
      vertex -1.022450e+001  1.252728e+002 -1.271427e+002
      vertex -1.022450e+001  1.256334e+002 -1.253779e+002
    endloop
  endfacet
  facet normal  0.000000e+000  3.216968e-001 -9.468427e-001
    outer loop
      vertex -1.022450e+001  1.291749e+002 -1.299944e+002
      vertex -3.977550e+001  1.291749e+002 -1.299944e+002
      vertex -1.022450e+001  1.297964e+002 -1.297832e+002
    endloop
  endfacet
  facet normal  0.000000e+000  3.216968e-001 -9.468427e-001
    outer loop
      vertex -1.022450e+001  1.297964e+002 -1.297832e+002
      vertex -3.977550e+001  1.291749e+002 -1.299944e+002
      vertex -3.977550e+001  1.297964e+002 -1.297832e+002
    endloop
  endfacet
  facet normal  0.000000e+000  8.660334e-001  4.999861e-001
    outer loop
      vertex -3.977550e+001  1.307244e+002 -1.246122e+002
      vertex -1.022450e+001  1.307244e+002 -1.246122e+002
      vertex -3.977550e+001  1.315526e+002 -1.260468e+002
    endloop
  endfacet
  facet normal  -0.000000e+000  8.660334e-001  4.999861e-001
    outer loop
      vertex -3.977550e+001  1.315526e+002 -1.260468e+002
      vertex -1.022450e+001  1.307244e+002 -1.246122e+002
      vertex -1.022450e+001  1.315526e+002 -1.260468e+002
    endloop
  endfacet
  facet normal  0.000000e+000  1.000000e+000 -1.842359e-005
    outer loop
      vertex -3.977550e+001  1.315526e+002 -1.260468e+002
      vertex -1.022450e+001  1.315526e+002 -1.260468e+002
      vertex -3.977550e+001  1.315526e+002 -1.277032e+002
    endloop
  endfacet
  facet normal  0.000000e+000  1.000000e+000 -1.842359e-005
    outer loop
      vertex -3.977550e+001  1.315526e+002 -1.277032e+002
      vertex -1.022450e+001  1.315526e+002 -1.260468e+002
      vertex -1.022450e+001  1.315526e+002 -1.277032e+002
    endloop
  endfacet
  facet normal  0.000000e+000  8.660157e-001 -5.000168e-001
    outer loop
      vertex -3.977550e+001  1.315526e+002 -1.277032e+002
      vertex -1.022450e+001  1.315526e+002 -1.277032e+002
      vertex -3.977550e+001  1.307243e+002 -1.291377e+002
    endloop
  endfacet
  facet normal  0.000000e+000  8.660157e-001 -5.000168e-001
    outer loop
      vertex -3.977550e+001  1.307243e+002 -1.291377e+002
      vertex -1.022450e+001  1.315526e+002 -1.277032e+002
      vertex -1.022450e+001  1.307243e+002 -1.291377e+002
    endloop
  endfacet
  facet normal  0.000000e+000  5.710890e-001 -8.208882e-001
    outer loop
      vertex -3.977550e+001  1.307243e+002 -1.291377e+002
      vertex -1.022450e+001  1.307243e+002 -1.291377e+002
      vertex -3.977550e+001  1.297964e+002 -1.297832e+002
    endloop
  endfacet
  facet normal  0.000000e+000  5.710890e-001 -8.208882e-001
    outer loop
      vertex -3.977550e+001  1.297964e+002 -1.297832e+002
      vertex -1.022450e+001  1.307243e+002 -1.291377e+002
      vertex -1.022450e+001  1.297964e+002 -1.297832e+002
    endloop
  endfacet
  facet normal  0.000000e+000 -3.826822e-001  9.238800e-001
    outer loop
      vertex -3.977550e+001  1.284616e+002 -1.288749e+002
      vertex -1.022450e+001  1.298758e+002 -1.282891e+002
      vertex -3.977550e+001  1.298758e+002 -1.282891e+002
    endloop
  endfacet
  facet normal  0.000000e+000 -9.238793e-001  3.826840e-001
    outer loop
      vertex -3.977550e+001  1.298758e+002 -1.282891e+002
      vertex -1.022450e+001  1.298758e+002 -1.282891e+002
      vertex -1.022450e+001  1.304616e+002 -1.268749e+002
    endloop
  endfacet
  facet normal  0.000000e+000 -9.238793e-001  3.826840e-001
    outer loop
      vertex -3.977550e+001  1.298758e+002 -1.282891e+002
      vertex -1.022450e+001  1.304616e+002 -1.268749e+002
      vertex -3.977550e+001  1.304616e+002 -1.268749e+002
    endloop
  endfacet
  facet normal  0.000000e+000 -3.826822e-001  9.238800e-001
    outer loop
      vertex -1.022450e+001  1.298758e+002 -1.282891e+002
      vertex -3.977550e+001  1.284616e+002 -1.288749e+002
      vertex -1.022450e+001  1.284616e+002 -1.288749e+002
    endloop
  endfacet
  facet normal  0.000000e+000  3.826840e-001  9.238793e-001
    outer loop
      vertex -1.022450e+001  1.284616e+002 -1.288749e+002
      vertex -3.977550e+001  1.284616e+002 -1.288749e+002
      vertex -3.977550e+001  1.270474e+002 -1.282891e+002
    endloop
  endfacet
  facet normal  -0.000000e+000  3.826840e-001  9.238793e-001
    outer loop
      vertex -1.022450e+001  1.284616e+002 -1.288749e+002
      vertex -3.977550e+001  1.270474e+002 -1.282891e+002
      vertex -1.022450e+001  1.270474e+002 -1.282891e+002
    endloop
  endfacet
  facet normal  0.000000e+000  9.238793e-001  3.826840e-001
    outer loop
      vertex -1.022450e+001  1.270474e+002 -1.282891e+002
      vertex -3.977550e+001  1.270474e+002 -1.282891e+002
      vertex -3.977550e+001  1.264616e+002 -1.268749e+002
    endloop
  endfacet
  facet normal  -0.000000e+000  9.238793e-001  3.826840e-001
    outer loop
      vertex -1.022450e+001  1.270474e+002 -1.282891e+002
      vertex -3.977550e+001  1.264616e+002 -1.268749e+002
      vertex -1.022450e+001  1.264616e+002 -1.268749e+002
    endloop
  endfacet
  facet normal  0.000000e+000  3.826840e-001 -9.238793e-001
    outer loop
      vertex -3.977550e+001  1.284616e+002 -1.248749e+002
      vertex -1.022450e+001  1.270474e+002 -1.254607e+002
      vertex -3.977550e+001  1.270474e+002 -1.254607e+002
    endloop
  endfacet
  facet normal  0.000000e+000  9.238800e-001 -3.826822e-001
    outer loop
      vertex -3.977550e+001  1.270474e+002 -1.254607e+002
      vertex -1.022450e+001  1.270474e+002 -1.254607e+002
      vertex -1.022450e+001  1.264616e+002 -1.268749e+002
    endloop
  endfacet
  facet normal  0.000000e+000  9.238800e-001 -3.826822e-001
    outer loop
      vertex -3.977550e+001  1.270474e+002 -1.254607e+002
      vertex -1.022450e+001  1.264616e+002 -1.268749e+002
      vertex -3.977550e+001  1.264616e+002 -1.268749e+002
    endloop
  endfacet
  facet normal  0.000000e+000  3.826840e-001 -9.238793e-001
    outer loop
      vertex -1.022450e+001  1.270474e+002 -1.254607e+002
      vertex -3.977550e+001  1.284616e+002 -1.248749e+002
      vertex -1.022450e+001  1.284616e+002 -1.248749e+002
    endloop
  endfacet
  facet normal  -0.000000e+000 -3.826822e-001 -9.238800e-001
    outer loop
      vertex -1.022450e+001  1.284616e+002 -1.248749e+002
      vertex -3.977550e+001  1.284616e+002 -1.248749e+002
      vertex -3.977550e+001  1.298758e+002 -1.254607e+002
    endloop
  endfacet
  facet normal  0.000000e+000 -3.826822e-001 -9.238800e-001
    outer loop
      vertex -1.022450e+001  1.284616e+002 -1.248749e+002
      vertex -3.977550e+001  1.298758e+002 -1.254607e+002
      vertex -1.022450e+001  1.298758e+002 -1.254607e+002
    endloop
  endfacet
  facet normal  -0.000000e+000 -9.238800e-001 -3.826822e-001
    outer loop
      vertex -1.022450e+001  1.298758e+002 -1.254607e+002
      vertex -3.977550e+001  1.298758e+002 -1.254607e+002
      vertex -3.977550e+001  1.304616e+002 -1.268749e+002
    endloop
  endfacet
  facet normal  0.000000e+000 -9.238800e-001 -3.826822e-001
    outer loop
      vertex -1.022450e+001  1.298758e+002 -1.254607e+002
      vertex -3.977550e+001  1.304616e+002 -1.268749e+002
      vertex -1.022450e+001  1.304616e+002 -1.268749e+002
    endloop
  endfacet
  facet normal -8.960178e-001  3.139622e-001 -3.139740e-001
    outer loop
      vertex -3.977550e+001  1.222877e+002 -1.222281e+002
      vertex -4.113737e+001  1.202858e+002 -1.203434e+002
      vertex -3.977550e+001  1.253141e+002 -1.192018e+002
    endloop
  endfacet
  facet normal -8.960186e-001  3.139620e-001 -3.139720e-001
    outer loop
      vertex -3.977550e+001  1.253141e+002 -1.192018e+002
      vertex -4.113737e+001  1.202858e+002 -1.203434e+002
      vertex -4.193690e+001  1.202858e+002 -1.180617e+002
    endloop
  endfacet
  facet normal -8.960181e-001  3.139612e-001 -3.139744e-001
    outer loop
      vertex -3.977550e+001  1.253141e+002 -1.192018e+002
      vertex -4.193690e+001  1.202858e+002 -1.180617e+002
      vertex -5.000000e+001  1.107248e+002 -1.046119e+002
    endloop
  endfacet
  facet normal -8.960181e-001  3.139619e-001 -3.139739e-001
    outer loop
      vertex -5.000000e+001  1.107248e+002 -1.046119e+002
      vertex -4.193690e+001  1.202858e+002 -1.180617e+002
      vertex -5.000000e+001  1.087380e+002 -1.065986e+002
    endloop
  endfacet
  facet normal -1.000000e+000  0.000000e+000  0.000000e+000
    outer loop
      vertex -3.977550e+001  1.222877e+002 -1.222281e+002
      vertex -3.977550e+001  1.298758e+002 -1.254607e+002
      vertex -3.977550e+001  1.284616e+002 -1.248749e+002
    endloop
  endfacet
  facet normal -1.000000e+000  0.000000e+000  0.000000e+000
    outer loop
      vertex -3.977550e+001  1.256334e+002 -1.253779e+002
      vertex -3.977550e+001  1.222877e+002 -1.222281e+002
      vertex -3.977550e+001  1.284616e+002 -1.248749e+002
    endloop
  endfacet
  facet normal -1.000000e+000  0.000000e+000  0.000000e+000
    outer loop
      vertex -3.977550e+001  1.256334e+002 -1.253779e+002
      vertex -3.977550e+001  1.284616e+002 -1.248749e+002
      vertex -3.977550e+001  1.270474e+002 -1.254607e+002
    endloop
  endfacet
  facet normal -1.000000e+000  -0.000000e+000  0.000000e+000
    outer loop
      vertex -3.977550e+001  1.256334e+002 -1.253779e+002
      vertex -3.977550e+001  1.270474e+002 -1.254607e+002
      vertex -3.977550e+001  1.264616e+002 -1.268749e+002
    endloop
  endfacet
  facet normal -1.000000e+000  -0.000000e+000  -0.000000e+000
    outer loop
      vertex -3.977550e+001  1.256334e+002 -1.253779e+002
      vertex -3.977550e+001  1.264616e+002 -1.268749e+002
      vertex -3.977550e+001  1.270474e+002 -1.282891e+002
    endloop
  endfacet
  facet normal -1.000000e+000  0.000000e+000  0.000000e+000
    outer loop
      vertex -3.977550e+001  1.256334e+002 -1.253779e+002
      vertex -3.977550e+001  1.270474e+002 -1.282891e+002
      vertex -3.977550e+001  1.252728e+002 -1.271427e+002
    endloop
  endfacet
  facet normal -1.000000e+000  0.000000e+000  0.000000e+000
    outer loop
      vertex -3.977550e+001  1.259226e+002 -1.288226e+002
      vertex -3.977550e+001  1.252728e+002 -1.271427e+002
      vertex -3.977550e+001  1.273769e+002 -1.298855e+002
    endloop
  endfacet
  facet normal -1.000000e+000  0.000000e+000  0.000000e+000
    outer loop
      vertex -3.977550e+001  1.273769e+002 -1.298855e+002
      vertex -3.977550e+001  1.252728e+002 -1.271427e+002
      vertex -3.977550e+001  1.270474e+002 -1.282891e+002
    endloop
  endfacet
  facet normal -1.000000e+000  0.000000e+000  0.000000e+000
    outer loop
      vertex -3.977550e+001  1.273769e+002 -1.298855e+002
      vertex -3.977550e+001  1.270474e+002 -1.282891e+002
      vertex -3.977550e+001  1.291749e+002 -1.299944e+002
    endloop
  endfacet
  facet normal -1.000000e+000  0.000000e+000  0.000000e+000
    outer loop
      vertex -3.977550e+001  1.291749e+002 -1.299944e+002
      vertex -3.977550e+001  1.270474e+002 -1.282891e+002
      vertex -3.977550e+001  1.284616e+002 -1.288749e+002
    endloop
  endfacet
  facet normal -1.000000e+000  0.000000e+000  0.000000e+000
    outer loop
      vertex -3.977550e+001  1.291749e+002 -1.299944e+002
      vertex -3.977550e+001  1.284616e+002 -1.288749e+002
      vertex -3.977550e+001  1.297964e+002 -1.297832e+002
    endloop
  endfacet
  facet normal -1.000000e+000  0.000000e+000  0.000000e+000
    outer loop
      vertex -3.977550e+001  1.297964e+002 -1.297832e+002
      vertex -3.977550e+001  1.284616e+002 -1.288749e+002
      vertex -3.977550e+001  1.298758e+002 -1.282891e+002
    endloop
  endfacet
  facet normal -1.000000e+000  0.000000e+000  -0.000000e+000
    outer loop
      vertex -3.977550e+001  1.297964e+002 -1.297832e+002
      vertex -3.977550e+001  1.298758e+002 -1.282891e+002
      vertex -3.977550e+001  1.307243e+002 -1.291377e+002
    endloop
  endfacet
  facet normal -1.000000e+000  0.000000e+000  -0.000000e+000
    outer loop
      vertex -3.977550e+001  1.222877e+002 -1.222281e+002
      vertex -3.977550e+001  1.253141e+002 -1.192018e+002
      vertex -3.977550e+001  1.298758e+002 -1.254607e+002
    endloop
  endfacet
  facet normal -1.000000e+000  0.000000e+000  0.000000e+000
    outer loop
      vertex -3.977550e+001  1.298758e+002 -1.254607e+002
      vertex -3.977550e+001  1.253141e+002 -1.192018e+002
      vertex -3.977550e+001  1.307244e+002 -1.246122e+002
    endloop
  endfacet
  facet normal -1.000000e+000  0.000000e+000  -0.000000e+000
    outer loop
      vertex -3.977550e+001  1.298758e+002 -1.254607e+002
      vertex -3.977550e+001  1.307244e+002 -1.246122e+002
      vertex -3.977550e+001  1.315526e+002 -1.260468e+002
    endloop
  endfacet
  facet normal -1.000000e+000  0.000000e+000  0.000000e+000
    outer loop
      vertex -3.977550e+001  1.307243e+002 -1.291377e+002
      vertex -3.977550e+001  1.298758e+002 -1.282891e+002
      vertex -3.977550e+001  1.315526e+002 -1.277032e+002
    endloop
  endfacet
  facet normal -1.000000e+000  -0.000000e+000  0.000000e+000
    outer loop
      vertex -3.977550e+001  1.315526e+002 -1.277032e+002
      vertex -3.977550e+001  1.298758e+002 -1.282891e+002
      vertex -3.977550e+001  1.304616e+002 -1.268749e+002
    endloop
  endfacet
  facet normal -1.000000e+000  0.000000e+000  0.000000e+000
    outer loop
      vertex -3.977550e+001  1.315526e+002 -1.277032e+002
      vertex -3.977550e+001  1.304616e+002 -1.268749e+002
      vertex -3.977550e+001  1.315526e+002 -1.260468e+002
    endloop
  endfacet
  facet normal -1.000000e+000  -0.000000e+000  0.000000e+000
    outer loop
      vertex -3.977550e+001  1.315526e+002 -1.260468e+002
      vertex -3.977550e+001  1.304616e+002 -1.268749e+002
      vertex -3.977550e+001  1.298758e+002 -1.254607e+002
    endloop
  endfacet
  facet normal  1.000000e+000  0.000000e+000  0.000000e+000
    outer loop
      vertex -1.022450e+001  1.284616e+002 -1.248749e+002
      vertex -1.022450e+001  1.298758e+002 -1.254607e+002
      vertex -1.022450e+001  1.222877e+002 -1.222281e+002
    endloop
  endfacet
  facet normal  1.000000e+000  -0.000000e+000  0.000000e+000
    outer loop
      vertex -1.022450e+001  1.256334e+002 -1.253779e+002
      vertex -1.022450e+001  1.252728e+002 -1.271427e+002
      vertex -1.022450e+001  1.270474e+002 -1.282891e+002
    endloop
  endfacet
  facet normal  1.000000e+000  0.000000e+000  0.000000e+000
    outer loop
      vertex -1.022450e+001  1.256334e+002 -1.253779e+002
      vertex -1.022450e+001  1.270474e+002 -1.282891e+002
      vertex -1.022450e+001  1.264616e+002 -1.268749e+002
    endloop
  endfacet
  facet normal  1.000000e+000  0.000000e+000  -0.000000e+000
    outer loop
      vertex -1.022450e+001  1.256334e+002 -1.253779e+002
      vertex -1.022450e+001  1.264616e+002 -1.268749e+002
      vertex -1.022450e+001  1.270474e+002 -1.254607e+002
    endloop
  endfacet
  facet normal  1.000000e+000  0.000000e+000  -0.000000e+000
    outer loop
      vertex -1.022450e+001  1.256334e+002 -1.253779e+002
      vertex -1.022450e+001  1.270474e+002 -1.254607e+002
      vertex -1.022450e+001  1.284616e+002 -1.248749e+002
    endloop
  endfacet
  facet normal  1.000000e+000  0.000000e+000  0.000000e+000
    outer loop
      vertex -1.022450e+001  1.256334e+002 -1.253779e+002
      vertex -1.022450e+001  1.284616e+002 -1.248749e+002
      vertex -1.022450e+001  1.222877e+002 -1.222281e+002
    endloop
  endfacet
  facet normal  1.000000e+000  0.000000e+000  0.000000e+000
    outer loop
      vertex -1.022450e+001  1.307243e+002 -1.291377e+002
      vertex -1.022450e+001  1.298758e+002 -1.282891e+002
      vertex -1.022450e+001  1.297964e+002 -1.297832e+002
    endloop
  endfacet
  facet normal  1.000000e+000  0.000000e+000  -0.000000e+000
    outer loop
      vertex -1.022450e+001  1.297964e+002 -1.297832e+002
      vertex -1.022450e+001  1.298758e+002 -1.282891e+002
      vertex -1.022450e+001  1.284616e+002 -1.288749e+002
    endloop
  endfacet
  facet normal  1.000000e+000  0.000000e+000  0.000000e+000
    outer loop
      vertex -1.022450e+001  1.297964e+002 -1.297832e+002
      vertex -1.022450e+001  1.284616e+002 -1.288749e+002
      vertex -1.022450e+001  1.291749e+002 -1.299944e+002
    endloop
  endfacet
  facet normal  1.000000e+000  0.000000e+000  0.000000e+000
    outer loop
      vertex -1.022450e+001  1.291749e+002 -1.299944e+002
      vertex -1.022450e+001  1.284616e+002 -1.288749e+002
      vertex -1.022450e+001  1.270474e+002 -1.282891e+002
    endloop
  endfacet
  facet normal  1.000000e+000  0.000000e+000  0.000000e+000
    outer loop
      vertex -1.022450e+001  1.291749e+002 -1.299944e+002
      vertex -1.022450e+001  1.270474e+002 -1.282891e+002
      vertex -1.022450e+001  1.273769e+002 -1.298855e+002
    endloop
  endfacet
  facet normal  1.000000e+000  0.000000e+000  0.000000e+000
    outer loop
      vertex -1.022450e+001  1.273769e+002 -1.298855e+002
      vertex -1.022450e+001  1.270474e+002 -1.282891e+002
      vertex -1.022450e+001  1.252728e+002 -1.271427e+002
    endloop
  endfacet
  facet normal  1.000000e+000  0.000000e+000  0.000000e+000
    outer loop
      vertex -1.022450e+001  1.273769e+002 -1.298855e+002
      vertex -1.022450e+001  1.252728e+002 -1.271427e+002
      vertex -1.022450e+001  1.259226e+002 -1.288226e+002
    endloop
  endfacet
  facet normal  1.000000e+000  0.000000e+000  0.000000e+000
    outer loop
      vertex -1.022450e+001  1.315526e+002 -1.260468e+002
      vertex -1.022450e+001  1.307244e+002 -1.246122e+002
      vertex -1.022450e+001  1.298758e+002 -1.254607e+002
    endloop
  endfacet
  facet normal  1.000000e+000  0.000000e+000  -0.000000e+000
    outer loop
      vertex -1.022450e+001  1.298758e+002 -1.254607e+002
      vertex -1.022450e+001  1.307244e+002 -1.246122e+002
      vertex -1.022450e+001  1.253141e+002 -1.192018e+002
    endloop
  endfacet
  facet normal  1.000000e+000  0.000000e+000  0.000000e+000
    outer loop
      vertex -1.022450e+001  1.298758e+002 -1.254607e+002
      vertex -1.022450e+001  1.253141e+002 -1.192018e+002
      vertex -1.022450e+001  1.222877e+002 -1.222281e+002
    endloop
  endfacet
  facet normal  1.000000e+000  0.000000e+000  0.000000e+000
    outer loop
      vertex -1.022450e+001  1.307243e+002 -1.291377e+002
      vertex -1.022450e+001  1.315526e+002 -1.277032e+002
      vertex -1.022450e+001  1.298758e+002 -1.282891e+002
    endloop
  endfacet
  facet normal  1.000000e+000  0.000000e+000  0.000000e+000
    outer loop
      vertex -1.022450e+001  1.298758e+002 -1.282891e+002
      vertex -1.022450e+001  1.315526e+002 -1.277032e+002
      vertex -1.022450e+001  1.304616e+002 -1.268749e+002
    endloop
  endfacet
  facet normal  1.000000e+000  0.000000e+000  0.000000e+000
    outer loop
      vertex -1.022450e+001  1.315526e+002 -1.277032e+002
      vertex -1.022450e+001  1.315526e+002 -1.260468e+002
      vertex -1.022450e+001  1.304616e+002 -1.268749e+002
    endloop
  endfacet
  facet normal  1.000000e+000  0.000000e+000  -0.000000e+000
    outer loop
      vertex -1.022450e+001  1.304616e+002 -1.268749e+002
      vertex -1.022450e+001  1.315526e+002 -1.260468e+002
      vertex -1.022450e+001  1.298758e+002 -1.254607e+002
    endloop
  endfacet
  facet normal  8.960181e-001  3.139618e-001 -3.139737e-001
    outer loop
      vertex -1.022450e+001  1.222877e+002 -1.222281e+002
      vertex -1.022450e+001  1.253141e+002 -1.192018e+002
      vertex -8.862631e+000  1.202858e+002 -1.203434e+002
    endloop
  endfacet
  facet normal  8.960183e-001  3.139618e-001 -3.139734e-001
    outer loop
      vertex -8.862631e+000  1.202858e+002 -1.203434e+002
      vertex -1.022450e+001  1.253141e+002 -1.192018e+002
      vertex -8.063093e+000  1.202858e+002 -1.180617e+002
    endloop
  endfacet
  facet normal  8.960182e-001  3.139616e-001 -3.139740e-001
    outer loop
      vertex -1.022450e+001  1.253141e+002 -1.192018e+002
      vertex  0.000000e+000  1.107248e+002 -1.046119e+002
      vertex -8.063093e+000  1.202858e+002 -1.180617e+002
    endloop
  endfacet
  facet normal  8.960181e-001  3.139618e-001 -3.139739e-001
    outer loop
      vertex -8.063093e+000  1.202858e+002 -1.180617e+002
      vertex  0.000000e+000  1.107248e+002 -1.046119e+002
      vertex  0.000000e+000  1.087380e+002 -1.065986e+002
    endloop
  endfacet
  facet normal  -0.000000e+000 -2.652625e-001 -9.641763e-001
    outer loop
      vertex -5.000000e+001  3.000000e+000 -6.122653e+000
      vertex -4.000000e+001  3.000000e+000 -6.122653e+000
      vertex -5.000000e+001  1.464210e+000 -5.700129e+000
    endloop
  endfacet
  facet normal  0.000000e+000 -2.652625e-001 -9.641763e-001
    outer loop
      vertex -5.000000e+001  1.464210e+000 -5.700129e+000
      vertex -4.000000e+001  3.000000e+000 -6.122653e+000
      vertex -4.000000e+001  1.464210e+000 -5.700129e+000
    endloop
  endfacet
  facet normal  -0.000000e+000 -7.211273e-001 -6.928025e-001
    outer loop
      vertex -5.000000e+001  1.464210e+000 -5.700129e+000
      vertex -4.000000e+001  1.464210e+000 -5.700129e+000
      vertex -5.000000e+001  3.606776e-001 -4.551480e+000
    endloop
  endfacet
  facet normal  0.000000e+000 -7.211273e-001 -6.928025e-001
    outer loop
      vertex -5.000000e+001  3.606776e-001 -4.551480e+000
      vertex -4.000000e+001  1.464210e+000 -5.700129e+000
      vertex -4.000000e+001  3.606776e-001 -4.551480e+000
    endloop
  endfacet
  facet normal  -0.000000e+000 -9.740262e-001 -2.264351e-001
    outer loop
      vertex -5.000000e+001  3.606776e-001 -4.551480e+000
      vertex -4.000000e+001  3.606776e-001 -4.551480e+000
      vertex -5.000000e+001  0.000000e+000 -3.000000e+000
    endloop
  endfacet
  facet normal  8.651090e-017 -9.740262e-001 -2.264351e-001
    outer loop
      vertex -5.000000e+001  0.000000e+000 -3.000000e+000
      vertex -4.000000e+001  3.606776e-001 -4.551480e+000
      vertex -4.000000e+001  8.881784e-016 -3.000000e+000
    endloop
  endfacet
  facet normal  -0.000000e+000 -2.652625e-001 -9.641763e-001
    outer loop
      vertex -1.000000e+001  3.000000e+000 -6.122653e+000
      vertex  0.000000e+000  3.000000e+000 -6.122653e+000
      vertex -1.000000e+001  1.464210e+000 -5.700129e+000
    endloop
  endfacet
  facet normal  0.000000e+000 -2.652625e-001 -9.641763e-001
    outer loop
      vertex -1.000000e+001  1.464210e+000 -5.700129e+000
      vertex  0.000000e+000  3.000000e+000 -6.122653e+000
      vertex  0.000000e+000  1.464210e+000 -5.700129e+000
    endloop
  endfacet
  facet normal  -0.000000e+000 -7.211273e-001 -6.928025e-001
    outer loop
      vertex -1.000000e+001  1.464210e+000 -5.700129e+000
      vertex  0.000000e+000  1.464210e+000 -5.700129e+000
      vertex -1.000000e+001  3.606776e-001 -4.551480e+000
    endloop
  endfacet
  facet normal  0.000000e+000 -7.211273e-001 -6.928025e-001
    outer loop
      vertex -1.000000e+001  3.606776e-001 -4.551480e+000
      vertex  0.000000e+000  1.464210e+000 -5.700129e+000
      vertex  0.000000e+000  3.606776e-001 -4.551480e+000
    endloop
  endfacet
  facet normal  -0.000000e+000 -9.740262e-001 -2.264351e-001
    outer loop
      vertex -1.000000e+001  3.606776e-001 -4.551480e+000
      vertex  0.000000e+000  3.606776e-001 -4.551480e+000
      vertex -1.000000e+001  0.000000e+000 -3.000000e+000
    endloop
  endfacet
  facet normal  0.000000e+000 -9.740262e-001 -2.264351e-001
    outer loop
      vertex -1.000000e+001  0.000000e+000 -3.000000e+000
      vertex  0.000000e+000  3.606776e-001 -4.551480e+000
      vertex  0.000000e+000  0.000000e+000 -3.000000e+000
    endloop
  endfacet
  facet normal  0.000000e+000 -3.673519e-001 -9.300820e-001
    outer loop
      vertex -5.000000e+001  3.000000e+000 -6.122653e+000
      vertex -5.000000e+001  3.697963e+000 -6.398325e+000
      vertex -4.000000e+001  3.000000e+000 -6.122653e+000
    endloop
  endfacet
  facet normal  0.000000e+000 -3.673519e-001 -9.300820e-001
    outer loop
      vertex -4.000000e+001  3.000000e+000 -6.122653e+000
      vertex -5.000000e+001  3.697963e+000 -6.398325e+000
      vertex -4.000000e+001  3.697963e+000 -6.398325e+000
    endloop
  endfacet
  facet normal  0.000000e+000 -9.037631e-001 -4.280331e-001
    outer loop
      vertex -5.000000e+001  3.697963e+000 -6.398325e+000
      vertex -5.000000e+001  4.019172e+000 -7.076538e+000
      vertex -4.000000e+001  3.697963e+000 -6.398325e+000
    endloop
  endfacet
  facet normal  0.000000e+000 -9.037631e-001 -4.280331e-001
    outer loop
      vertex -4.000000e+001  3.697963e+000 -6.398325e+000
      vertex -5.000000e+001  4.019172e+000 -7.076538e+000
      vertex -4.000000e+001  4.019172e+000 -7.076538e+000
    endloop
  endfacet
  facet normal  0.000000e+000 -3.673519e-001 -9.300820e-001
    outer loop
      vertex -1.000000e+001  3.000000e+000 -6.122653e+000
      vertex -1.000000e+001  3.697963e+000 -6.398325e+000
      vertex  0.000000e+000  3.000000e+000 -6.122653e+000
    endloop
  endfacet
  facet normal  0.000000e+000 -3.673519e-001 -9.300820e-001
    outer loop
      vertex  0.000000e+000  3.000000e+000 -6.122653e+000
      vertex -1.000000e+001  3.697963e+000 -6.398325e+000
      vertex  0.000000e+000  3.697963e+000 -6.398325e+000
    endloop
  endfacet
  facet normal  0.000000e+000 -9.037631e-001 -4.280331e-001
    outer loop
      vertex -1.000000e+001  3.697963e+000 -6.398325e+000
      vertex -1.000000e+001  4.019172e+000 -7.076538e+000
      vertex  0.000000e+000  3.697963e+000 -6.398325e+000
    endloop
  endfacet
  facet normal  0.000000e+000 -9.037631e-001 -4.280331e-001
    outer loop
      vertex  0.000000e+000  3.697963e+000 -6.398325e+000
      vertex -1.000000e+001  4.019172e+000 -7.076538e+000
      vertex  0.000000e+000  4.019172e+000 -7.076538e+000
    endloop
  endfacet
  facet normal  0.000000e+000  0.000000e+000  9.999999e-001
    outer loop
      vertex -4.000000e+001  3.000000e+000  0.000000e+000
      vertex -4.000000e+001  6.116826e+000  0.000000e+000
      vertex -5.000000e+001  3.000000e+000  0.000000e+000
    endloop
  endfacet
  facet normal  0.000000e+000  0.000000e+000  9.999999e-001
    outer loop
      vertex -5.000000e+001  3.000000e+000  0.000000e+000
      vertex -4.000000e+001  6.116826e+000  0.000000e+000
      vertex -5.000000e+001  6.116826e+000  0.000000e+000
    endloop
  endfacet
  facet normal  0.000000e+000  0.000000e+000  9.999999e-001
    outer loop
      vertex  0.000000e+000  3.000000e+000  0.000000e+000
      vertex  0.000000e+000  6.116826e+000  0.000000e+000
      vertex -1.000000e+001  3.000000e+000  0.000000e+000
    endloop
  endfacet
  facet normal  0.000000e+000  0.000000e+000  9.999999e-001
    outer loop
      vertex -1.000000e+001  3.000000e+000  0.000000e+000
      vertex  0.000000e+000  6.116826e+000  0.000000e+000
      vertex -1.000000e+001  6.116826e+000  0.000000e+000
    endloop
  endfacet
  facet normal  -0.000000e+000 -7.071200e-001 -7.070935e-001
    outer loop
      vertex -5.000000e+001  9.985382e+000 -1.304297e+001
      vertex -4.000000e+001  4.019172e+000 -7.076538e+000
      vertex -5.000000e+001  4.019172e+000 -7.076538e+000
    endloop
  endfacet
  facet normal  0.000000e+000 -7.071199e-001 -7.070937e-001
    outer loop
      vertex -4.000000e+001  4.019172e+000 -7.076538e+000
      vertex -5.000000e+001  9.985382e+000 -1.304297e+001
      vertex -4.000000e+001  4.656234e+000 -7.713624e+000
    endloop
  endfacet
  facet normal  0.000000e+000 -7.071200e-001 -7.070936e-001
    outer loop
      vertex -4.000000e+001  4.656234e+000 -7.713624e+000
      vertex -5.000000e+001  9.985382e+000 -1.304297e+001
      vertex  0.000000e+000  9.985382e+000 -1.304297e+001
    endloop
  endfacet
  facet normal  0.000000e+000 -7.071200e-001 -7.070936e-001
    outer loop
      vertex -4.000000e+001  4.656234e+000 -7.713624e+000
      vertex  0.000000e+000  9.985382e+000 -1.304297e+001
      vertex -1.000000e+001  4.656234e+000 -7.713624e+000
    endloop
  endfacet
  facet normal  0.000000e+000 -7.071200e-001 -7.070935e-001
    outer loop
      vertex -1.000000e+001  4.656234e+000 -7.713624e+000
      vertex  0.000000e+000  9.985382e+000 -1.304297e+001
      vertex  0.000000e+000  4.019172e+000 -7.076538e+000
    endloop
  endfacet
  facet normal  -0.000000e+000 -7.071201e-001 -7.070936e-001
    outer loop
      vertex -1.000000e+001  4.656234e+000 -7.713624e+000
      vertex  0.000000e+000  4.019172e+000 -7.076538e+000
      vertex -1.000000e+001  4.019172e+000 -7.076538e+000
    endloop
  endfacet
  facet normal  0.000000e+000 -3.826833e-001  9.238795e-001
    outer loop
      vertex -5.000000e+001  3.000000e+000 -5.000000e+000
      vertex -4.000000e+001  4.414214e+000 -4.414214e+000
      vertex -5.000000e+001  4.414214e+000 -4.414214e+000
    endloop
  endfacet
  facet normal  0.000000e+000 -9.238795e-001  3.826833e-001
    outer loop
      vertex -5.000000e+001  4.414214e+000 -4.414214e+000
      vertex -4.000000e+001  4.414214e+000 -4.414214e+000
      vertex -4.000000e+001  5.000000e+000 -3.000000e+000
    endloop
  endfacet
  facet normal  0.000000e+000 -9.238795e-001  3.826833e-001
    outer loop
      vertex -5.000000e+001  4.414214e+000 -4.414214e+000
      vertex -4.000000e+001  5.000000e+000 -3.000000e+000
      vertex -5.000000e+001  5.000000e+000 -3.000000e+000
    endloop
  endfacet
  facet normal  0.000000e+000 -3.826833e-001  9.238795e-001
    outer loop
      vertex -4.000000e+001  4.414214e+000 -4.414214e+000
      vertex -5.000000e+001  3.000000e+000 -5.000000e+000
      vertex -4.000000e+001  3.000000e+000 -5.000000e+000
    endloop
  endfacet
  facet normal  0.000000e+000  3.826834e-001  9.238796e-001
    outer loop
      vertex -4.000000e+001  3.000000e+000 -5.000000e+000
      vertex -5.000000e+001  3.000000e+000 -5.000000e+000
      vertex -5.000000e+001  1.585786e+000 -4.414214e+000
    endloop
  endfacet
  facet normal  -0.000000e+000  3.826834e-001  9.238796e-001
    outer loop
      vertex -4.000000e+001  3.000000e+000 -5.000000e+000
      vertex -5.000000e+001  1.585786e+000 -4.414214e+000
      vertex -4.000000e+001  1.585786e+000 -4.414214e+000
    endloop
  endfacet
  facet normal  0.000000e+000  9.238795e-001  3.826834e-001
    outer loop
      vertex -4.000000e+001  1.585786e+000 -4.414214e+000
      vertex -5.000000e+001  1.585786e+000 -4.414214e+000
      vertex -5.000000e+001  1.000000e+000 -3.000000e+000
    endloop
  endfacet
  facet normal  -0.000000e+000  9.238795e-001  3.826834e-001
    outer loop
      vertex -4.000000e+001  1.585786e+000 -4.414214e+000
      vertex -5.000000e+001  1.000000e+000 -3.000000e+000
      vertex -4.000000e+001  1.000000e+000 -3.000000e+000
    endloop
  endfacet
  facet normal  0.000000e+000 -3.826833e-001  9.238795e-001
    outer loop
      vertex -1.000000e+001  3.000000e+000 -5.000000e+000
      vertex  0.000000e+000  4.414214e+000 -4.414214e+000
      vertex -1.000000e+001  4.414214e+000 -4.414214e+000
    endloop
  endfacet
  facet normal  0.000000e+000 -9.238795e-001  3.826833e-001
    outer loop
      vertex -1.000000e+001  4.414214e+000 -4.414214e+000
      vertex  0.000000e+000  4.414214e+000 -4.414214e+000
      vertex  0.000000e+000  5.000000e+000 -3.000000e+000
    endloop
  endfacet
  facet normal  0.000000e+000 -9.238795e-001  3.826833e-001
    outer loop
      vertex -1.000000e+001  4.414214e+000 -4.414214e+000
      vertex  0.000000e+000  5.000000e+000 -3.000000e+000
      vertex -1.000000e+001  5.000000e+000 -3.000000e+000
    endloop
  endfacet
  facet normal  0.000000e+000 -3.826833e-001  9.238795e-001
    outer loop
      vertex  0.000000e+000  4.414214e+000 -4.414214e+000
      vertex -1.000000e+001  3.000000e+000 -5.000000e+000
      vertex  0.000000e+000  3.000000e+000 -5.000000e+000
    endloop
  endfacet
  facet normal  0.000000e+000  3.826834e-001  9.238796e-001
    outer loop
      vertex  0.000000e+000  3.000000e+000 -5.000000e+000
      vertex -1.000000e+001  3.000000e+000 -5.000000e+000
      vertex -1.000000e+001  1.585786e+000 -4.414214e+000
    endloop
  endfacet
  facet normal  -0.000000e+000  3.826834e-001  9.238796e-001
    outer loop
      vertex  0.000000e+000  3.000000e+000 -5.000000e+000
      vertex -1.000000e+001  1.585786e+000 -4.414214e+000
      vertex  0.000000e+000  1.585786e+000 -4.414214e+000
    endloop
  endfacet
  facet normal  0.000000e+000  9.238795e-001  3.826834e-001
    outer loop
      vertex  0.000000e+000  1.585786e+000 -4.414214e+000
      vertex -1.000000e+001  1.585786e+000 -4.414214e+000
      vertex -1.000000e+001  1.000000e+000 -3.000000e+000
    endloop
  endfacet
  facet normal  -0.000000e+000  9.238795e-001  3.826834e-001
    outer loop
      vertex  0.000000e+000  1.585786e+000 -4.414214e+000
      vertex -1.000000e+001  1.000000e+000 -3.000000e+000
      vertex  0.000000e+000  1.000000e+000 -3.000000e+000
    endloop
  endfacet
  facet normal  0.000000e+000  3.826834e-001 -9.238794e-001
    outer loop
      vertex -5.000000e+001  3.000000e+000 -1.000000e+000
      vertex -4.000000e+001  1.585786e+000 -1.585786e+000
      vertex -5.000000e+001  1.585786e+000 -1.585786e+000
    endloop
  endfacet
  facet normal  0.000000e+000  9.238794e-001 -3.826834e-001
    outer loop
      vertex -5.000000e+001  1.585786e+000 -1.585786e+000
      vertex -4.000000e+001  1.585786e+000 -1.585786e+000
      vertex -4.000000e+001  1.000000e+000 -3.000000e+000
    endloop
  endfacet
  facet normal  0.000000e+000  9.238794e-001 -3.826834e-001
    outer loop
      vertex -5.000000e+001  1.585786e+000 -1.585786e+000
      vertex -4.000000e+001  1.000000e+000 -3.000000e+000
      vertex -5.000000e+001  1.000000e+000 -3.000000e+000
    endloop
  endfacet
  facet normal  0.000000e+000  3.826834e-001 -9.238794e-001
    outer loop
      vertex -4.000000e+001  1.585786e+000 -1.585786e+000
      vertex -5.000000e+001  3.000000e+000 -1.000000e+000
      vertex -4.000000e+001  3.000000e+000 -1.000000e+000
    endloop
  endfacet
  facet normal  -0.000000e+000 -3.826834e-001 -9.238795e-001
    outer loop
      vertex -4.000000e+001  3.000000e+000 -1.000000e+000
      vertex -5.000000e+001  3.000000e+000 -1.000000e+000
      vertex -5.000000e+001  4.414214e+000 -1.585786e+000
    endloop
  endfacet
  facet normal  0.000000e+000 -3.826834e-001 -9.238795e-001
    outer loop
      vertex -4.000000e+001  3.000000e+000 -1.000000e+000
      vertex -5.000000e+001  4.414214e+000 -1.585786e+000
      vertex -4.000000e+001  4.414214e+000 -1.585786e+000
    endloop
  endfacet
  facet normal  -0.000000e+000 -9.238796e-001 -3.826834e-001
    outer loop
      vertex -4.000000e+001  4.414214e+000 -1.585786e+000
      vertex -5.000000e+001  4.414214e+000 -1.585786e+000
      vertex -5.000000e+001  5.000000e+000 -3.000000e+000
    endloop
  endfacet
  facet normal  0.000000e+000 -9.238796e-001 -3.826834e-001
    outer loop
      vertex -4.000000e+001  4.414214e+000 -1.585786e+000
      vertex -5.000000e+001  5.000000e+000 -3.000000e+000
      vertex -4.000000e+001  5.000000e+000 -3.000000e+000
    endloop
  endfacet
  facet normal  0.000000e+000  3.826834e-001 -9.238794e-001
    outer loop
      vertex -1.000000e+001  3.000000e+000 -1.000000e+000
      vertex  0.000000e+000  1.585786e+000 -1.585786e+000
      vertex -1.000000e+001  1.585786e+000 -1.585786e+000
    endloop
  endfacet
  facet normal  0.000000e+000  9.238794e-001 -3.826834e-001
    outer loop
      vertex -1.000000e+001  1.585786e+000 -1.585786e+000
      vertex  0.000000e+000  1.585786e+000 -1.585786e+000
      vertex  0.000000e+000  1.000000e+000 -3.000000e+000
    endloop
  endfacet
  facet normal  0.000000e+000  9.238794e-001 -3.826834e-001
    outer loop
      vertex -1.000000e+001  1.585786e+000 -1.585786e+000
      vertex  0.000000e+000  1.000000e+000 -3.000000e+000
      vertex -1.000000e+001  1.000000e+000 -3.000000e+000
    endloop
  endfacet
  facet normal  0.000000e+000  3.826834e-001 -9.238794e-001
    outer loop
      vertex  0.000000e+000  1.585786e+000 -1.585786e+000
      vertex -1.000000e+001  3.000000e+000 -1.000000e+000
      vertex  0.000000e+000  3.000000e+000 -1.000000e+000
    endloop
  endfacet
  facet normal  -0.000000e+000 -3.826834e-001 -9.238795e-001
    outer loop
      vertex  0.000000e+000  3.000000e+000 -1.000000e+000
      vertex -1.000000e+001  3.000000e+000 -1.000000e+000
      vertex -1.000000e+001  4.414214e+000 -1.585786e+000
    endloop
  endfacet
  facet normal  0.000000e+000 -3.826834e-001 -9.238795e-001
    outer loop
      vertex  0.000000e+000  3.000000e+000 -1.000000e+000
      vertex -1.000000e+001  4.414214e+000 -1.585786e+000
      vertex  0.000000e+000  4.414214e+000 -1.585786e+000
    endloop
  endfacet
  facet normal  -0.000000e+000 -9.238796e-001 -3.826834e-001
    outer loop
      vertex  0.000000e+000  4.414214e+000 -1.585786e+000
      vertex -1.000000e+001  4.414214e+000 -1.585786e+000
      vertex -1.000000e+001  5.000000e+000 -3.000000e+000
    endloop
  endfacet
  facet normal  0.000000e+000 -9.238796e-001 -3.826834e-001
    outer loop
      vertex  0.000000e+000  4.414214e+000 -1.585786e+000
      vertex -1.000000e+001  5.000000e+000 -3.000000e+000
      vertex  0.000000e+000  5.000000e+000 -3.000000e+000
    endloop
  endfacet
  facet normal  1.000000e+000  0.000000e+000  0.000000e+000
    outer loop
      vertex -4.000000e+001  3.697963e+000 -6.398325e+000
      vertex -4.000000e+001  4.414214e+000 -4.414214e+000
      vertex -4.000000e+001  3.000000e+000 -6.122653e+000
    endloop
  endfacet
  facet normal  1.000000e+000  -0.000000e+000  0.000000e+000
    outer loop
      vertex -4.000000e+001  3.000000e+000  0.000000e+000
      vertex -4.000000e+001  1.500000e+000 -4.019238e-001
      vertex -4.000000e+001  1.585786e+000 -1.585786e+000
    endloop
  endfacet
  facet normal  9.999999e-001  0.000000e+000  0.000000e+000
    outer loop
      vertex -4.000000e+001  3.000000e+000  0.000000e+000
      vertex -4.000000e+001  1.585786e+000 -1.585786e+000
      vertex -4.000000e+001  3.000000e+000 -1.000000e+000
    endloop
  endfacet
  facet normal  9.999999e-001  -0.000000e+000  0.000000e+000
    outer loop
      vertex -4.000000e+001  3.000000e+000  0.000000e+000
      vertex -4.000000e+001  3.000000e+000 -1.000000e+000
      vertex -4.000000e+001  4.414214e+000 -1.585786e+000
    endloop
  endfacet
  facet normal  1.000000e+000  0.000000e+000  -0.000000e+000
    outer loop
      vertex -4.000000e+001  3.000000e+000  0.000000e+000
      vertex -4.000000e+001  4.414214e+000 -1.585786e+000
      vertex -4.000000e+001  6.116826e+000  0.000000e+000
    endloop
  endfacet
  facet normal  1.000000e+000  0.000000e+000  -0.000000e+000
    outer loop
      vertex -4.000000e+001  8.881784e-016 -3.000000e+000
      vertex -4.000000e+001  3.606776e-001 -4.551480e+000
      vertex -4.000000e+001  1.000000e+000 -3.000000e+000
    endloop
  endfacet
  facet normal  9.999999e-001  0.000000e+000  -0.000000e+000
    outer loop
      vertex -4.000000e+001  8.881784e-016 -3.000000e+000
      vertex -4.000000e+001  1.000000e+000 -3.000000e+000
      vertex -4.000000e+001  1.585786e+000 -1.585786e+000
    endloop
  endfacet
  facet normal  1.000000e+000  0.000000e+000  0.000000e+000
    outer loop
      vertex -4.000000e+001  8.881784e-016 -3.000000e+000
      vertex -4.000000e+001  1.585786e+000 -1.585786e+000
      vertex -4.000000e+001  1.500000e+000 -4.019238e-001
    endloop
  endfacet
  facet normal  1.000000e+000  0.000000e+000  0.000000e+000
    outer loop
      vertex -4.000000e+001  8.881784e-016 -3.000000e+000
      vertex -4.000000e+001  1.500000e+000 -4.019238e-001
      vertex -4.000000e+001  4.019238e-001 -1.500000e+000
    endloop
  endfacet
  facet normal  1.000000e+000  0.000000e+000  -0.000000e+000
    outer loop
      vertex -4.000000e+001  3.697963e+000 -6.398325e+000
      vertex -4.000000e+001  4.019172e+000 -7.076538e+000
      vertex -4.000000e+001  4.414214e+000 -4.414214e+000
    endloop
  endfacet
  facet normal  1.000000e+000  0.000000e+000  0.000000e+000
    outer loop
      vertex -4.000000e+001  4.414214e+000 -4.414214e+000
      vertex -4.000000e+001  4.019172e+000 -7.076538e+000
      vertex -4.000000e+001  4.656234e+000 -7.713624e+000
    endloop
  endfacet
  facet normal  1.000000e+000  0.000000e+000  -0.000000e+000
    outer loop
      vertex -4.000000e+001  4.414214e+000 -4.414214e+000
      vertex -4.000000e+001  4.656234e+000 -7.713624e+000
      vertex -4.000000e+001  9.243369e+000 -3.126660e+000
    endloop
  endfacet
  facet normal  1.000000e+000  0.000000e+000  0.000000e+000
    outer loop
      vertex -4.000000e+001  4.414214e+000 -4.414214e+000
      vertex -4.000000e+001  9.243369e+000 -3.126660e+000
      vertex -4.000000e+001  5.000000e+000 -3.000000e+000
    endloop
  endfacet
  facet normal  1.000000e+000  -0.000000e+000  0.000000e+000
    outer loop
      vertex -4.000000e+001  5.000000e+000 -3.000000e+000
      vertex -4.000000e+001  9.243369e+000 -3.126660e+000
      vertex -4.000000e+001  6.116826e+000  0.000000e+000
    endloop
  endfacet
  facet normal  1.000000e+000  0.000000e+000  0.000000e+000
    outer loop
      vertex -4.000000e+001  5.000000e+000 -3.000000e+000
      vertex -4.000000e+001  6.116826e+000  0.000000e+000
      vertex -4.000000e+001  4.414214e+000 -1.585786e+000
    endloop
  endfacet
  facet normal  1.000000e+000  0.000000e+000  0.000000e+000
    outer loop
      vertex -4.000000e+001  1.000000e+000 -3.000000e+000
      vertex -4.000000e+001  3.606776e-001 -4.551480e+000
      vertex -4.000000e+001  1.585786e+000 -4.414214e+000
    endloop
  endfacet
  facet normal  1.000000e+000  0.000000e+000  0.000000e+000
    outer loop
      vertex -4.000000e+001  1.585786e+000 -4.414214e+000
      vertex -4.000000e+001  3.606776e-001 -4.551480e+000
      vertex -4.000000e+001  1.464210e+000 -5.700129e+000
    endloop
  endfacet
  facet normal  1.000000e+000  0.000000e+000  0.000000e+000
    outer loop
      vertex -4.000000e+001  1.585786e+000 -4.414214e+000
      vertex -4.000000e+001  1.464210e+000 -5.700129e+000
      vertex -4.000000e+001  3.000000e+000 -5.000000e+000
    endloop
  endfacet
  facet normal  1.000000e+000  0.000000e+000  0.000000e+000
    outer loop
      vertex -4.000000e+001  3.000000e+000 -5.000000e+000
      vertex -4.000000e+001  1.464210e+000 -5.700129e+000
      vertex -4.000000e+001  3.000000e+000 -6.122653e+000
    endloop
  endfacet
  facet normal  1.000000e+000  0.000000e+000  0.000000e+000
    outer loop
      vertex -4.000000e+001  3.000000e+000 -5.000000e+000
      vertex -4.000000e+001  3.000000e+000 -6.122653e+000
      vertex -4.000000e+001  4.414214e+000 -4.414214e+000
    endloop
  endfacet
  facet normal -1.000000e+000  0.000000e+000  0.000000e+000
    outer loop
      vertex -1.000000e+001  3.000000e+000 -6.122653e+000
      vertex -1.000000e+001  4.414214e+000 -4.414214e+000
      vertex -1.000000e+001  3.697963e+000 -6.398325e+000
    endloop
  endfacet
  facet normal -1.000000e+000  -0.000000e+000  0.000000e+000
    outer loop
      vertex -1.000000e+001  3.000000e+000  0.000000e+000
      vertex -1.000000e+001  6.116826e+000  0.000000e+000
      vertex -1.000000e+001  4.414214e+000 -1.585786e+000
    endloop
  endfacet
  facet normal -9.999999e-001  0.000000e+000  0.000000e+000
    outer loop
      vertex -1.000000e+001  3.000000e+000  0.000000e+000
      vertex -1.000000e+001  4.414214e+000 -1.585786e+000
      vertex -1.000000e+001  3.000000e+000 -1.000000e+000
    endloop
  endfacet
  facet normal -9.999999e-001  -0.000000e+000  0.000000e+000
    outer loop
      vertex -1.000000e+001  3.000000e+000  0.000000e+000
      vertex -1.000000e+001  3.000000e+000 -1.000000e+000
      vertex -1.000000e+001  1.585786e+000 -1.585786e+000
    endloop
  endfacet
  facet normal -1.000000e+000  0.000000e+000  0.000000e+000
    outer loop
      vertex -1.000000e+001  3.000000e+000  0.000000e+000
      vertex -1.000000e+001  1.585786e+000 -1.585786e+000
      vertex -1.000000e+001  1.500000e+000 -4.019238e-001
    endloop
  endfacet
  facet normal -1.000000e+000  0.000000e+000  -0.000000e+000
    outer loop
      vertex -1.000000e+001  0.000000e+000 -3.000000e+000
      vertex -1.000000e+001  4.019238e-001 -1.500000e+000
      vertex -1.000000e+001  1.500000e+000 -4.019238e-001
    endloop
  endfacet
  facet normal -1.000000e+000  0.000000e+000  -0.000000e+000
    outer loop
      vertex -1.000000e+001  0.000000e+000 -3.000000e+000
      vertex -1.000000e+001  1.500000e+000 -4.019238e-001
      vertex -1.000000e+001  1.585786e+000 -1.585786e+000
    endloop
  endfacet
  facet normal -9.999999e-001  0.000000e+000  0.000000e+000
    outer loop
      vertex -1.000000e+001  0.000000e+000 -3.000000e+000
      vertex -1.000000e+001  1.585786e+000 -1.585786e+000
      vertex -1.000000e+001  1.000000e+000 -3.000000e+000
    endloop
  endfacet
  facet normal -1.000000e+000  -0.000000e+000  0.000000e+000
    outer loop
      vertex -1.000000e+001  0.000000e+000 -3.000000e+000
      vertex -1.000000e+001  1.000000e+000 -3.000000e+000
      vertex -1.000000e+001  3.606776e-001 -4.551480e+000
    endloop
  endfacet
  facet normal -1.000000e+000  0.000000e+000  0.000000e+000
    outer loop
      vertex -1.000000e+001  9.243369e+000 -3.126660e+000
      vertex -1.000000e+001  4.656234e+000 -7.713624e+000
      vertex -1.000000e+001  4.414214e+000 -4.414214e+000
    endloop
  endfacet
  facet normal -1.000000e+000  0.000000e+000  -0.000000e+000
    outer loop
      vertex -1.000000e+001  4.414214e+000 -4.414214e+000
      vertex -1.000000e+001  4.656234e+000 -7.713624e+000
      vertex -1.000000e+001  4.019172e+000 -7.076538e+000
    endloop
  endfacet
  facet normal -1.000000e+000  0.000000e+000  0.000000e+000
    outer loop
      vertex -1.000000e+001  4.414214e+000 -4.414214e+000
      vertex -1.000000e+001  4.019172e+000 -7.076538e+000
      vertex -1.000000e+001  3.697963e+000 -6.398325e+000
    endloop
  endfacet
  facet normal -1.000000e+000  0.000000e+000  0.000000e+000
    outer loop
      vertex -1.000000e+001  4.414214e+000 -1.585786e+000
      vertex -1.000000e+001  6.116826e+000  0.000000e+000
      vertex -1.000000e+001  5.000000e+000 -3.000000e+000
    endloop
  endfacet
  facet normal -1.000000e+000  0.000000e+000  0.000000e+000
    outer loop
      vertex -1.000000e+001  5.000000e+000 -3.000000e+000
      vertex -1.000000e+001  6.116826e+000  0.000000e+000
      vertex -1.000000e+001  9.243369e+000 -3.126660e+000
    endloop
  endfacet
  facet normal -1.000000e+000  -0.000000e+000  0.000000e+000
    outer loop
      vertex -1.000000e+001  5.000000e+000 -3.000000e+000
      vertex -1.000000e+001  9.243369e+000 -3.126660e+000
      vertex -1.000000e+001  4.414214e+000 -4.414214e+000
    endloop
  endfacet
  facet normal -1.000000e+000  0.000000e+000  0.000000e+000
    outer loop
      vertex -1.000000e+001  4.414214e+000 -4.414214e+000
      vertex -1.000000e+001  3.000000e+000 -6.122653e+000
      vertex -1.000000e+001  3.000000e+000 -5.000000e+000
    endloop
  endfacet
  facet normal -1.000000e+000  0.000000e+000  -0.000000e+000
    outer loop
      vertex -1.000000e+001  3.000000e+000 -5.000000e+000
      vertex -1.000000e+001  3.000000e+000 -6.122653e+000
      vertex -1.000000e+001  1.464210e+000 -5.700129e+000
    endloop
  endfacet
  facet normal -1.000000e+000  0.000000e+000  0.000000e+000
    outer loop
      vertex -1.000000e+001  3.000000e+000 -5.000000e+000
      vertex -1.000000e+001  1.464210e+000 -5.700129e+000
      vertex -1.000000e+001  1.585786e+000 -4.414214e+000
    endloop
  endfacet
  facet normal -1.000000e+000  0.000000e+000  0.000000e+000
    outer loop
      vertex -1.000000e+001  1.585786e+000 -4.414214e+000
      vertex -1.000000e+001  1.464210e+000 -5.700129e+000
      vertex -1.000000e+001  3.606776e-001 -4.551480e+000
    endloop
  endfacet
  facet normal -1.000000e+000  0.000000e+000  0.000000e+000
    outer loop
      vertex -1.000000e+001  1.585786e+000 -4.414214e+000
      vertex -1.000000e+001  3.606776e-001 -4.551480e+000
      vertex -1.000000e+001  1.000000e+000 -3.000000e+000
    endloop
  endfacet
  facet normal  0.000000e+000 -7.070936e-001  7.071199e-001
    outer loop
      vertex -4.000000e+001  4.656234e+000 -7.713624e+000
      vertex -1.000000e+001  4.656234e+000 -7.713624e+000
      vertex -4.000000e+001  9.243369e+000 -3.126660e+000
    endloop
  endfacet
  facet normal  0.000000e+000 -7.070936e-001  7.071199e-001
    outer loop
      vertex -4.000000e+001  9.243369e+000 -3.126660e+000
      vertex -1.000000e+001  4.656234e+000 -7.713624e+000
      vertex -1.000000e+001  9.243369e+000 -3.126660e+000
    endloop
  endfacet
  facet normal  0.000000e+000 -9.659258e-001  2.588190e-001
    outer loop
      vertex -1.000000e+001  0.000000e+000 -3.000000e+000
      vertex  0.000000e+000  0.000000e+000 -3.000000e+000
      vertex -1.000000e+001  4.019238e-001 -1.500000e+000
    endloop
  endfacet
  facet normal  0.000000e+000 -9.659258e-001  2.588190e-001
    outer loop
      vertex -1.000000e+001  4.019238e-001 -1.500000e+000
      vertex  0.000000e+000  0.000000e+000 -3.000000e+000
      vertex  0.000000e+000  4.019238e-001 -1.500000e+000
    endloop
  endfacet
  facet normal  0.000000e+000 -7.071068e-001  7.071068e-001
    outer loop
      vertex -1.000000e+001  4.019238e-001 -1.500000e+000
      vertex  0.000000e+000  4.019238e-001 -1.500000e+000
      vertex -1.000000e+001  1.500000e+000 -4.019238e-001
    endloop
  endfacet
  facet normal  0.000000e+000 -7.071068e-001  7.071068e-001
    outer loop
      vertex -1.000000e+001  1.500000e+000 -4.019238e-001
      vertex  0.000000e+000  4.019238e-001 -1.500000e+000
      vertex  0.000000e+000  1.500000e+000 -4.019238e-001
    endloop
  endfacet
  facet normal  0.000000e+000 -2.588190e-001  9.659258e-001
    outer loop
      vertex -1.000000e+001  1.500000e+000 -4.019238e-001
      vertex  0.000000e+000  1.500000e+000 -4.019238e-001
      vertex -1.000000e+001  3.000000e+000  0.000000e+000
    endloop
  endfacet
  facet normal  0.000000e+000 -2.588190e-001  9.659258e-001
    outer loop
      vertex -1.000000e+001  3.000000e+000  0.000000e+000
      vertex  0.000000e+000  1.500000e+000 -4.019238e-001
      vertex  0.000000e+000  3.000000e+000  0.000000e+000
    endloop
  endfacet
  facet normal  8.579145e-017 -9.659258e-001  2.588190e-001
    outer loop
      vertex -5.000000e+001  0.000000e+000 -3.000000e+000
      vertex -4.000000e+001  8.881784e-016 -3.000000e+000
      vertex -5.000000e+001  4.019238e-001 -1.500000e+000
    endloop
  endfacet
  facet normal  0.000000e+000 -9.659258e-001  2.588190e-001
    outer loop
      vertex -5.000000e+001  4.019238e-001 -1.500000e+000
      vertex -4.000000e+001  8.881784e-016 -3.000000e+000
      vertex -4.000000e+001  4.019238e-001 -1.500000e+000
    endloop
  endfacet
  facet normal  0.000000e+000 -7.071068e-001  7.071068e-001
    outer loop
      vertex -5.000000e+001  4.019238e-001 -1.500000e+000
      vertex -4.000000e+001  4.019238e-001 -1.500000e+000
      vertex -5.000000e+001  1.500000e+000 -4.019238e-001
    endloop
  endfacet
  facet normal  0.000000e+000 -7.071068e-001  7.071068e-001
    outer loop
      vertex -5.000000e+001  1.500000e+000 -4.019238e-001
      vertex -4.000000e+001  4.019238e-001 -1.500000e+000
      vertex -4.000000e+001  1.500000e+000 -4.019238e-001
    endloop
  endfacet
  facet normal  0.000000e+000 -2.588190e-001  9.659258e-001
    outer loop
      vertex -5.000000e+001  1.500000e+000 -4.019238e-001
      vertex -4.000000e+001  1.500000e+000 -4.019238e-001
      vertex -5.000000e+001  3.000000e+000  0.000000e+000
    endloop
  endfacet
  facet normal  0.000000e+000 -2.588190e-001  9.659258e-001
    outer loop
      vertex -5.000000e+001  3.000000e+000  0.000000e+000
      vertex -4.000000e+001  1.500000e+000 -4.019238e-001
      vertex -4.000000e+001  3.000000e+000  0.000000e+000
    endloop
  endfacet
endsolid CATIA STL
