solid CATIA STL
  facet normal  0.000000e+000  7.070934e-001 -7.071201e-001
    outer loop
      vertex -4.005749e+001  1.071974e+002 -1.095698e+002
      vertex -9.190193e+000  1.114401e+002 -1.053272e+002
      vertex -9.190193e+000  1.071974e+002 -1.095698e+002
    endloop
  endfacet
  facet normal  1.647785e-007  7.070928e-001 -7.071208e-001
    outer loop
      vertex -9.190193e+000  1.114401e+002 -1.053272e+002
      vertex -4.005749e+001  1.071974e+002 -1.095698e+002
      vertex -9.190193e+000  1.135614e+002 -1.032059e+002
    endloop
  endfacet
  facet normal -8.753850e-008  7.070934e-001 -7.071201e-001
    outer loop
      vertex -9.190193e+000  1.135614e+002 -1.032059e+002
      vertex -4.005749e+001  1.071974e+002 -1.095698e+002
      vertex -4.005749e+001  1.114401e+002 -1.053272e+002
    endloop
  endfacet
  facet normal  0.000000e+000  7.070929e-001 -7.071208e-001
    outer loop
      vertex -9.190193e+000  1.135614e+002 -1.032059e+002
      vertex -4.005749e+001  1.114401e+002 -1.053272e+002
      vertex -4.005749e+001  1.135614e+002 -1.032059e+002
    endloop
  endfacet
  facet normal  0.000000e+000 -7.070941e-001  7.071195e-001
    outer loop
      vertex -4.614441e+000  5.865218e+001 -4.829460e+001
      vertex -4.463324e+001  5.865218e+001 -4.829460e+001
      vertex -4.463324e+001  5.653082e+001 -5.041588e+001
    endloop
  endfacet
  facet normal -9.243669e-008 -7.070932e-001  7.071204e-001
    outer loop
      vertex -4.614441e+000  5.865218e+001 -4.829460e+001
      vertex -4.463324e+001  5.653082e+001 -5.041588e+001
      vertex -4.463324e+001  5.434323e+001 -5.260339e+001
    endloop
  endfacet
  facet normal  8.199546e-009 -7.070937e-001  7.071199e-001
    outer loop
      vertex -4.614441e+000  5.865218e+001 -4.829460e+001
      vertex -4.463324e+001  5.434323e+001 -5.260339e+001
      vertex -4.463324e+001  5.228810e+001 -5.465844e+001
    endloop
  endfacet
  facet normal  0.000000e+000 -7.070937e-001  7.071199e-001
    outer loop
      vertex -4.463324e+001  5.228810e+001 -5.465844e+001
      vertex -4.614441e+000  5.228810e+001 -5.465844e+001
      vertex -4.614441e+000  5.434323e+001 -5.260339e+001
    endloop
  endfacet
  facet normal -4.621835e-008 -7.070932e-001  7.071204e-001
    outer loop
      vertex -4.463324e+001  5.228810e+001 -5.465844e+001
      vertex -4.614441e+000  5.434323e+001 -5.260339e+001
      vertex -4.614441e+000  5.653082e+001 -5.041588e+001
    endloop
  endfacet
  facet normal  1.350405e-007 -7.070941e-001  7.071195e-001
    outer loop
      vertex -4.463324e+001  5.228810e+001 -5.465844e+001
      vertex -4.614441e+000  5.653082e+001 -5.041588e+001
      vertex -4.614441e+000  5.865218e+001 -4.829460e+001
    endloop
  endfacet
  facet normal -9.027194e-001  3.042127e-001 -3.042242e-001
    outer loop
      vertex -4.005749e+001  1.071974e+002 -1.095698e+002
      vertex -4.463324e+001  1.004086e+002 -1.027807e+002
      vertex -4.005749e+001  1.114401e+002 -1.053272e+002
    endloop
  endfacet
  facet normal -9.027193e-001  3.042127e-001 -3.042241e-001
    outer loop
      vertex -4.005749e+001  1.114401e+002 -1.053272e+002
      vertex -4.463324e+001  1.004086e+002 -1.027807e+002
      vertex -4.463324e+001  1.026420e+002 -1.005474e+002
    endloop
  endfacet
  facet normal -9.027193e-001  3.042126e-001 -3.042242e-001
    outer loop
      vertex -4.005749e+001  1.114401e+002 -1.053272e+002
      vertex -4.463324e+001  1.026420e+002 -1.005474e+002
      vertex -4.463324e+001  1.046513e+002 -9.853816e+001
    endloop
  endfacet
  facet normal  9.027193e-001  3.042126e-001 -3.042242e-001
    outer loop
      vertex -4.614441e+000  1.046513e+002 -9.853816e+001
      vertex -4.614441e+000  1.026420e+002 -1.005474e+002
      vertex -9.190193e+000  1.114401e+002 -1.053272e+002
    endloop
  endfacet
  facet normal  9.027193e-001  3.042127e-001 -3.042241e-001
    outer loop
      vertex -9.190193e+000  1.114401e+002 -1.053272e+002
      vertex -4.614441e+000  1.026420e+002 -1.005474e+002
      vertex -4.614441e+000  1.004086e+002 -1.027807e+002
    endloop
  endfacet
  facet normal  9.027194e-001  3.042127e-001 -3.042242e-001
    outer loop
      vertex -9.190193e+000  1.114401e+002 -1.053272e+002
      vertex -4.614441e+000  1.004086e+002 -1.027807e+002
      vertex -9.190193e+000  1.071974e+002 -1.095698e+002
    endloop
  endfacet
  facet normal  1.000000e+000  0.000000e+000  0.000000e+000
    outer loop
      vertex -4.614441e+000  8.985114e+001 -9.222288e+001
      vertex -4.614441e+000  1.004086e+002 -1.027807e+002
      vertex -4.614441e+000  9.204542e+001 -9.002868e+001
    endloop
  endfacet
  facet normal  1.000000e+000  0.000000e+000  0.000000e+000
    outer loop
      vertex -4.614441e+000  9.204542e+001 -9.002868e+001
      vertex -4.614441e+000  1.004086e+002 -1.027807e+002
      vertex -4.614441e+000  1.026420e+002 -1.005474e+002
    endloop
  endfacet
  facet normal  1.000000e+000  0.000000e+000  0.000000e+000
    outer loop
      vertex -4.614441e+000  9.204542e+001 -9.002868e+001
      vertex -4.614441e+000  9.162119e+001 -8.960757e+001
      vertex -4.614441e+000  8.985114e+001 -9.222288e+001
    endloop
  endfacet
  facet normal  1.000000e+000  0.000000e+000  -0.000000e+000
    outer loop
      vertex -4.614441e+000  8.985114e+001 -9.222288e+001
      vertex -4.614441e+000  9.162119e+001 -8.960757e+001
      vertex -4.614441e+000  8.727659e+001 -8.964824e+001
    endloop
  endfacet
  facet normal  1.000000e+000  0.000000e+000  0.000000e+000
    outer loop
      vertex -4.614441e+000  9.162119e+001 -8.960757e+001
      vertex -4.614441e+000  9.029173e+001 -8.866270e+001
      vertex -4.614441e+000  8.727659e+001 -8.964824e+001
    endloop
  endfacet
  facet normal  9.999999e-001  0.000000e+000  0.000000e+000
    outer loop
      vertex -4.614441e+000  8.727659e+001 -8.964824e+001
      vertex -4.614441e+000  9.029173e+001 -8.866270e+001
      vertex -4.614441e+000  8.872890e+001 -8.819598e+001
    endloop
  endfacet
  facet normal  1.000000e+000  0.000000e+000  0.000000e+000
    outer loop
      vertex -4.614441e+000  8.460551e+001 -8.408067e+001
      vertex -4.614441e+000  8.315732e+001 -8.552881e+001
      vertex -4.614441e+000  8.464252e+001 -8.443916e+001
    endloop
  endfacet
  facet normal  1.000000e+000  0.000000e+000  0.000000e+000
    outer loop
      vertex -4.614441e+000  8.315732e+001 -8.552881e+001
      vertex -4.614441e+000  8.522002e+001 -8.625708e+001
      vertex -4.614441e+000  8.464252e+001 -8.443916e+001
    endloop
  endfacet
  facet normal  1.000000e+000  0.000000e+000  0.000000e+000
    outer loop
      vertex -4.614441e+000  8.657374e+001 -8.760086e+001
      vertex -4.614441e+000  8.522002e+001 -8.625708e+001
      vertex -4.614441e+000  8.315732e+001 -8.552881e+001
    endloop
  endfacet
  facet normal  1.000000e+000  0.000000e+000  0.000000e+000
    outer loop
      vertex -4.614441e+000  8.727659e+001 -8.964824e+001
      vertex -4.614441e+000  8.872890e+001 -8.819598e+001
      vertex -4.614441e+000  8.839587e+001 -8.816494e+001
    endloop
  endfacet
  facet normal  1.000000e+000  0.000000e+000  0.000000e+000
    outer loop
      vertex -4.614441e+000  8.727659e+001 -8.964824e+001
      vertex -4.614441e+000  8.839587e+001 -8.816494e+001
      vertex -4.614441e+000  8.657374e+001 -8.760086e+001
    endloop
  endfacet
  facet normal  1.000000e+000  0.000000e+000  0.000000e+000
    outer loop
      vertex -4.614441e+000  8.727659e+001 -8.964824e+001
      vertex -4.614441e+000  8.657374e+001 -8.760086e+001
      vertex -4.614441e+000  8.315732e+001 -8.552881e+001
    endloop
  endfacet
  facet normal -1.000000e+000  0.000000e+000  0.000000e+000
    outer loop
      vertex -4.463324e+001  8.464252e+001 -8.443916e+001
      vertex -4.463324e+001  8.315732e+001 -8.552881e+001
      vertex -4.463324e+001  8.460551e+001 -8.408067e+001
    endloop
  endfacet
  facet normal -1.000000e+000  0.000000e+000  0.000000e+000
    outer loop
      vertex -4.463324e+001  8.464252e+001 -8.443916e+001
      vertex -4.463324e+001  8.522002e+001 -8.625708e+001
      vertex -4.463324e+001  8.315732e+001 -8.552881e+001
    endloop
  endfacet
  facet normal -1.000000e+000  -0.000000e+000  -0.000000e+000
    outer loop
      vertex -4.463324e+001  8.315732e+001 -8.552881e+001
      vertex -4.463324e+001  8.522002e+001 -8.625708e+001
      vertex -4.463324e+001  8.657374e+001 -8.760086e+001
    endloop
  endfacet
  facet normal -1.000000e+000  0.000000e+000  0.000000e+000
    outer loop
      vertex -4.463324e+001  8.727659e+001 -8.964824e+001
      vertex -4.463324e+001  8.315732e+001 -8.552881e+001
      vertex -4.463324e+001  8.657374e+001 -8.760086e+001
    endloop
  endfacet
  facet normal -1.000000e+000  0.000000e+000  0.000000e+000
    outer loop
      vertex -4.463324e+001  8.727659e+001 -8.964824e+001
      vertex -4.463324e+001  8.657374e+001 -8.760086e+001
      vertex -4.463324e+001  8.839587e+001 -8.816494e+001
    endloop
  endfacet
  facet normal -1.000000e+000  0.000000e+000  -0.000000e+000
    outer loop
      vertex -4.463324e+001  8.727659e+001 -8.964824e+001
      vertex -4.463324e+001  8.839587e+001 -8.816494e+001
      vertex -4.463324e+001  8.872890e+001 -8.819598e+001
    endloop
  endfacet
  facet normal -1.000000e+000  0.000000e+000  0.000000e+000
    outer loop
      vertex -4.463324e+001  9.204542e+001 -9.002868e+001
      vertex -4.463324e+001  8.985114e+001 -9.222288e+001
      vertex -4.463324e+001  9.162119e+001 -8.960757e+001
    endloop
  endfacet
  facet normal -1.000000e+000  0.000000e+000  0.000000e+000
    outer loop
      vertex -4.463324e+001  9.162119e+001 -8.960757e+001
      vertex -4.463324e+001  8.985114e+001 -9.222288e+001
      vertex -4.463324e+001  8.727659e+001 -8.964824e+001
    endloop
  endfacet
  facet normal -1.000000e+000  0.000000e+000  0.000000e+000
    outer loop
      vertex -4.463324e+001  9.162119e+001 -8.960757e+001
      vertex -4.463324e+001  8.727659e+001 -8.964824e+001
      vertex -4.463324e+001  9.029173e+001 -8.866270e+001
    endloop
  endfacet
  facet normal -9.999999e-001  -0.000000e+000  0.000000e+000
    outer loop
      vertex -4.463324e+001  9.029173e+001 -8.866270e+001
      vertex -4.463324e+001  8.727659e+001 -8.964824e+001
      vertex -4.463324e+001  8.872890e+001 -8.819598e+001
    endloop
  endfacet
  facet normal -1.000000e+000  0.000000e+000  -0.000000e+000
    outer loop
      vertex -4.463324e+001  8.985114e+001 -9.222288e+001
      vertex -4.463324e+001  9.204542e+001 -9.002868e+001
      vertex -4.463324e+001  1.004086e+002 -1.027807e+002
    endloop
  endfacet
  facet normal -1.000000e+000  0.000000e+000  0.000000e+000
    outer loop
      vertex -4.463324e+001  1.004086e+002 -1.027807e+002
      vertex -4.463324e+001  9.204542e+001 -9.002868e+001
      vertex -4.463324e+001  1.026420e+002 -1.005474e+002
    endloop
  endfacet
  facet normal  1.000000e+000  0.000000e+000  0.000000e+000
    outer loop
      vertex -4.614441e+000  8.460551e+001 -8.408067e+001
      vertex -4.614441e+000  8.412502e+001 -8.253542e+001
      vertex -4.614441e+000  8.315732e+001 -8.552881e+001
    endloop
  endfacet
  facet normal  1.000000e+000  0.000000e+000  -0.000000e+000
    outer loop
      vertex -4.614441e+000  8.315732e+001 -8.552881e+001
      vertex -4.614441e+000  8.412502e+001 -8.253542e+001
      vertex -4.614441e+000  8.058277e+001 -8.295417e+001
    endloop
  endfacet
  facet normal  1.000000e+000  0.000000e+000  0.000000e+000
    outer loop
      vertex -4.614441e+000  8.412502e+001 -8.253542e+001
      vertex -4.614441e+000  8.317616e+001 -8.122456e+001
      vertex -4.614441e+000  8.058277e+001 -8.295417e+001
    endloop
  endfacet
  facet normal  1.000000e+000  0.000000e+000  0.000000e+000
    outer loop
      vertex -4.614441e+000  8.058277e+001 -8.295417e+001
      vertex -4.614441e+000  8.317616e+001 -8.122456e+001
      vertex -4.614441e+000  8.274272e+001 -8.079430e+001
    endloop
  endfacet
  facet normal -9.999999e-001  0.000000e+000  0.000000e+000
    outer loop
      vertex -4.463324e+001  8.460551e+001 -8.408067e+001
      vertex -4.463324e+001  8.315732e+001 -8.552881e+001
      vertex -4.463324e+001  8.412502e+001 -8.253542e+001
    endloop
  endfacet
  facet normal -1.000000e+000  0.000000e+000  0.000000e+000
    outer loop
      vertex -4.463324e+001  8.412502e+001 -8.253542e+001
      vertex -4.463324e+001  8.315732e+001 -8.552881e+001
      vertex -4.463324e+001  8.058277e+001 -8.295417e+001
    endloop
  endfacet
  facet normal -1.000000e+000  0.000000e+000  0.000000e+000
    outer loop
      vertex -4.463324e+001  8.412502e+001 -8.253542e+001
      vertex -4.463324e+001  8.058277e+001 -8.295417e+001
      vertex -4.463324e+001  8.317616e+001 -8.122456e+001
    endloop
  endfacet
  facet normal -1.000000e+000  -0.000000e+000  0.000000e+000
    outer loop
      vertex -4.463324e+001  8.317616e+001 -8.122456e+001
      vertex -4.463324e+001  8.058277e+001 -8.295417e+001
      vertex -4.463324e+001  8.274272e+001 -8.079430e+001
    endloop
  endfacet
  facet normal  -0.000000e+000 -7.071205e-001 -7.070931e-001
    outer loop
      vertex -4.263324e+001  8.586235e+001 -9.106242e+001
      vertex -6.614441e+000  8.174308e+001 -8.694299e+001
      vertex -4.263324e+001  8.174308e+001 -8.694299e+001
    endloop
  endfacet
  facet normal  0.000000e+000 -7.071193e-001 -7.070942e-001
    outer loop
      vertex -4.263324e+001  8.174308e+001 -8.694299e+001
      vertex -6.614441e+000  8.174308e+001 -8.694299e+001
      vertex -6.614441e+000  7.916853e+001 -8.436835e+001
    endloop
  endfacet
  facet normal  -0.000000e+000 -7.071193e-001 -7.070942e-001
    outer loop
      vertex -4.263324e+001  8.174308e+001 -8.694299e+001
      vertex -6.614441e+000  7.916853e+001 -8.436835e+001
      vertex -4.263324e+001  7.916853e+001 -8.436835e+001
    endloop
  endfacet
  facet normal  0.000000e+000 -7.071200e-001 -7.070936e-001
    outer loop
      vertex -4.263324e+001  7.916853e+001 -8.436835e+001
      vertex -6.614441e+000  7.916853e+001 -8.436835e+001
      vertex -6.614441e+000  5.228805e+001 -5.748687e+001
    endloop
  endfacet
  facet normal  -0.000000e+000 -7.071200e-001 -7.070936e-001
    outer loop
      vertex -4.263324e+001  7.916853e+001 -8.436835e+001
      vertex -6.614441e+000  5.228805e+001 -5.748687e+001
      vertex -4.263324e+001  5.228805e+001 -5.748687e+001
    endloop
  endfacet
  facet normal  0.000000e+000 -7.071205e-001 -7.070931e-001
    outer loop
      vertex -6.614441e+000  8.174308e+001 -8.694299e+001
      vertex -4.263324e+001  8.586235e+001 -9.106242e+001
      vertex -6.614441e+000  8.586235e+001 -9.106242e+001
    endloop
  endfacet
  facet normal  -0.000000e+000 -7.071193e-001 -7.070942e-001
    outer loop
      vertex -6.614441e+000  8.586235e+001 -9.106242e+001
      vertex -4.263324e+001  8.586235e+001 -9.106242e+001
      vertex -4.263324e+001  8.843690e+001 -9.363706e+001
    endloop
  endfacet
  facet normal  0.000000e+000 -7.071193e-001 -7.070942e-001
    outer loop
      vertex -6.614441e+000  8.586235e+001 -9.106242e+001
      vertex -4.263324e+001  8.843690e+001 -9.363706e+001
      vertex -6.614441e+000  8.843690e+001 -9.363706e+001
    endloop
  endfacet
  facet normal  -0.000000e+000 -7.071200e-001 -7.070936e-001
    outer loop
      vertex -6.614441e+000  8.843690e+001 -9.363706e+001
      vertex -4.263324e+001  8.843690e+001 -9.363706e+001
      vertex -4.263324e+001  9.867458e+001 -1.038751e+002
    endloop
  endfacet
  facet normal  0.000000e+000 -7.071200e-001 -7.070936e-001
    outer loop
      vertex -6.614441e+000  8.843690e+001 -9.363706e+001
      vertex -4.263324e+001  9.867458e+001 -1.038751e+002
      vertex -6.614441e+000  9.867458e+001 -1.038751e+002
    endloop
  endfacet
  facet normal  -0.000000e+000 -7.071201e-001 -7.070936e-001
    outer loop
      vertex -6.614441e+000  9.867458e+001 -1.038751e+002
      vertex -4.263324e+001  9.867458e+001 -1.038751e+002
      vertex -3.879515e+001  1.043689e+002 -1.095697e+002
    endloop
  endfacet
  facet normal  0.000000e+000 -7.071201e-001 -7.070935e-001
    outer loop
      vertex -6.614441e+000  9.867458e+001 -1.038751e+002
      vertex -3.879515e+001  1.043689e+002 -1.095697e+002
      vertex -1.045253e+001  1.043689e+002 -1.095697e+002
    endloop
  endfacet
  facet normal  1.000000e+000  0.000000e+000  0.000000e+000
    outer loop
      vertex -4.614441e+000  5.228810e+001 -5.465844e+001
      vertex -4.614441e+000  8.058277e+001 -8.295417e+001
      vertex -4.614441e+000  5.434323e+001 -5.260339e+001
    endloop
  endfacet
  facet normal  9.999999e-001  0.000000e+000  0.000000e+000
    outer loop
      vertex -4.614441e+000  5.434323e+001 -5.260339e+001
      vertex -4.614441e+000  8.058277e+001 -8.295417e+001
      vertex -4.614441e+000  8.274272e+001 -8.079430e+001
    endloop
  endfacet
  facet normal -1.000000e+000  0.000000e+000  -0.000000e+000
    outer loop
      vertex -4.463324e+001  5.228810e+001 -5.465844e+001
      vertex -4.463324e+001  5.434323e+001 -5.260339e+001
      vertex -4.463324e+001  8.058277e+001 -8.295417e+001
    endloop
  endfacet
  facet normal -1.000000e+000  0.000000e+000  0.000000e+000
    outer loop
      vertex -4.463324e+001  8.058277e+001 -8.295417e+001
      vertex -4.463324e+001  5.434323e+001 -5.260339e+001
      vertex -4.463324e+001  8.274272e+001 -8.079430e+001
    endloop
  endfacet
  facet normal -9.238799e-001 -2.706026e-001 -2.705924e-001
    outer loop
      vertex -4.463324e+001  8.985114e+001 -9.222288e+001
      vertex -4.463324e+001  1.004086e+002 -1.027807e+002
      vertex -4.404745e+001  8.885111e+001 -9.322285e+001
    endloop
  endfacet
  facet normal -9.885164e-001 -1.228605e-001 -8.797966e-002
    outer loop
      vertex -4.404745e+001  8.885111e+001 -9.322285e+001
      vertex -4.463324e+001  1.004086e+002 -1.027807e+002
      vertex -4.454329e+001  9.997485e+001 -1.031857e+002
    endloop
  endfacet
  facet normal -8.148099e-001 -4.065076e-001 -4.133236e-001
    outer loop
      vertex -4.404745e+001  8.885111e+001 -9.322285e+001
      vertex -4.454329e+001  9.997485e+001 -1.031857e+002
      vertex -4.382177e+001  9.914142e+001 -1.037884e+002
    endloop
  endfacet
  facet normal -3.143906e-001 -6.766852e-001 -6.657745e-001
    outer loop
      vertex -4.382177e+001  9.914142e+001 -1.037884e+002
      vertex -4.263324e+001  9.867458e+001 -1.038751e+002
      vertex -4.404745e+001  8.885111e+001 -9.322285e+001
    endloop
  endfacet
  facet normal -3.826813e-001 -6.532943e-001 -6.532699e-001
    outer loop
      vertex -4.404745e+001  8.885111e+001 -9.322285e+001
      vertex -4.263324e+001  9.867458e+001 -1.038751e+002
      vertex -4.263324e+001  8.843690e+001 -9.363706e+001
    endloop
  endfacet
  facet normal -3.826846e-001 -6.532934e-001 -6.532689e-001
    outer loop
      vertex -4.263324e+001  7.916853e+001 -8.436835e+001
      vertex -4.263324e+001  5.228805e+001 -5.748687e+001
      vertex -4.404745e+001  7.958276e+001 -8.395415e+001
    endloop
  endfacet
  facet normal -3.317317e-001 -6.655240e-001 -6.686044e-001
    outer loop
      vertex -4.404745e+001  7.958276e+001 -8.395415e+001
      vertex -4.263324e+001  5.228805e+001 -5.748687e+001
      vertex -4.387856e+001  5.171510e+001 -5.629869e+001
    endloop
  endfacet
  facet normal -7.277495e-001 -4.853246e-001 -4.846038e-001
    outer loop
      vertex -4.404745e+001  7.958276e+001 -8.395415e+001
      vertex -4.387856e+001  5.171510e+001 -5.629869e+001
      vertex -4.427003e+001  5.173222e+001 -5.572795e+001
    endloop
  endfacet
  facet normal -9.238761e-001 -2.687435e-001 -2.724518e-001
    outer loop
      vertex -4.404745e+001  7.958276e+001 -8.395415e+001
      vertex -4.427003e+001  5.173222e+001 -5.572795e+001
      vertex -4.463324e+001  8.058277e+001 -8.295417e+001
    endloop
  endfacet
  facet normal -9.327395e-001 -2.536011e-001 -2.562878e-001
    outer loop
      vertex -4.463324e+001  8.058277e+001 -8.295417e+001
      vertex -4.427003e+001  5.173222e+001 -5.572795e+001
      vertex -4.461716e+001  5.212049e+001 -5.484878e+001
    endloop
  endfacet
  facet normal -9.979883e-001 -4.483028e-002 -4.482860e-002
    outer loop
      vertex -4.463324e+001  8.058277e+001 -8.295417e+001
      vertex -4.461716e+001  5.212049e+001 -5.484878e+001
      vertex -4.463324e+001  5.228810e+001 -5.465844e+001
    endloop
  endfacet
  facet normal -8.925116e-001  1.947338e-001 -4.068190e-001
    outer loop
      vertex -4.463324e+001  1.004086e+002 -1.027807e+002
      vertex -4.005749e+001  1.071974e+002 -1.095698e+002
      vertex -4.454329e+001  9.997485e+001 -1.031857e+002
    endloop
  endfacet
  facet normal -8.764149e-001  1.360032e-001 -4.619526e-001
    outer loop
      vertex -4.454329e+001  9.997485e+001 -1.031857e+002
      vertex -4.005749e+001  1.071974e+002 -1.095698e+002
      vertex -3.992414e+001  1.064153e+002 -1.100530e+002
    endloop
  endfacet
  facet normal -7.384914e-001 -1.669184e-001 -6.532754e-001
    outer loop
      vertex -4.454329e+001  9.997485e+001 -1.031857e+002
      vertex -3.992414e+001  1.064153e+002 -1.100530e+002
      vertex -4.382177e+001  9.914142e+001 -1.037884e+002
    endloop
  endfacet
  facet normal -7.396029e-001 -1.655408e-001 -6.523679e-001
    outer loop
      vertex -4.382177e+001  9.914142e+001 -1.037884e+002
      vertex -3.992414e+001  1.064153e+002 -1.100530e+002
      vertex -3.969691e+001  1.058037e+002 -1.101554e+002
    endloop
  endfacet
  facet normal -5.018846e-001 -4.146743e-001 -7.590501e-001
    outer loop
      vertex -4.382177e+001  9.914142e+001 -1.037884e+002
      vertex -3.969691e+001  1.058037e+002 -1.101554e+002
      vertex -3.927734e+001  1.050164e+002 -1.100027e+002
    endloop
  endfacet
  facet normal -1.757754e-001 -6.343496e-001 -7.527972e-001
    outer loop
      vertex -3.879515e+001  1.043689e+002 -1.095697e+002
      vertex -4.263324e+001  9.867458e+001 -1.038751e+002
      vertex -3.927734e+001  1.050164e+002 -1.100027e+002
    endloop
  endfacet
  facet normal -2.848247e-001 -5.838523e-001 -7.602575e-001
    outer loop
      vertex -3.927734e+001  1.050164e+002 -1.100027e+002
      vertex -4.263324e+001  9.867458e+001 -1.038751e+002
      vertex -4.382177e+001  9.914142e+001 -1.037884e+002
    endloop
  endfacet
  facet normal  0.000000e+000  5.256570e-001 -8.506966e-001
    outer loop
      vertex -4.005749e+001  1.071974e+002 -1.095698e+002
      vertex -9.190193e+000  1.071974e+002 -1.095698e+002
      vertex -3.992414e+001  1.064153e+002 -1.100530e+002
    endloop
  endfacet
  facet normal  0.000000e+000  5.256571e-001 -8.506966e-001
    outer loop
      vertex -3.992414e+001  1.064153e+002 -1.100530e+002
      vertex -9.190193e+000  1.071974e+002 -1.095698e+002
      vertex -9.323542e+000  1.064153e+002 -1.100530e+002
    endloop
  endfacet
  facet normal  0.000000e+000  1.651751e-001 -9.862643e-001
    outer loop
      vertex -3.992414e+001  1.064153e+002 -1.100530e+002
      vertex -9.323542e+000  1.064153e+002 -1.100530e+002
      vertex -3.969691e+001  1.058037e+002 -1.101554e+002
    endloop
  endfacet
  facet normal  0.000000e+000  1.651751e-001 -9.862643e-001
    outer loop
      vertex -3.969691e+001  1.058037e+002 -1.101554e+002
      vertex -9.323542e+000  1.064153e+002 -1.100530e+002
      vertex -9.550774e+000  1.058037e+002 -1.101554e+002
    endloop
  endfacet
  facet normal  -0.000000e+000 -1.904218e-001 -9.817023e-001
    outer loop
      vertex -3.969691e+001  1.058037e+002 -1.101554e+002
      vertex -9.550774e+000  1.058037e+002 -1.101554e+002
      vertex -3.927734e+001  1.050164e+002 -1.100027e+002
    endloop
  endfacet
  facet normal  0.000000e+000 -1.904218e-001 -9.817023e-001
    outer loop
      vertex -3.927734e+001  1.050164e+002 -1.100027e+002
      vertex -9.550774e+000  1.058037e+002 -1.101554e+002
      vertex -9.970336e+000  1.050164e+002 -1.100027e+002
    endloop
  endfacet
  facet normal  -0.000000e+000 -5.559022e-001 -8.312477e-001
    outer loop
      vertex -3.927734e+001  1.050164e+002 -1.100027e+002
      vertex -9.970336e+000  1.050164e+002 -1.100027e+002
      vertex -3.879515e+001  1.043689e+002 -1.095697e+002
    endloop
  endfacet
  facet normal  0.000000e+000 -5.559022e-001 -8.312477e-001
    outer loop
      vertex -3.879515e+001  1.043689e+002 -1.095697e+002
      vertex -9.970336e+000  1.050164e+002 -1.100027e+002
      vertex -1.045253e+001  1.043689e+002 -1.095697e+002
    endloop
  endfacet
  facet normal  2.823980e-001 -5.764620e-001 -7.667743e-001
    outer loop
      vertex -6.614441e+000  9.867458e+001 -1.038751e+002
      vertex -1.045253e+001  1.043689e+002 -1.095697e+002
      vertex -5.425909e+000  9.914142e+001 -1.037884e+002
    endloop
  endfacet
  facet normal  1.907300e-001 -6.398878e-001 -7.444230e-001
    outer loop
      vertex -5.425909e+000  9.914142e+001 -1.037884e+002
      vertex -1.045253e+001  1.043689e+002 -1.095697e+002
      vertex -9.970336e+000  1.050164e+002 -1.100027e+002
    endloop
  endfacet
  facet normal  5.018851e-001 -4.146740e-001 -7.590499e-001
    outer loop
      vertex -5.425909e+000  9.914142e+001 -1.037884e+002
      vertex -9.970336e+000  1.050164e+002 -1.100027e+002
      vertex -9.550774e+000  1.058037e+002 -1.101554e+002
    endloop
  endfacet
  facet normal  7.385328e-001 -1.670053e-001 -6.532063e-001
    outer loop
      vertex -5.425909e+000  9.914142e+001 -1.037884e+002
      vertex -9.550774e+000  1.058037e+002 -1.101554e+002
      vertex -4.704391e+000  9.997485e+001 -1.031857e+002
    endloop
  endfacet
  facet normal  7.394567e-001 -1.654578e-001 -6.525546e-001
    outer loop
      vertex -4.704391e+000  9.997485e+001 -1.031857e+002
      vertex -9.550774e+000  1.058037e+002 -1.101554e+002
      vertex -9.323542e+000  1.064153e+002 -1.100530e+002
    endloop
  endfacet
  facet normal  8.894519e-001  1.994633e-001 -4.112051e-001
    outer loop
      vertex -4.704391e+000  9.997485e+001 -1.031857e+002
      vertex -9.323542e+000  1.064153e+002 -1.100530e+002
      vertex -4.614441e+000  1.004086e+002 -1.027807e+002
    endloop
  endfacet
  facet normal  8.785564e-001  1.335596e-001 -4.585852e-001
    outer loop
      vertex -4.614441e+000  1.004086e+002 -1.027807e+002
      vertex -9.323542e+000  1.064153e+002 -1.100530e+002
      vertex -9.190193e+000  1.071974e+002 -1.095698e+002
    endloop
  endfacet
  facet normal  3.297765e-001 -6.675631e-001 -6.675382e-001
    outer loop
      vertex -6.614441e+000  5.228805e+001 -5.748687e+001
      vertex -6.614441e+000  7.916853e+001 -8.436835e+001
      vertex -5.369127e+000  5.171510e+001 -5.629869e+001
    endloop
  endfacet
  facet normal  3.826834e-001 -6.519476e-001 -6.546127e-001
    outer loop
      vertex -5.369127e+000  5.171510e+001 -5.629869e+001
      vertex -6.614441e+000  7.916853e+001 -8.436835e+001
      vertex -5.200227e+000  7.958276e+001 -8.395415e+001
    endloop
  endfacet
  facet normal  7.277483e-001 -4.853253e-001 -4.846046e-001
    outer loop
      vertex -5.369127e+000  5.171510e+001 -5.629869e+001
      vertex -5.200227e+000  7.958276e+001 -8.395415e+001
      vertex -4.977653e+000  5.173222e+001 -5.572795e+001
    endloop
  endfacet
  facet normal  9.328583e-001 -2.527265e-001 -2.567188e-001
    outer loop
      vertex -4.977653e+000  5.173222e+001 -5.572795e+001
      vertex -5.200227e+000  7.958276e+001 -8.395415e+001
      vertex -4.630521e+000  5.212049e+001 -5.484878e+001
    endloop
  endfacet
  facet normal  9.238771e-001 -2.691538e-001 -2.720429e-001
    outer loop
      vertex -4.630521e+000  5.212049e+001 -5.484878e+001
      vertex -5.200227e+000  7.958276e+001 -8.395415e+001
      vertex -4.614441e+000  8.058277e+001 -8.295417e+001
    endloop
  endfacet
  facet normal  9.979879e-001 -4.483440e-002 -4.483272e-002
    outer loop
      vertex -4.630521e+000  5.212049e+001 -5.484878e+001
      vertex -4.614441e+000  8.058277e+001 -8.295417e+001
      vertex -4.614441e+000  5.228810e+001 -5.465844e+001
    endloop
  endfacet
  facet normal  9.886922e-001 -1.060392e-001 -1.060352e-001
    outer loop
      vertex -4.614441e+000  1.004086e+002 -1.027807e+002
      vertex -4.614441e+000  8.985114e+001 -9.222288e+001
      vertex -4.704391e+000  9.997485e+001 -1.031857e+002
    endloop
  endfacet
  facet normal  9.238366e-001 -2.774118e-001 -2.637587e-001
    outer loop
      vertex -4.704391e+000  9.997485e+001 -1.031857e+002
      vertex -4.614441e+000  8.985114e+001 -9.222288e+001
      vertex -5.200227e+000  8.885111e+001 -9.322285e+001
    endloop
  endfacet
  facet normal  8.148092e-001 -4.065083e-001 -4.133241e-001
    outer loop
      vertex -4.704391e+000  9.997485e+001 -1.031857e+002
      vertex -5.200227e+000  8.885111e+001 -9.322285e+001
      vertex -5.425909e+000  9.914142e+001 -1.037884e+002
    endloop
  endfacet
  facet normal  3.826815e-001 -6.532942e-001 -6.532699e-001
    outer loop
      vertex -6.614441e+000  8.843690e+001 -9.363706e+001
      vertex -6.614441e+000  9.867458e+001 -1.038751e+002
      vertex -5.200227e+000  8.885111e+001 -9.322285e+001
    endloop
  endfacet
  facet normal  3.143912e-001 -6.766851e-001 -6.657745e-001
    outer loop
      vertex -5.200227e+000  8.885111e+001 -9.322285e+001
      vertex -6.614441e+000  9.867458e+001 -1.038751e+002
      vertex -5.425909e+000  9.914142e+001 -1.037884e+002
    endloop
  endfacet
  facet normal  -0.000000e+000 -9.007460e-001 -4.343462e-001
    outer loop
      vertex -4.263324e+001  5.228805e+001 -5.748687e+001
      vertex -6.614441e+000  5.228805e+001 -5.748687e+001
      vertex -4.387856e+001  5.171510e+001 -5.629869e+001
    endloop
  endfacet
  facet normal  0.000000e+000 -9.007460e-001 -4.343462e-001
    outer loop
      vertex -4.387856e+001  5.171510e+001 -5.629869e+001
      vertex -6.614441e+000  5.228805e+001 -5.748687e+001
      vertex -5.369127e+000  5.171510e+001 -5.629869e+001
    endloop
  endfacet
  facet normal  0.000000e+000 -9.995502e-001  2.998998e-002
    outer loop
      vertex -4.387856e+001  5.171510e+001 -5.629869e+001
      vertex -5.369127e+000  5.171510e+001 -5.629869e+001
      vertex -4.427003e+001  5.173222e+001 -5.572795e+001
    endloop
  endfacet
  facet normal  0.000000e+000 -9.995502e-001  2.998998e-002
    outer loop
      vertex -4.427003e+001  5.173222e+001 -5.572795e+001
      vertex -5.369127e+000  5.171510e+001 -5.629869e+001
      vertex -4.977653e+000  5.173222e+001 -5.572795e+001
    endloop
  endfacet
  facet normal  0.000000e+000 -9.147625e-001  4.039922e-001
    outer loop
      vertex -4.427003e+001  5.173222e+001 -5.572795e+001
      vertex -4.977653e+000  5.173222e+001 -5.572795e+001
      vertex -4.461716e+001  5.212049e+001 -5.484878e+001
    endloop
  endfacet
  facet normal  0.000000e+000 -9.147624e-001  4.039922e-001
    outer loop
      vertex -4.461716e+001  5.212049e+001 -5.484878e+001
      vertex -4.977653e+000  5.173222e+001 -5.572795e+001
      vertex -4.630521e+000  5.212049e+001 -5.484878e+001
    endloop
  endfacet
  facet normal  0.000000e+000 -7.505073e-001  6.608621e-001
    outer loop
      vertex -4.461716e+001  5.212049e+001 -5.484878e+001
      vertex -4.630521e+000  5.212049e+001 -5.484878e+001
      vertex -4.463324e+001  5.228810e+001 -5.465844e+001
    endloop
  endfacet
  facet normal  0.000000e+000 -7.505073e-001  6.608622e-001
    outer loop
      vertex -4.463324e+001  5.228810e+001 -5.465844e+001
      vertex -4.630521e+000  5.212049e+001 -5.484878e+001
      vertex -4.614441e+000  5.228810e+001 -5.465844e+001
    endloop
  endfacet
  facet normal  9.238796e-001 -2.706028e-001 -2.705932e-001
    outer loop
      vertex -4.614441e+000  8.985114e+001 -9.222288e+001
      vertex -4.614441e+000  8.727659e+001 -8.964824e+001
      vertex -5.200227e+000  8.885111e+001 -9.322285e+001
    endloop
  endfacet
  facet normal  9.238790e-001 -2.706041e-001 -2.705936e-001
    outer loop
      vertex -5.200227e+000  8.885111e+001 -9.322285e+001
      vertex -4.614441e+000  8.727659e+001 -8.964824e+001
      vertex -5.200227e+000  8.627657e+001 -9.064822e+001
    endloop
  endfacet
  facet normal  3.826816e-001 -6.532946e-001 -6.532694e-001
    outer loop
      vertex -5.200227e+000  8.885111e+001 -9.322285e+001
      vertex -5.200227e+000  8.627657e+001 -9.064822e+001
      vertex -6.614441e+000  8.843690e+001 -9.363706e+001
    endloop
  endfacet
  facet normal  3.826846e-001 -6.532927e-001 -6.532695e-001
    outer loop
      vertex -6.614441e+000  8.843690e+001 -9.363706e+001
      vertex -5.200227e+000  8.627657e+001 -9.064822e+001
      vertex -6.614441e+000  8.586235e+001 -9.106242e+001
    endloop
  endfacet
  facet normal  9.238791e-001 -2.706042e-001 -2.705936e-001
    outer loop
      vertex -4.614441e+000  8.727659e+001 -8.964824e+001
      vertex -4.614441e+000  8.315732e+001 -8.552881e+001
      vertex -5.200227e+000  8.627657e+001 -9.064822e+001
    endloop
  endfacet
  facet normal  9.238801e-001 -2.706019e-001 -2.705924e-001
    outer loop
      vertex -5.200227e+000  8.627657e+001 -9.064822e+001
      vertex -4.614441e+000  8.315732e+001 -8.552881e+001
      vertex -5.200227e+000  8.215730e+001 -8.652879e+001
    endloop
  endfacet
  facet normal  3.826846e-001 -6.532926e-001 -6.532696e-001
    outer loop
      vertex -5.200227e+000  8.627657e+001 -9.064822e+001
      vertex -5.200227e+000  8.215730e+001 -8.652879e+001
      vertex -6.614441e+000  8.586235e+001 -9.106242e+001
    endloop
  endfacet
  facet normal  3.826787e-001 -6.532956e-001 -6.532702e-001
    outer loop
      vertex -6.614441e+000  8.586235e+001 -9.106242e+001
      vertex -5.200227e+000  8.215730e+001 -8.652879e+001
      vertex -6.614441e+000  8.174308e+001 -8.694299e+001
    endloop
  endfacet
  facet normal  9.238801e-001 -2.706020e-001 -2.705923e-001
    outer loop
      vertex -4.614441e+000  8.315732e+001 -8.552881e+001
      vertex -4.614441e+000  8.058277e+001 -8.295417e+001
      vertex -5.200227e+000  8.215730e+001 -8.652879e+001
    endloop
  endfacet
  facet normal  9.238791e-001 -2.706045e-001 -2.705933e-001
    outer loop
      vertex -5.200227e+000  8.215730e+001 -8.652879e+001
      vertex -4.614441e+000  8.058277e+001 -8.295417e+001
      vertex -5.200227e+000  7.958276e+001 -8.395415e+001
    endloop
  endfacet
  facet normal  3.826785e-001 -6.532964e-001 -6.532694e-001
    outer loop
      vertex -5.200227e+000  8.215730e+001 -8.652879e+001
      vertex -5.200227e+000  7.958276e+001 -8.395415e+001
      vertex -6.614441e+000  8.174308e+001 -8.694299e+001
    endloop
  endfacet
  facet normal  3.826846e-001 -6.532927e-001 -6.532695e-001
    outer loop
      vertex -6.614441e+000  8.174308e+001 -8.694299e+001
      vertex -5.200227e+000  7.958276e+001 -8.395415e+001
      vertex -6.614441e+000  7.916853e+001 -8.436835e+001
    endloop
  endfacet
  facet normal -3.826783e-001 -6.532946e-001 -6.532714e-001
    outer loop
      vertex -4.263324e+001  8.174308e+001 -8.694299e+001
      vertex -4.263324e+001  7.916853e+001 -8.436835e+001
      vertex -4.404745e+001  8.215730e+001 -8.652879e+001
    endloop
  endfacet
  facet normal -3.826843e-001 -6.532947e-001 -6.532676e-001
    outer loop
      vertex -4.404745e+001  8.215730e+001 -8.652879e+001
      vertex -4.263324e+001  7.916853e+001 -8.436835e+001
      vertex -4.404745e+001  7.958276e+001 -8.395415e+001
    endloop
  endfacet
  facet normal -9.238804e-001 -2.706022e-001 -2.705910e-001
    outer loop
      vertex -4.404745e+001  8.215730e+001 -8.652879e+001
      vertex -4.404745e+001  7.958276e+001 -8.395415e+001
      vertex -4.463324e+001  8.315732e+001 -8.552881e+001
    endloop
  endfacet
  facet normal -9.238794e-001 -2.706031e-001 -2.705935e-001
    outer loop
      vertex -4.463324e+001  8.315732e+001 -8.552881e+001
      vertex -4.404745e+001  7.958276e+001 -8.395415e+001
      vertex -4.463324e+001  8.058277e+001 -8.295417e+001
    endloop
  endfacet
  facet normal -3.826842e-001 -6.532939e-001 -6.532685e-001
    outer loop
      vertex -4.263324e+001  8.586235e+001 -9.106242e+001
      vertex -4.263324e+001  8.174308e+001 -8.694299e+001
      vertex -4.404745e+001  8.627657e+001 -9.064822e+001
    endloop
  endfacet
  facet normal -3.826782e-001 -6.532945e-001 -6.532715e-001
    outer loop
      vertex -4.404745e+001  8.627657e+001 -9.064822e+001
      vertex -4.263324e+001  8.174308e+001 -8.694299e+001
      vertex -4.404745e+001  8.215730e+001 -8.652879e+001
    endloop
  endfacet
  facet normal -9.238794e-001 -2.706031e-001 -2.705936e-001
    outer loop
      vertex -4.404745e+001  8.627657e+001 -9.064822e+001
      vertex -4.404745e+001  8.215730e+001 -8.652879e+001
      vertex -4.463324e+001  8.727659e+001 -8.964824e+001
    endloop
  endfacet
  facet normal -9.238805e-001 -2.706018e-001 -2.705913e-001
    outer loop
      vertex -4.463324e+001  8.727659e+001 -8.964824e+001
      vertex -4.404745e+001  8.215730e+001 -8.652879e+001
      vertex -4.463324e+001  8.315732e+001 -8.552881e+001
    endloop
  endfacet
  facet normal -3.826813e-001 -6.532937e-001 -6.532705e-001
    outer loop
      vertex -4.263324e+001  8.843690e+001 -9.363706e+001
      vertex -4.263324e+001  8.586235e+001 -9.106242e+001
      vertex -4.404745e+001  8.885111e+001 -9.322285e+001
    endloop
  endfacet
  facet normal -3.826843e-001 -6.532938e-001 -6.532687e-001
    outer loop
      vertex -4.404745e+001  8.885111e+001 -9.322285e+001
      vertex -4.263324e+001  8.586235e+001 -9.106242e+001
      vertex -4.404745e+001  8.627657e+001 -9.064822e+001
    endloop
  endfacet
  facet normal -9.238799e-001 -2.706026e-001 -2.705922e-001
    outer loop
      vertex -4.404745e+001  8.885111e+001 -9.322285e+001
      vertex -4.404745e+001  8.627657e+001 -9.064822e+001
      vertex -4.463324e+001  8.985114e+001 -9.222288e+001
    endloop
  endfacet
  facet normal -9.238794e-001 -2.706031e-001 -2.705935e-001
    outer loop
      vertex -4.463324e+001  8.985114e+001 -9.222288e+001
      vertex -4.404745e+001  8.627657e+001 -9.064822e+001
      vertex -4.463324e+001  8.727659e+001 -8.964824e+001
    endloop
  endfacet
  facet normal -9.027194e-001  3.042127e-001 -3.042238e-001
    outer loop
      vertex -4.463324e+001  1.067727e+002 -9.641688e+001
      vertex -4.005749e+001  1.135614e+002 -1.032059e+002
      vertex -4.463324e+001  1.046513e+002 -9.853816e+001
    endloop
  endfacet
  facet normal -9.027194e-001  3.042123e-001 -3.042245e-001
    outer loop
      vertex -4.463324e+001  1.046513e+002 -9.853816e+001
      vertex -4.005749e+001  1.135614e+002 -1.032059e+002
      vertex -4.005749e+001  1.114401e+002 -1.053272e+002
    endloop
  endfacet
  facet normal  9.027195e-001  3.042128e-001 -3.042237e-001
    outer loop
      vertex -4.614441e+000  1.067727e+002 -9.641688e+001
      vertex -4.614441e+000  1.046513e+002 -9.853816e+001
      vertex -9.190193e+000  1.135614e+002 -1.032059e+002
    endloop
  endfacet
  facet normal  9.027194e-001  3.042124e-001 -3.042244e-001
    outer loop
      vertex -9.190193e+000  1.135614e+002 -1.032059e+002
      vertex -4.614441e+000  1.046513e+002 -9.853816e+001
      vertex -9.190193e+000  1.114401e+002 -1.053272e+002
    endloop
  endfacet
  facet normal  1.000000e+000  0.000000e+000  0.000000e+000
    outer loop
      vertex -4.614441e+000  9.409386e+001 -8.798032e+001
      vertex -4.614441e+000  1.046513e+002 -9.853816e+001
      vertex -4.614441e+000  9.621522e+001 -8.585903e+001
    endloop
  endfacet
  facet normal  1.000000e+000  0.000000e+000  0.000000e+000
    outer loop
      vertex -4.614441e+000  9.621522e+001 -8.585903e+001
      vertex -4.614441e+000  1.046513e+002 -9.853816e+001
      vertex -4.614441e+000  1.067727e+002 -9.641688e+001
    endloop
  endfacet
  facet normal  1.000000e+000  0.000000e+000  0.000000e+000
    outer loop
      vertex -4.614441e+000  9.409386e+001 -8.798032e+001
      vertex -4.614441e+000  9.621522e+001 -8.585903e+001
      vertex -4.614441e+000  9.298157e+001 -8.628797e+001
    endloop
  endfacet
  facet normal  1.000000e+000  0.000000e+000  0.000000e+000
    outer loop
      vertex -4.614441e+000  9.298157e+001 -8.628797e+001
      vertex -4.614441e+000  9.621522e+001 -8.585903e+001
      vertex -4.614441e+000  9.364067e+001 -8.328439e+001
    endloop
  endfacet
  facet normal  1.000000e+000  0.000000e+000  0.000000e+000
    outer loop
      vertex -4.614441e+000  9.298157e+001 -8.628797e+001
      vertex -4.614441e+000  9.364067e+001 -8.328439e+001
      vertex -4.614441e+000  9.263175e+001 -8.429327e+001
    endloop
  endfacet
  facet normal  1.000000e+000  0.000000e+000  0.000000e+000
    outer loop
      vertex -4.614441e+000  9.263175e+001 -8.429327e+001
      vertex -4.614441e+000  9.364067e+001 -8.328439e+001
      vertex -4.614441e+000  9.263359e+001 -8.417201e+001
    endloop
  endfacet
  facet normal  9.999999e-001  0.000000e+000  0.000000e+000
    outer loop
      vertex -4.614441e+000  8.851248e+001 -8.017384e+001
      vertex -4.614441e+000  9.056326e+001 -8.066824e+001
      vertex -4.614441e+000  8.952140e+001 -7.916497e+001
    endloop
  endfacet
  facet normal  1.000000e+000  0.000000e+000  0.000000e+000
    outer loop
      vertex -4.614441e+000  9.263359e+001 -8.417201e+001
      vertex -4.614441e+000  9.364067e+001 -8.328439e+001
      vertex -4.614441e+000  9.207733e+001 -8.213715e+001
    endloop
  endfacet
  facet normal  1.000000e+000  -0.000000e+000  -0.000000e+000
    outer loop
      vertex -4.614441e+000  9.207733e+001 -8.213715e+001
      vertex -4.614441e+000  9.364067e+001 -8.328439e+001
      vertex -4.614441e+000  8.952140e+001 -7.916497e+001
    endloop
  endfacet
  facet normal  1.000000e+000  0.000000e+000  0.000000e+000
    outer loop
      vertex -4.614441e+000  9.207733e+001 -8.213715e+001
      vertex -4.614441e+000  8.952140e+001 -7.916497e+001
      vertex -4.614441e+000  9.056326e+001 -8.066824e+001
    endloop
  endfacet
  facet normal  1.000000e+000  -0.000000e+000  0.000000e+000
    outer loop
      vertex -4.614441e+000  8.694685e+001 -7.659032e+001
      vertex -4.614441e+000  8.482549e+001 -7.871161e+001
      vertex -4.614441e+000  8.952140e+001 -7.916497e+001
    endloop
  endfacet
  facet normal  1.000000e+000  0.000000e+000  0.000000e+000
    outer loop
      vertex -4.614441e+000  8.952140e+001 -7.916497e+001
      vertex -4.614441e+000  8.482549e+001 -7.871161e+001
      vertex -4.614441e+000  8.651779e+001 -7.982396e+001
    endloop
  endfacet
  facet normal  1.000000e+000  -0.000000e+000  0.000000e+000
    outer loop
      vertex -4.614441e+000  8.952140e+001 -7.916497e+001
      vertex -4.614441e+000  8.651779e+001 -7.982396e+001
      vertex -4.614441e+000  8.851248e+001 -8.017384e+001
    endloop
  endfacet
  facet normal -1.000000e+000  0.000000e+000  0.000000e+000
    outer loop
      vertex -4.463324e+001  9.263359e+001 -8.417201e+001
      vertex -4.463324e+001  9.364067e+001 -8.328439e+001
      vertex -4.463324e+001  9.263175e+001 -8.429327e+001
    endloop
  endfacet
  facet normal -9.999999e-001  0.000000e+000  0.000000e+000
    outer loop
      vertex -4.463324e+001  8.952140e+001 -7.916497e+001
      vertex -4.463324e+001  9.056326e+001 -8.066824e+001
      vertex -4.463324e+001  8.851248e+001 -8.017384e+001
    endloop
  endfacet
  facet normal -1.000000e+000  0.000000e+000  0.000000e+000
    outer loop
      vertex -4.463324e+001  9.056326e+001 -8.066824e+001
      vertex -4.463324e+001  8.952140e+001 -7.916497e+001
      vertex -4.463324e+001  9.207733e+001 -8.213715e+001
    endloop
  endfacet
  facet normal -1.000000e+000  0.000000e+000  0.000000e+000
    outer loop
      vertex -4.463324e+001  9.207733e+001 -8.213715e+001
      vertex -4.463324e+001  8.952140e+001 -7.916497e+001
      vertex -4.463324e+001  9.364067e+001 -8.328439e+001
    endloop
  endfacet
  facet normal -1.000000e+000  -0.000000e+000  0.000000e+000
    outer loop
      vertex -4.463324e+001  9.207733e+001 -8.213715e+001
      vertex -4.463324e+001  9.364067e+001 -8.328439e+001
      vertex -4.463324e+001  9.263359e+001 -8.417201e+001
    endloop
  endfacet
  facet normal -1.000000e+000  0.000000e+000  0.000000e+000
    outer loop
      vertex -4.463324e+001  9.263175e+001 -8.429327e+001
      vertex -4.463324e+001  9.364067e+001 -8.328439e+001
      vertex -4.463324e+001  9.298157e+001 -8.628797e+001
    endloop
  endfacet
  facet normal -1.000000e+000  0.000000e+000  0.000000e+000
    outer loop
      vertex -4.463324e+001  9.298157e+001 -8.628797e+001
      vertex -4.463324e+001  9.364067e+001 -8.328439e+001
      vertex -4.463324e+001  9.621522e+001 -8.585903e+001
    endloop
  endfacet
  facet normal -1.000000e+000  0.000000e+000  0.000000e+000
    outer loop
      vertex -4.463324e+001  9.298157e+001 -8.628797e+001
      vertex -4.463324e+001  9.621522e+001 -8.585903e+001
      vertex -4.463324e+001  9.409386e+001 -8.798032e+001
    endloop
  endfacet
  facet normal -1.000000e+000  0.000000e+000  -0.000000e+000
    outer loop
      vertex -4.463324e+001  9.409386e+001 -8.798032e+001
      vertex -4.463324e+001  9.621522e+001 -8.585903e+001
      vertex -4.463324e+001  1.046513e+002 -9.853816e+001
    endloop
  endfacet
  facet normal -1.000000e+000  0.000000e+000  0.000000e+000
    outer loop
      vertex -4.463324e+001  1.046513e+002 -9.853816e+001
      vertex -4.463324e+001  9.621522e+001 -8.585903e+001
      vertex -4.463324e+001  1.067727e+002 -9.641688e+001
    endloop
  endfacet
  facet normal -1.000000e+000  0.000000e+000  0.000000e+000
    outer loop
      vertex -4.463324e+001  8.851248e+001 -8.017384e+001
      vertex -4.463324e+001  8.651779e+001 -7.982396e+001
      vertex -4.463324e+001  8.952140e+001 -7.916497e+001
    endloop
  endfacet
  facet normal -1.000000e+000  -0.000000e+000  0.000000e+000
    outer loop
      vertex -4.463324e+001  8.952140e+001 -7.916497e+001
      vertex -4.463324e+001  8.651779e+001 -7.982396e+001
      vertex -4.463324e+001  8.482549e+001 -7.871161e+001
    endloop
  endfacet
  facet normal -1.000000e+000  0.000000e+000  0.000000e+000
    outer loop
      vertex -4.463324e+001  8.952140e+001 -7.916497e+001
      vertex -4.463324e+001  8.482549e+001 -7.871161e+001
      vertex -4.463324e+001  8.694685e+001 -7.659032e+001
    endloop
  endfacet
  facet normal  1.000000e+000  0.000000e+000  0.000000e+000
    outer loop
      vertex -4.614441e+000  5.653082e+001 -5.041588e+001
      vertex -4.614441e+000  8.482549e+001 -7.871161e+001
      vertex -4.614441e+000  5.865218e+001 -4.829460e+001
    endloop
  endfacet
  facet normal  1.000000e+000  0.000000e+000  0.000000e+000
    outer loop
      vertex -4.614441e+000  5.865218e+001 -4.829460e+001
      vertex -4.614441e+000  8.482549e+001 -7.871161e+001
      vertex -4.614441e+000  8.694685e+001 -7.659032e+001
    endloop
  endfacet
  facet normal  0.000000e+000  7.071199e-001  7.070935e-001
    outer loop
      vertex -3.963324e+001  6.572325e+001 -4.829473e+001
      vertex -9.614441e+000  6.572325e+001 -4.829473e+001
      vertex -3.963324e+001  9.048245e+001 -7.305486e+001
    endloop
  endfacet
  facet normal  -0.000000e+000  7.071199e-001  7.070935e-001
    outer loop
      vertex -3.963324e+001  9.048245e+001 -7.305486e+001
      vertex -9.614441e+000  6.572325e+001 -4.829473e+001
      vertex -9.614441e+000  9.048245e+001 -7.305486e+001
    endloop
  endfacet
  facet normal  0.000000e+000  7.071204e-001  7.070932e-001
    outer loop
      vertex -3.963324e+001  9.048245e+001 -7.305486e+001
      vertex -9.614441e+000  9.048245e+001 -7.305486e+001
      vertex -3.963324e+001  9.305700e+001 -7.562950e+001
    endloop
  endfacet
  facet normal  -0.000000e+000  7.071204e-001  7.070932e-001
    outer loop
      vertex -3.963324e+001  9.305700e+001 -7.562950e+001
      vertex -9.614441e+000  9.048245e+001 -7.305486e+001
      vertex -9.614441e+000  9.305700e+001 -7.562950e+001
    endloop
  endfacet
  facet normal  0.000000e+000  7.071199e-001  7.070937e-001
    outer loop
      vertex -3.963324e+001  9.305700e+001 -7.562950e+001
      vertex -9.614441e+000  9.305700e+001 -7.562950e+001
      vertex -3.963324e+001  9.717627e+001 -7.974892e+001
    endloop
  endfacet
  facet normal  -0.000000e+000  7.071199e-001  7.070937e-001
    outer loop
      vertex -3.963324e+001  9.717627e+001 -7.974892e+001
      vertex -9.614441e+000  9.305700e+001 -7.562950e+001
      vertex -9.614441e+000  9.717627e+001 -7.974892e+001
    endloop
  endfacet
  facet normal  0.000000e+000  7.071204e-001  7.070932e-001
    outer loop
      vertex -3.963324e+001  9.717627e+001 -7.974892e+001
      vertex -9.614441e+000  9.717627e+001 -7.974892e+001
      vertex -3.963324e+001  9.975082e+001 -8.232357e+001
    endloop
  endfacet
  facet normal  -0.000000e+000  7.071204e-001  7.070932e-001
    outer loop
      vertex -3.963324e+001  9.975082e+001 -8.232357e+001
      vertex -9.614441e+000  9.717627e+001 -7.974892e+001
      vertex -9.614441e+000  9.975082e+001 -8.232357e+001
    endloop
  endfacet
  facet normal  0.000000e+000  7.071201e-001  7.070935e-001
    outer loop
      vertex -3.963324e+001  9.975082e+001 -8.232357e+001
      vertex -9.614441e+000  9.975082e+001 -8.232357e+001
      vertex -3.963324e+001  1.095089e+002 -9.208197e+001
    endloop
  endfacet
  facet normal  -0.000000e+000  7.071201e-001  7.070935e-001
    outer loop
      vertex -3.963324e+001  1.095089e+002 -9.208197e+001
      vertex -9.614441e+000  9.975082e+001 -8.232357e+001
      vertex -9.614441e+000  1.095089e+002 -9.208197e+001
    endloop
  endfacet
  facet normal  0.000000e+000  7.071201e-001  7.070935e-001
    outer loop
      vertex -3.963324e+001  1.095089e+002 -9.208197e+001
      vertex -9.614441e+000  1.095089e+002 -9.208197e+001
      vertex -3.690163e+001  1.135616e+002 -9.613485e+001
    endloop
  endfacet
  facet normal  -0.000000e+000  7.071201e-001  7.070935e-001
    outer loop
      vertex -3.690163e+001  1.135616e+002 -9.613485e+001
      vertex -9.614441e+000  1.095089e+002 -9.208197e+001
      vertex -1.234605e+001  1.135616e+002 -9.613485e+001
    endloop
  endfacet
  facet normal -1.000000e+000  0.000000e+000  -0.000000e+000
    outer loop
      vertex -4.463324e+001  5.653082e+001 -5.041588e+001
      vertex -4.463324e+001  5.865218e+001 -4.829460e+001
      vertex -4.463324e+001  8.482549e+001 -7.871161e+001
    endloop
  endfacet
  facet normal -1.000000e+000  0.000000e+000  0.000000e+000
    outer loop
      vertex -4.463324e+001  8.482549e+001 -7.871161e+001
      vertex -4.463324e+001  5.865218e+001 -4.829460e+001
      vertex -4.463324e+001  8.694685e+001 -7.659032e+001
    endloop
  endfacet
  facet normal  7.071005e-001  5.031291e-001  4.968601e-001
    outer loop
      vertex -5.284314e+000  8.871465e+001 -7.482259e+001
      vertex -7.114441e+000  9.000877e+001 -7.352852e+001
      vertex -6.083807e+000  6.219467e+001 -4.683020e+001
    endloop
  endfacet
  facet normal  9.751289e-001  1.567250e-001  1.567192e-001
    outer loop
      vertex -4.614441e+000  5.865218e+001 -4.829460e+001
      vertex -4.614441e+000  8.694685e+001 -7.659032e+001
      vertex -5.105678e+000  6.052781e+001 -4.711375e+001
    endloop
  endfacet
  facet normal  9.659236e-001  1.845343e-001  1.814905e-001
    outer loop
      vertex -5.105678e+000  6.052781e+001 -4.711375e+001
      vertex -4.614441e+000  8.694685e+001 -7.659032e+001
      vertex -5.284314e+000  8.871465e+001 -7.482259e+001
    endloop
  endfacet
  facet normal  8.152546e-001  4.085900e-001  4.103827e-001
    outer loop
      vertex -5.105678e+000  6.052781e+001 -4.711375e+001
      vertex -5.284314e+000  8.871465e+001 -7.482259e+001
      vertex -6.083807e+000  6.219467e+001 -4.683020e+001
    endloop
  endfacet
  facet normal  2.588187e-001  6.830255e-001  6.830000e-001
    outer loop
      vertex -9.614441e+000  9.048245e+001 -7.305486e+001
      vertex -9.614441e+000  6.572325e+001 -4.829473e+001
      vertex -7.114441e+000  9.000877e+001 -7.352852e+001
    endloop
  endfacet
  facet normal  2.382718e-001  6.878616e-001  6.856188e-001
    outer loop
      vertex -7.114441e+000  9.000877e+001 -7.352852e+001
      vertex -9.614441e+000  6.572325e+001 -4.829473e+001
      vertex -7.313866e+000  6.370004e+001 -4.706442e+001
    endloop
  endfacet
  facet normal  5.894946e-001  5.706350e-001  5.717271e-001
    outer loop
      vertex -7.114441e+000  9.000877e+001 -7.352852e+001
      vertex -7.313866e+000  6.370004e+001 -4.706442e+001
      vertex -6.083807e+000  6.219467e+001 -4.683020e+001
    endloop
  endfacet
  facet normal  9.659258e-001  1.830163e-001  1.830094e-001
    outer loop
      vertex -4.614441e+000  9.621522e+001 -8.585903e+001
      vertex -4.614441e+000  1.067727e+002 -9.641688e+001
      vertex -5.284314e+000  9.798302e+001 -8.409130e+001
    endloop
  endfacet
  facet normal  9.627970e-001  1.925252e-001  1.896204e-001
    outer loop
      vertex -5.284314e+000  9.798302e+001 -8.409130e+001
      vertex -4.614441e+000  1.067727e+002 -9.641688e+001
      vertex -5.343969e+000  1.084950e+002 -9.446137e+001
    endloop
  endfacet
  facet normal  7.071040e-001  4.986232e-001  5.013770e-001
    outer loop
      vertex -5.284314e+000  9.798302e+001 -8.409130e+001
      vertex -5.343969e+000  1.084950e+002 -9.446137e+001
      vertex -7.114441e+000  9.927713e+001 -8.279723e+001
    endloop
  endfacet
  facet normal  6.836092e-001  5.185728e-001  5.135762e-001
    outer loop
      vertex -7.114441e+000  9.927713e+001 -8.279723e+001
      vertex -5.343969e+000  1.084950e+002 -9.446137e+001
      vertex -7.293308e+000  1.094759e+002 -9.285714e+001
    endloop
  endfacet
  facet normal  2.588192e-001  6.806120e-001  6.854050e-001
    outer loop
      vertex -7.114441e+000  9.927713e+001 -8.279723e+001
      vertex -7.293308e+000  1.094759e+002 -9.285714e+001
      vertex -9.614441e+000  9.975082e+001 -8.232357e+001
    endloop
  endfacet
  facet normal  2.390435e-001  6.866199e-001  6.865941e-001
    outer loop
      vertex -9.614441e+000  9.975082e+001 -8.232357e+001
      vertex -7.293308e+000  1.094759e+002 -9.285714e+001
      vertex -9.614441e+000  1.095089e+002 -9.208197e+001
    endloop
  endfacet
  facet normal  -0.000000e+000  5.195753e-001  8.544247e-001
    outer loop
      vertex -9.614441e+000  6.572325e+001 -4.829473e+001
      vertex -3.963324e+001  6.572325e+001 -4.829473e+001
      vertex -7.313866e+000  6.370004e+001 -4.706442e+001
    endloop
  endfacet
  facet normal  0.000000e+000  5.195753e-001  8.544247e-001
    outer loop
      vertex -7.313866e+000  6.370004e+001 -4.706442e+001
      vertex -3.963324e+001  6.572325e+001 -4.829473e+001
      vertex -4.193382e+001  6.370004e+001 -4.706442e+001
    endloop
  endfacet
  facet normal  -0.000000e+000  1.537361e-001  9.881119e-001
    outer loop
      vertex -7.313866e+000  6.370004e+001 -4.706442e+001
      vertex -4.193382e+001  6.370004e+001 -4.706442e+001
      vertex -6.083807e+000  6.219467e+001 -4.683020e+001
    endloop
  endfacet
  facet normal  0.000000e+000  1.537361e-001  9.881119e-001
    outer loop
      vertex -6.083807e+000  6.219467e+001 -4.683020e+001
      vertex -4.193382e+001  6.370004e+001 -4.706442e+001
      vertex -4.316388e+001  6.219467e+001 -4.683020e+001
    endloop
  endfacet
  facet normal  0.000000e+000 -1.676967e-001  9.858387e-001
    outer loop
      vertex -6.083807e+000  6.219467e+001 -4.683020e+001
      vertex -4.316388e+001  6.219467e+001 -4.683020e+001
      vertex -5.105678e+000  6.052781e+001 -4.711375e+001
    endloop
  endfacet
  facet normal  0.000000e+000 -1.676967e-001  9.858387e-001
    outer loop
      vertex -5.105678e+000  6.052781e+001 -4.711375e+001
      vertex -4.316388e+001  6.219467e+001 -4.683020e+001
      vertex -4.414200e+001  6.052781e+001 -4.711375e+001
    endloop
  endfacet
  facet normal  0.000000e+000 -5.327814e-001  8.462529e-001
    outer loop
      vertex -5.105678e+000  6.052781e+001 -4.711375e+001
      vertex -4.414200e+001  6.052781e+001 -4.711375e+001
      vertex -4.614441e+000  5.865218e+001 -4.829460e+001
    endloop
  endfacet
  facet normal  0.000000e+000 -5.327815e-001  8.462529e-001
    outer loop
      vertex -4.614441e+000  5.865218e+001 -4.829460e+001
      vertex -4.414200e+001  6.052781e+001 -4.711375e+001
      vertex -4.463324e+001  5.865218e+001 -4.829460e+001
    endloop
  endfacet
  facet normal -2.588205e-001  6.830252e-001  6.829996e-001
    outer loop
      vertex -3.963324e+001  9.975082e+001 -8.232357e+001
      vertex -3.963324e+001  1.095089e+002 -9.208197e+001
      vertex -4.213324e+001  9.927713e+001 -8.279723e+001
    endloop
  endfacet
  facet normal -2.398259e-001  6.838778e-001  6.890535e-001
    outer loop
      vertex -4.213324e+001  9.927713e+001 -8.279723e+001
      vertex -3.963324e+001  1.095089e+002 -9.208197e+001
      vertex -4.195437e+001  1.094759e+002 -9.285714e+001
    endloop
  endfacet
  facet normal -7.070997e-001  5.028130e-001  4.971812e-001
    outer loop
      vertex -4.213324e+001  9.927713e+001 -8.279723e+001
      vertex -4.195437e+001  1.094759e+002 -9.285714e+001
      vertex -4.396337e+001  9.798302e+001 -8.409130e+001
    endloop
  endfacet
  facet normal -6.843016e-001  5.140715e-001  5.171672e-001
    outer loop
      vertex -4.396337e+001  9.798302e+001 -8.409130e+001
      vertex -4.195437e+001  1.094759e+002 -9.285714e+001
      vertex -4.390371e+001  1.084950e+002 -9.446138e+001
    endloop
  endfacet
  facet normal -9.659235e-001  1.845285e-001  1.814960e-001
    outer loop
      vertex -4.396337e+001  9.798302e+001 -8.409130e+001
      vertex -4.390371e+001  1.084950e+002 -9.446138e+001
      vertex -4.463324e+001  9.621522e+001 -8.585903e+001
    endloop
  endfacet
  facet normal -9.628326e-001  1.909924e-001  1.909852e-001
    outer loop
      vertex -4.463324e+001  9.621522e+001 -8.585903e+001
      vertex -4.390371e+001  1.084950e+002 -9.446138e+001
      vertex -4.463324e+001  1.067727e+002 -9.641688e+001
    endloop
  endfacet
  facet normal -7.071005e-001  5.031292e-001  4.968600e-001
    outer loop
      vertex -4.213324e+001  9.000877e+001 -7.352852e+001
      vertex -4.396337e+001  8.871465e+001 -7.482259e+001
      vertex -4.316388e+001  6.219467e+001 -4.683020e+001
    endloop
  endfacet
  facet normal -2.367927e-001  6.870096e-001  6.869840e-001
    outer loop
      vertex -3.963324e+001  6.572325e+001 -4.829473e+001
      vertex -3.963324e+001  9.048245e+001 -7.305486e+001
      vertex -4.193382e+001  6.370004e+001 -4.706442e+001
    endloop
  endfacet
  facet normal -2.588183e-001  6.840449e-001  6.819792e-001
    outer loop
      vertex -4.193382e+001  6.370004e+001 -4.706442e+001
      vertex -3.963324e+001  9.048245e+001 -7.305486e+001
      vertex -4.213324e+001  9.000877e+001 -7.352852e+001
    endloop
  endfacet
  facet normal -5.894933e-001  5.706356e-001  5.717278e-001
    outer loop
      vertex -4.193382e+001  6.370004e+001 -4.706442e+001
      vertex -4.213324e+001  9.000877e+001 -7.352852e+001
      vertex -4.316388e+001  6.219467e+001 -4.683020e+001
    endloop
  endfacet
  facet normal -9.659259e-001  1.830162e-001  1.830093e-001
    outer loop
      vertex -4.463324e+001  8.694685e+001 -7.659032e+001
      vertex -4.463324e+001  5.865218e+001 -4.829460e+001
      vertex -4.396337e+001  8.871465e+001 -7.482259e+001
    endloop
  endfacet
  facet normal -9.752491e-001  1.581175e-001  1.545579e-001
    outer loop
      vertex -4.396337e+001  8.871465e+001 -7.482259e+001
      vertex -4.463324e+001  5.865218e+001 -4.829460e+001
      vertex -4.414200e+001  6.052781e+001 -4.711375e+001
    endloop
  endfacet
  facet normal -8.152555e-001  4.085893e-001  4.103820e-001
    outer loop
      vertex -4.396337e+001  8.871465e+001 -7.482259e+001
      vertex -4.414200e+001  6.052781e+001 -4.711375e+001
      vertex -4.316388e+001  6.219467e+001 -4.683020e+001
    endloop
  endfacet
  facet normal -2.157892e-001  7.593399e-001  6.138713e-001
    outer loop
      vertex -3.963324e+001  1.095089e+002 -9.208197e+001
      vertex -3.690163e+001  1.135616e+002 -9.613485e+001
      vertex -4.195437e+001  1.094759e+002 -9.285714e+001
    endloop
  endfacet
  facet normal -1.664587e-001  7.340440e-001  6.583851e-001
    outer loop
      vertex -4.195437e+001  1.094759e+002 -9.285714e+001
      vertex -3.690163e+001  1.135616e+002 -9.613485e+001
      vertex -3.789230e+001  1.144927e+002 -9.742343e+001
    endloop
  endfacet
  facet normal -4.061300e-001  7.727734e-001  4.877290e-001
    outer loop
      vertex -4.195437e+001  1.094759e+002 -9.285714e+001
      vertex -3.789230e+001  1.144927e+002 -9.742343e+001
      vertex -3.876037e+001  1.149656e+002 -9.889554e+001
    endloop
  endfacet
  facet normal -6.226339e-001  7.141362e-001  3.199006e-001
    outer loop
      vertex -4.195437e+001  1.094759e+002 -9.285714e+001
      vertex -3.876037e+001  1.149656e+002 -9.889554e+001
      vertex -4.390371e+001  1.084950e+002 -9.446138e+001
    endloop
  endfacet
  facet normal -6.475511e-001  7.079396e-001  2.819559e-001
    outer loop
      vertex -4.390371e+001  1.084950e+002 -9.446138e+001
      vertex -3.876037e+001  1.149656e+002 -9.889554e+001
      vertex -3.947802e+001  1.149541e+002 -1.005150e+002
    endloop
  endfacet
  facet normal -8.049697e-001  5.917624e-001  4.290797e-002
    outer loop
      vertex -4.390371e+001  1.084950e+002 -9.446138e+001
      vertex -3.947802e+001  1.149541e+002 -1.005150e+002
      vertex -3.990427e+001  1.144781e+002 -1.019460e+002
    endloop
  endfacet
  facet normal -8.916952e-001  4.106708e-001 -1.903397e-001
    outer loop
      vertex -4.005749e+001  1.135614e+002 -1.032059e+002
      vertex -4.463324e+001  1.067727e+002 -9.641688e+001
      vertex -3.990427e+001  1.144781e+002 -1.019460e+002
    endloop
  endfacet
  facet normal -8.763081e-001  4.732848e-001 -8.992097e-002
    outer loop
      vertex -3.990427e+001  1.144781e+002 -1.019460e+002
      vertex -4.463324e+001  1.067727e+002 -9.641688e+001
      vertex -4.390371e+001  1.084950e+002 -9.446138e+001
    endloop
  endfacet
  facet normal  0.000000e+000  8.105384e-001  5.856856e-001
    outer loop
      vertex -3.690163e+001  1.135616e+002 -9.613485e+001
      vertex -1.234605e+001  1.135616e+002 -9.613485e+001
      vertex -3.789230e+001  1.144927e+002 -9.742343e+001
    endloop
  endfacet
  facet normal  -0.000000e+000  8.105384e-001  5.856856e-001
    outer loop
      vertex -3.789230e+001  1.144927e+002 -9.742343e+001
      vertex -1.234605e+001  1.135616e+002 -9.613485e+001
      vertex -1.135539e+001  1.144927e+002 -9.742343e+001
    endloop
  endfacet
  facet normal  0.000000e+000  9.520822e-001  3.058424e-001
    outer loop
      vertex -3.789230e+001  1.144927e+002 -9.742343e+001
      vertex -1.135539e+001  1.144927e+002 -9.742343e+001
      vertex -3.876037e+001  1.149656e+002 -9.889554e+001
    endloop
  endfacet
  facet normal  -0.000000e+000  9.520821e-001  3.058424e-001
    outer loop
      vertex -3.876037e+001  1.149656e+002 -9.889554e+001
      vertex -1.135539e+001  1.144927e+002 -9.742343e+001
      vertex -1.048731e+001  1.149656e+002 -9.889554e+001
    endloop
  endfacet
  facet normal  0.000000e+000  9.999750e-001 -7.076050e-003
    outer loop
      vertex -3.876037e+001  1.149656e+002 -9.889554e+001
      vertex -1.048731e+001  1.149656e+002 -9.889554e+001
      vertex -3.947802e+001  1.149541e+002 -1.005150e+002
    endloop
  endfacet
  facet normal  0.000000e+000  9.999750e-001 -7.076050e-003
    outer loop
      vertex -3.947802e+001  1.149541e+002 -1.005150e+002
      vertex -1.048731e+001  1.149656e+002 -9.889554e+001
      vertex -9.769659e+000  1.149541e+002 -1.005150e+002
    endloop
  endfacet
  facet normal  0.000000e+000  9.488759e-001 -3.156495e-001
    outer loop
      vertex -3.947802e+001  1.149541e+002 -1.005150e+002
      vertex -9.769659e+000  1.149541e+002 -1.005150e+002
      vertex -3.990427e+001  1.144781e+002 -1.019460e+002
    endloop
  endfacet
  facet normal  0.000000e+000  9.488758e-001 -3.156495e-001
    outer loop
      vertex -3.990427e+001  1.144781e+002 -1.019460e+002
      vertex -9.769659e+000  1.149541e+002 -1.005150e+002
      vertex -9.343407e+000  1.144781e+002 -1.019460e+002
    endloop
  endfacet
  facet normal  0.000000e+000  8.086317e-001 -5.883152e-001
    outer loop
      vertex -3.990427e+001  1.144781e+002 -1.019460e+002
      vertex -9.343407e+000  1.144781e+002 -1.019460e+002
      vertex -4.005749e+001  1.135614e+002 -1.032059e+002
    endloop
  endfacet
  facet normal  0.000000e+000  8.086317e-001 -5.883152e-001
    outer loop
      vertex -4.005749e+001  1.135614e+002 -1.032059e+002
      vertex -9.343407e+000  1.144781e+002 -1.019460e+002
      vertex -9.190193e+000  1.135614e+002 -1.032059e+002
    endloop
  endfacet
  facet normal  8.691680e-001  4.838976e-001 -1.019323e-001
    outer loop
      vertex -4.614441e+000  1.067727e+002 -9.641688e+001
      vertex -9.190193e+000  1.135614e+002 -1.032059e+002
      vertex -5.343969e+000  1.084950e+002 -9.446137e+001
    endloop
  endfacet
  facet normal  9.049828e-001  3.887764e-001 -1.727975e-001
    outer loop
      vertex -5.343969e+000  1.084950e+002 -9.446137e+001
      vertex -9.190193e+000  1.135614e+002 -1.032059e+002
      vertex -9.343407e+000  1.144781e+002 -1.019460e+002
    endloop
  endfacet
  facet normal  8.049693e-001  5.917629e-001  4.290875e-002
    outer loop
      vertex -5.343969e+000  1.084950e+002 -9.446137e+001
      vertex -9.343407e+000  1.144781e+002 -1.019460e+002
      vertex -9.769659e+000  1.149541e+002 -1.005150e+002
    endloop
  endfacet
  facet normal  6.200996e-001  7.190135e-001  3.138407e-001
    outer loop
      vertex -5.343969e+000  1.084950e+002 -9.446137e+001
      vertex -9.769659e+000  1.149541e+002 -1.005150e+002
      vertex -7.293308e+000  1.094759e+002 -9.285714e+001
    endloop
  endfacet
  facet normal  6.571651e-001  6.972594e-001  2.862922e-001
    outer loop
      vertex -7.293308e+000  1.094759e+002 -9.285714e+001
      vertex -9.769659e+000  1.149541e+002 -1.005150e+002
      vertex -1.048731e+001  1.149656e+002 -9.889554e+001
    endloop
  endfacet
  facet normal  4.061296e-001  7.727734e-001  4.877293e-001
    outer loop
      vertex -7.293308e+000  1.094759e+002 -9.285714e+001
      vertex -1.048731e+001  1.149656e+002 -9.889554e+001
      vertex -1.135539e+001  1.144927e+002 -9.742343e+001
    endloop
  endfacet
  facet normal  1.435113e-001  7.464899e-001  6.497364e-001
    outer loop
      vertex -1.234605e+001  1.135616e+002 -9.613485e+001
      vertex -9.614441e+000  1.095089e+002 -9.208197e+001
      vertex -1.135539e+001  1.144927e+002 -9.742343e+001
    endloop
  endfacet
  facet normal  2.197705e-001  7.479841e-001  6.262753e-001
    outer loop
      vertex -1.135539e+001  1.144927e+002 -9.742343e+001
      vertex -9.614441e+000  1.095089e+002 -9.208197e+001
      vertex -7.293308e+000  1.094759e+002 -9.285714e+001
    endloop
  endfacet
  facet normal -2.588187e-001  6.830260e-001  6.829996e-001
    outer loop
      vertex -3.963324e+001  9.048245e+001 -7.305486e+001
      vertex -3.963324e+001  9.305700e+001 -7.562950e+001
      vertex -4.213324e+001  9.000877e+001 -7.352852e+001
    endloop
  endfacet
  facet normal -2.588206e-001  6.830266e-001  6.829982e-001
    outer loop
      vertex -4.213324e+001  9.000877e+001 -7.352852e+001
      vertex -3.963324e+001  9.305700e+001 -7.562950e+001
      vertex -4.213324e+001  9.258331e+001 -7.610316e+001
    endloop
  endfacet
  facet normal -7.071074e-001  5.000100e-001  4.999892e-001
    outer loop
      vertex -4.213324e+001  9.000877e+001 -7.352852e+001
      vertex -4.213324e+001  9.258331e+001 -7.610316e+001
      vertex -4.396337e+001  8.871465e+001 -7.482259e+001
    endloop
  endfacet
  facet normal -7.071052e-001  5.000099e-001  4.999921e-001
    outer loop
      vertex -4.396337e+001  8.871465e+001 -7.482259e+001
      vertex -4.213324e+001  9.258331e+001 -7.610316e+001
      vertex -4.396337e+001  9.128920e+001 -7.739723e+001
    endloop
  endfacet
  facet normal -9.659259e-001  1.830160e-001  1.830095e-001
    outer loop
      vertex -4.396337e+001  8.871465e+001 -7.482259e+001
      vertex -4.396337e+001  9.128920e+001 -7.739723e+001
      vertex -4.463324e+001  8.694685e+001 -7.659032e+001
    endloop
  endfacet
  facet normal -9.659259e-001  1.830159e-001  1.830088e-001
    outer loop
      vertex -4.463324e+001  8.694685e+001 -7.659032e+001
      vertex -4.396337e+001  9.128920e+001 -7.739723e+001
      vertex -4.463324e+001  8.952140e+001 -7.916497e+001
    endloop
  endfacet
  facet normal -2.588206e-001  6.830251e-001  6.829997e-001
    outer loop
      vertex -3.963324e+001  9.305700e+001 -7.562950e+001
      vertex -3.963324e+001  9.717627e+001 -7.974892e+001
      vertex -4.213324e+001  9.258331e+001 -7.610316e+001
    endloop
  endfacet
  facet normal -2.588187e-001  6.830248e-001  6.830008e-001
    outer loop
      vertex -4.213324e+001  9.258331e+001 -7.610316e+001
      vertex -3.963324e+001  9.717627e+001 -7.974892e+001
      vertex -4.213324e+001  9.670259e+001 -8.022259e+001
    endloop
  endfacet
  facet normal -7.071053e-001  5.000099e-001  4.999923e-001
    outer loop
      vertex -4.213324e+001  9.258331e+001 -7.610316e+001
      vertex -4.213324e+001  9.670259e+001 -8.022259e+001
      vertex -4.396337e+001  9.128920e+001 -7.739723e+001
    endloop
  endfacet
  facet normal -7.071074e-001  5.000092e-001  4.999898e-001
    outer loop
      vertex -4.396337e+001  9.128920e+001 -7.739723e+001
      vertex -4.213324e+001  9.670259e+001 -8.022259e+001
      vertex -4.396337e+001  9.540847e+001 -8.151666e+001
    endloop
  endfacet
  facet normal -9.659259e-001  1.830159e-001  1.830088e-001
    outer loop
      vertex -4.396337e+001  9.128920e+001 -7.739723e+001
      vertex -4.396337e+001  9.540847e+001 -8.151666e+001
      vertex -4.463324e+001  8.952140e+001 -7.916497e+001
    endloop
  endfacet
  facet normal -9.659259e-001  1.830161e-001  1.830093e-001
    outer loop
      vertex -4.463324e+001  8.952140e+001 -7.916497e+001
      vertex -4.396337e+001  9.540847e+001 -8.151666e+001
      vertex -4.463324e+001  9.364067e+001 -8.328439e+001
    endloop
  endfacet
  facet normal -2.588187e-001  6.830260e-001  6.829996e-001
    outer loop
      vertex -3.963324e+001  9.717627e+001 -7.974892e+001
      vertex -3.963324e+001  9.975082e+001 -8.232357e+001
      vertex -4.213324e+001  9.670259e+001 -8.022259e+001
    endloop
  endfacet
  facet normal -2.588206e-001  6.830266e-001  6.829982e-001
    outer loop
      vertex -4.213324e+001  9.670259e+001 -8.022259e+001
      vertex -3.963324e+001  9.975082e+001 -8.232357e+001
      vertex -4.213324e+001  9.927713e+001 -8.279723e+001
    endloop
  endfacet
  facet normal -7.071074e-001  5.000100e-001  4.999892e-001
    outer loop
      vertex -4.213324e+001  9.670259e+001 -8.022259e+001
      vertex -4.213324e+001  9.927713e+001 -8.279723e+001
      vertex -4.396337e+001  9.540847e+001 -8.151666e+001
    endloop
  endfacet
  facet normal -7.071052e-001  5.000099e-001  4.999921e-001
    outer loop
      vertex -4.396337e+001  9.540847e+001 -8.151666e+001
      vertex -4.213324e+001  9.927713e+001 -8.279723e+001
      vertex -4.396337e+001  9.798302e+001 -8.409130e+001
    endloop
  endfacet
  facet normal -9.659259e-001  1.830160e-001  1.830095e-001
    outer loop
      vertex -4.396337e+001  9.540847e+001 -8.151666e+001
      vertex -4.396337e+001  9.798302e+001 -8.409130e+001
      vertex -4.463324e+001  9.364067e+001 -8.328439e+001
    endloop
  endfacet
  facet normal -9.659259e-001  1.830160e-001  1.830095e-001
    outer loop
      vertex -4.463324e+001  9.364067e+001 -8.328439e+001
      vertex -4.396337e+001  9.798302e+001 -8.409130e+001
      vertex -4.463324e+001  9.621522e+001 -8.585903e+001
    endloop
  endfacet
  facet normal  9.659259e-001  1.830161e-001  1.830096e-001
    outer loop
      vertex -4.614441e+000  9.364067e+001 -8.328439e+001
      vertex -4.614441e+000  9.621522e+001 -8.585903e+001
      vertex -5.284314e+000  9.540847e+001 -8.151666e+001
    endloop
  endfacet
  facet normal  9.659259e-001  1.830161e-001  1.830096e-001
    outer loop
      vertex -5.284314e+000  9.540847e+001 -8.151666e+001
      vertex -4.614441e+000  9.621522e+001 -8.585903e+001
      vertex -5.284314e+000  9.798302e+001 -8.409130e+001
    endloop
  endfacet
  facet normal  7.071075e-001  5.000084e-001  4.999906e-001
    outer loop
      vertex -5.284314e+000  9.540847e+001 -8.151666e+001
      vertex -5.284314e+000  9.798302e+001 -8.409130e+001
      vertex -7.114441e+000  9.670259e+001 -8.022259e+001
    endloop
  endfacet
  facet normal  7.071054e-001  5.000113e-001  4.999906e-001
    outer loop
      vertex -7.114441e+000  9.670259e+001 -8.022259e+001
      vertex -5.284314e+000  9.798302e+001 -8.409130e+001
      vertex -7.114441e+000  9.927713e+001 -8.279723e+001
    endloop
  endfacet
  facet normal  2.588187e-001  6.830269e-001  6.829986e-001
    outer loop
      vertex -7.114441e+000  9.670259e+001 -8.022259e+001
      vertex -7.114441e+000  9.927713e+001 -8.279723e+001
      vertex -9.614441e+000  9.717627e+001 -7.974892e+001
    endloop
  endfacet
  facet normal  2.588206e-001  6.830256e-001  6.829993e-001
    outer loop
      vertex -9.614441e+000  9.717627e+001 -7.974892e+001
      vertex -7.114441e+000  9.927713e+001 -8.279723e+001
      vertex -9.614441e+000  9.975082e+001 -8.232357e+001
    endloop
  endfacet
  facet normal  9.659260e-001  1.830159e-001  1.830091e-001
    outer loop
      vertex -4.614441e+000  8.952140e+001 -7.916497e+001
      vertex -4.614441e+000  9.364067e+001 -8.328439e+001
      vertex -5.284314e+000  9.128920e+001 -7.739723e+001
    endloop
  endfacet
  facet normal  9.659258e-001  1.830164e-001  1.830093e-001
    outer loop
      vertex -5.284314e+000  9.128920e+001 -7.739723e+001
      vertex -4.614441e+000  9.364067e+001 -8.328439e+001
      vertex -5.284314e+000  9.540847e+001 -8.151666e+001
    endloop
  endfacet
  facet normal  7.071054e-001  5.000107e-001  4.999912e-001
    outer loop
      vertex -5.284314e+000  9.128920e+001 -7.739723e+001
      vertex -5.284314e+000  9.540847e+001 -8.151666e+001
      vertex -7.114441e+000  9.258331e+001 -7.610316e+001
    endloop
  endfacet
  facet normal  7.071075e-001  5.000083e-001  4.999906e-001
    outer loop
      vertex -7.114441e+000  9.258331e+001 -7.610316e+001
      vertex -5.284314e+000  9.540847e+001 -8.151666e+001
      vertex -7.114441e+000  9.670259e+001 -8.022259e+001
    endloop
  endfacet
  facet normal  2.588205e-001  6.830244e-001  6.830004e-001
    outer loop
      vertex -7.114441e+000  9.258331e+001 -7.610316e+001
      vertex -7.114441e+000  9.670259e+001 -8.022259e+001
      vertex -9.614441e+000  9.305700e+001 -7.562950e+001
    endloop
  endfacet
  facet normal  2.588187e-001  6.830254e-001  6.830001e-001
    outer loop
      vertex -9.614441e+000  9.305700e+001 -7.562950e+001
      vertex -7.114441e+000  9.670259e+001 -8.022259e+001
      vertex -9.614441e+000  9.717627e+001 -7.974892e+001
    endloop
  endfacet
  facet normal  9.659258e-001  1.830164e-001  1.830093e-001
    outer loop
      vertex -4.614441e+000  8.694685e+001 -7.659032e+001
      vertex -4.614441e+000  8.952140e+001 -7.916497e+001
      vertex -5.284314e+000  8.871465e+001 -7.482259e+001
    endloop
  endfacet
  facet normal  9.659259e-001  1.830157e-001  1.830092e-001
    outer loop
      vertex -5.284314e+000  8.871465e+001 -7.482259e+001
      vertex -4.614441e+000  8.952140e+001 -7.916497e+001
      vertex -5.284314e+000  9.128920e+001 -7.739723e+001
    endloop
  endfacet
  facet normal  7.071075e-001  5.000084e-001  4.999906e-001
    outer loop
      vertex -5.284314e+000  8.871465e+001 -7.482259e+001
      vertex -5.284314e+000  9.128920e+001 -7.739723e+001
      vertex -7.114441e+000  9.000877e+001 -7.352852e+001
    endloop
  endfacet
  facet normal  7.071054e-001  5.000113e-001  4.999906e-001
    outer loop
      vertex -7.114441e+000  9.000877e+001 -7.352852e+001
      vertex -5.284314e+000  9.128920e+001 -7.739723e+001
      vertex -7.114441e+000  9.258331e+001 -7.610316e+001
    endloop
  endfacet
  facet normal  2.588187e-001  6.830269e-001  6.829986e-001
    outer loop
      vertex -7.114441e+000  9.000877e+001 -7.352852e+001
      vertex -7.114441e+000  9.258331e+001 -7.610316e+001
      vertex -9.614441e+000  9.048245e+001 -7.305486e+001
    endloop
  endfacet
  facet normal  2.588206e-001  6.830256e-001  6.829993e-001
    outer loop
      vertex -9.614441e+000  9.048245e+001 -7.305486e+001
      vertex -7.114441e+000  9.258331e+001 -7.610316e+001
      vertex -9.614441e+000  9.305700e+001 -7.562950e+001
    endloop
  endfacet
  facet normal -1.000000e+000  0.000000e+000  0.000000e+000
    outer loop
      vertex -4.614441e+000  2.573180e+001 -2.420208e+001
      vertex -4.614441e+000  2.573180e+001 -1.961571e+001
      vertex -4.614441e+000  5.434323e+001 -5.260339e+001
    endloop
  endfacet
  facet normal -1.000000e+000  0.000000e+000  0.000000e+000
    outer loop
      vertex -4.614441e+000  5.434323e+001 -5.260339e+001
      vertex -4.614441e+000  2.573180e+001 -1.961571e+001
      vertex -4.614441e+000  5.653082e+001 -5.041588e+001
    endloop
  endfacet
  facet normal -1.000000e+000  0.000000e+000  0.000000e+000
    outer loop
      vertex -4.614441e+000  1.046513e+002 -9.853816e+001
      vertex -4.614441e+000  1.046513e+002 -1.025420e+002
      vertex -4.614441e+000  1.026420e+002 -1.005474e+002
    endloop
  endfacet
  facet normal  1.000000e+000  0.000000e+000  -0.000000e+000
    outer loop
      vertex -4.463324e+001  1.026420e+002 -1.005474e+002
      vertex -4.463324e+001  1.046513e+002 -1.025420e+002
      vertex -4.463324e+001  1.046513e+002 -9.853816e+001
    endloop
  endfacet
  facet normal  1.000000e+000  0.000000e+000  0.000000e+000
    outer loop
      vertex -4.463324e+001  2.573180e+001 -2.420208e+001
      vertex -4.463324e+001  5.434323e+001 -5.260339e+001
      vertex -4.463324e+001  2.573180e+001 -1.961571e+001
    endloop
  endfacet
  facet normal  1.000000e+000  0.000000e+000  0.000000e+000
    outer loop
      vertex -4.463324e+001  2.573180e+001 -1.961571e+001
      vertex -4.463324e+001  5.434323e+001 -5.260339e+001
      vertex -4.463324e+001  5.653082e+001 -5.041588e+001
    endloop
  endfacet
  facet normal -1.000000e+000  -0.000000e+000  0.000000e+000
    outer loop
      vertex -4.463324e+001  8.721938e+001 -8.558623e+001
      vertex -4.463324e+001  9.004781e+001 -8.558623e+001
      vertex -4.463324e+001  8.863359e+001 -8.617201e+001
    endloop
  endfacet
  facet normal -1.000000e+000  0.000000e+000  0.000000e+000
    outer loop
      vertex -4.463324e+001  9.004781e+001 -8.558623e+001
      vertex -4.463324e+001  8.721938e+001 -8.558623e+001
      vertex -4.463324e+001  9.063359e+001 -8.417201e+001
    endloop
  endfacet
  facet normal -9.999999e-001  -0.000000e+000  0.000000e+000
    outer loop
      vertex -4.463324e+001  9.063359e+001 -8.417201e+001
      vertex -4.463324e+001  8.721938e+001 -8.558623e+001
      vertex -4.463324e+001  8.663359e+001 -8.417201e+001
    endloop
  endfacet
  facet normal -9.999999e-001  0.000000e+000  0.000000e+000
    outer loop
      vertex -4.463324e+001  9.063359e+001 -8.417201e+001
      vertex -4.463324e+001  8.663359e+001 -8.417201e+001
      vertex -4.463324e+001  9.004781e+001 -8.275780e+001
    endloop
  endfacet
  facet normal -1.000000e+000  -0.000000e+000  0.000000e+000
    outer loop
      vertex -4.463324e+001  9.004781e+001 -8.275780e+001
      vertex -4.463324e+001  8.663359e+001 -8.417201e+001
      vertex -4.463324e+001  8.721938e+001 -8.275780e+001
    endloop
  endfacet
  facet normal -1.000000e+000  0.000000e+000  0.000000e+000
    outer loop
      vertex -4.463324e+001  9.004781e+001 -8.275780e+001
      vertex -4.463324e+001  8.721938e+001 -8.275780e+001
      vertex -4.463324e+001  8.863359e+001 -8.217201e+001
    endloop
  endfacet
  facet normal  1.000000e+000  0.000000e+000  0.000000e+000
    outer loop
      vertex -4.614441e+000  8.863359e+001 -8.617201e+001
      vertex -4.614441e+000  9.004781e+001 -8.558623e+001
      vertex -4.614441e+000  8.721938e+001 -8.558623e+001
    endloop
  endfacet
  facet normal  1.000000e+000  0.000000e+000  0.000000e+000
    outer loop
      vertex -4.614441e+000  8.863359e+001 -8.217201e+001
      vertex -4.614441e+000  8.721938e+001 -8.275780e+001
      vertex -4.614441e+000  9.004781e+001 -8.275780e+001
    endloop
  endfacet
  facet normal  1.000000e+000  0.000000e+000  0.000000e+000
    outer loop
      vertex -4.614441e+000  9.004781e+001 -8.275780e+001
      vertex -4.614441e+000  8.721938e+001 -8.275780e+001
      vertex -4.614441e+000  8.663359e+001 -8.417201e+001
    endloop
  endfacet
  facet normal  9.999999e-001  0.000000e+000  0.000000e+000
    outer loop
      vertex -4.614441e+000  9.004781e+001 -8.275780e+001
      vertex -4.614441e+000  8.663359e+001 -8.417201e+001
      vertex -4.614441e+000  9.063359e+001 -8.417201e+001
    endloop
  endfacet
  facet normal  9.999999e-001  0.000000e+000  0.000000e+000
    outer loop
      vertex -4.614441e+000  9.063359e+001 -8.417201e+001
      vertex -4.614441e+000  8.663359e+001 -8.417201e+001
      vertex -4.614441e+000  8.721938e+001 -8.558623e+001
    endloop
  endfacet
  facet normal  1.000000e+000  0.000000e+000  0.000000e+000
    outer loop
      vertex -4.614441e+000  9.063359e+001 -8.417201e+001
      vertex -4.614441e+000  8.721938e+001 -8.558623e+001
      vertex -4.614441e+000  9.004781e+001 -8.558623e+001
    endloop
  endfacet
  facet normal -6.556899e-003 -5.353224e-001  8.446224e-001
    outer loop
      vertex  0.000000e+000  8.919299e+001 -8.609219e+001
      vertex  0.000000e+000  9.013129e+001 -8.549749e+001
      vertex -4.614441e+000  9.004781e+001 -8.558623e+001
    endloop
  endfacet
  facet normal  3.039557e-002 -3.825054e-001  9.234532e-001
    outer loop
      vertex -4.614441e+000  8.863359e+001 -8.617201e+001
      vertex  0.000000e+000  8.919299e+001 -8.609219e+001
      vertex -4.614441e+000  9.004781e+001 -8.558623e+001
    endloop
  endfacet
  facet normal -1.704696e-002 -2.060051e-003  9.998525e-001
    outer loop
      vertex  0.000000e+000  8.919299e+001 -8.609219e+001
      vertex -4.614441e+000  8.863359e+001 -8.617201e+001
      vertex  0.000000e+000  8.808211e+001 -8.609447e+001
    endloop
  endfacet
  facet normal  8.101706e-003 -9.034190e-001  4.286824e-001
    outer loop
      vertex  0.000000e+000  9.013129e+001 -8.549749e+001
      vertex  0.000000e+000  9.060753e+001 -8.449386e+001
      vertex -4.614441e+000  9.004781e+001 -8.558623e+001
    endloop
  endfacet
  facet normal  1.012721e-001 -9.916129e-001  8.029753e-002
    outer loop
      vertex -4.614441e+000  9.004781e+001 -8.558623e+001
      vertex  0.000000e+000  9.060753e+001 -8.449386e+001
      vertex  0.000000e+000  9.063359e+001 -8.417201e+001
    endloop
  endfacet
  facet normal  0.000000e+000 -9.238800e-001  3.826822e-001
    outer loop
      vertex -4.614441e+000  9.004781e+001 -8.558623e+001
      vertex  0.000000e+000  9.063359e+001 -8.417201e+001
      vertex -4.614441e+000  9.063359e+001 -8.417201e+001
    endloop
  endfacet
  facet normal -3.949132e-004  8.587841e-001  5.123374e-001
    outer loop
      vertex  0.000000e+000  8.671525e+001 -8.473765e+001
      vertex  0.000000e+000  8.722460e+001 -8.559143e+001
      vertex -4.614441e+000  8.721938e+001 -8.558623e+001
    endloop
  endfacet
  facet normal  3.995262e-004  5.059952e-001  8.625363e-001
    outer loop
      vertex -4.614441e+000  8.721938e+001 -8.558623e+001
      vertex  0.000000e+000  8.722460e+001 -8.559143e+001
      vertex  0.000000e+000  8.808211e+001 -8.609447e+001
    endloop
  endfacet
  facet normal  3.019734e-002  3.825077e-001  9.234587e-001
    outer loop
      vertex -4.614441e+000  8.721938e+001 -8.558623e+001
      vertex  0.000000e+000  8.808211e+001 -8.609447e+001
      vertex -4.614441e+000  8.863359e+001 -8.617201e+001
    endloop
  endfacet
  facet normal  0.000000e+000  9.897396e-001  1.428827e-001
    outer loop
      vertex  0.000000e+000  8.663359e+001 -8.417201e+001
      vertex  0.000000e+000  8.671525e+001 -8.473765e+001
      vertex -4.614441e+000  8.663359e+001 -8.417201e+001
    endloop
  endfacet
  facet normal  3.054569e-002  9.234489e-001  3.825036e-001
    outer loop
      vertex -4.614441e+000  8.663359e+001 -8.417201e+001
      vertex  0.000000e+000  8.671525e+001 -8.473765e+001
      vertex -4.614441e+000  8.721938e+001 -8.558623e+001
    endloop
  endfacet
  facet normal  3.285796e-002 -3.824756e-001 -9.233812e-001
    outer loop
      vertex -4.614441e+000  9.004781e+001 -8.275780e+001
      vertex  0.000000e+000  8.944157e+001 -8.234248e+001
      vertex -4.614441e+000  8.863359e+001 -8.217201e+001
    endloop
  endfacet
  facet normal -1.074323e-002  4.915403e-001 -8.707886e-001
    outer loop
      vertex  0.000000e+000  8.831182e+001 -8.219807e+001
      vertex  0.000000e+000  8.710986e+001 -8.287655e+001
      vertex -4.614441e+000  8.721938e+001 -8.275780e+001
    endloop
  endfacet
  facet normal  2.146341e-002  3.825940e-001 -9.236672e-001
    outer loop
      vertex  0.000000e+000  8.831182e+001 -8.219807e+001
      vertex -4.614441e+000  8.721938e+001 -8.275780e+001
      vertex -4.614441e+000  8.863359e+001 -8.217201e+001
    endloop
  endfacet
  facet normal -1.444105e-002 -1.267862e-001 -9.918249e-001
    outer loop
      vertex  0.000000e+000  8.831182e+001 -8.219807e+001
      vertex -4.614441e+000  8.863359e+001 -8.217201e+001
      vertex  0.000000e+000  8.944157e+001 -8.234248e+001
    endloop
  endfacet
  facet normal  1.339520e-002  9.384963e-001 -3.450293e-001
    outer loop
      vertex  0.000000e+000  8.710986e+001 -8.287655e+001
      vertex  0.000000e+000  8.663359e+001 -8.417201e+001
      vertex -4.614441e+000  8.721938e+001 -8.275780e+001
    endloop
  endfacet
  facet normal  0.000000e+000  9.238800e-001 -3.826822e-001
    outer loop
      vertex -4.614441e+000  8.721938e+001 -8.275780e+001
      vertex  0.000000e+000  8.663359e+001 -8.417201e+001
      vertex -4.614441e+000  8.663359e+001 -8.417201e+001
    endloop
  endfacet
  facet normal -1.652528e-002 -6.476426e-001 -7.617651e-001
    outer loop
      vertex  0.000000e+000  8.944157e+001 -8.234248e+001
      vertex -4.614441e+000  9.004781e+001 -8.275780e+001
      vertex  0.000000e+000  9.030930e+001 -8.308022e+001
    endloop
  endfacet
  facet normal  2.560717e-002 -9.235771e-001 -3.825567e-001
    outer loop
      vertex  0.000000e+000  9.030930e+001 -8.308022e+001
      vertex -4.614441e+000  9.004781e+001 -8.275780e+001
      vertex -4.614441e+000  9.063359e+001 -8.417201e+001
    endloop
  endfacet
  facet normal  0.000000e+000 -9.586067e-001 -2.847337e-001
    outer loop
      vertex  0.000000e+000  9.030930e+001 -8.308022e+001
      vertex -4.614441e+000  9.063359e+001 -8.417201e+001
      vertex  0.000000e+000  9.063359e+001 -8.417201e+001
    endloop
  endfacet
  facet normal  -0.000000e+000 -2.957254e-001 -9.552730e-001
    outer loop
      vertex -4.614441e+000  8.839587e+001 -8.816494e+001
      vertex  0.000000e+000  8.839587e+001 -8.816494e+001
      vertex -4.614441e+000  8.657374e+001 -8.760086e+001
    endloop
  endfacet
  facet normal  0.000000e+000 -2.957254e-001 -9.552730e-001
    outer loop
      vertex -4.614441e+000  8.657374e+001 -8.760086e+001
      vertex  0.000000e+000  8.839587e+001 -8.816494e+001
      vertex  0.000000e+000  8.657374e+001 -8.760086e+001
    endloop
  endfacet
  facet normal  -0.000000e+000 -7.044960e-001 -7.097078e-001
    outer loop
      vertex -4.614441e+000  8.657374e+001 -8.760086e+001
      vertex  0.000000e+000  8.657374e+001 -8.760086e+001
      vertex -4.614441e+000  8.522002e+001 -8.625708e+001
    endloop
  endfacet
  facet normal  0.000000e+000 -7.044960e-001 -7.097078e-001
    outer loop
      vertex -4.614441e+000  8.522002e+001 -8.625708e+001
      vertex  0.000000e+000  8.657374e+001 -8.760086e+001
      vertex  0.000000e+000  8.522002e+001 -8.625708e+001
    endloop
  endfacet
  facet normal  -0.000000e+000 -9.530676e-001 -3.027579e-001
    outer loop
      vertex -4.614441e+000  8.522002e+001 -8.625708e+001
      vertex  0.000000e+000  8.522002e+001 -8.625708e+001
      vertex -4.614441e+000  8.464252e+001 -8.443916e+001
    endloop
  endfacet
  facet normal  0.000000e+000 -9.530676e-001 -3.027579e-001
    outer loop
      vertex -4.614441e+000  8.464252e+001 -8.443916e+001
      vertex  0.000000e+000  8.522002e+001 -8.625708e+001
      vertex  0.000000e+000  8.464252e+001 -8.443916e+001
    endloop
  endfacet
  facet normal  5.625342e-003 -9.548860e-001 -2.969194e-001
    outer loop
      vertex -4.614441e+000  8.412502e+001 -8.253542e+001
      vertex -4.614441e+000  8.460551e+001 -8.408067e+001
      vertex  0.000000e+000  8.420276e+001 -8.269802e+001
    endloop
  endfacet
  facet normal -5.595362e-002 -9.931526e-001 -1.025534e-001
    outer loop
      vertex  0.000000e+000  8.420276e+001 -8.269802e+001
      vertex -4.614441e+000  8.460551e+001 -8.408067e+001
      vertex -4.614441e+000  8.464252e+001 -8.443916e+001
    endloop
  endfacet
  facet normal  0.000000e+000 -9.695527e-001 -2.448831e-001
    outer loop
      vertex  0.000000e+000  8.420276e+001 -8.269802e+001
      vertex -4.614441e+000  8.464252e+001 -8.443916e+001
      vertex  0.000000e+000  8.464252e+001 -8.443916e+001
    endloop
  endfacet
  facet normal -7.013179e-003 -8.100368e-001 -5.863370e-001
    outer loop
      vertex -4.614441e+000  8.412502e+001 -8.253542e+001
      vertex  0.000000e+000  8.420276e+001 -8.269802e+001
      vertex -4.614441e+000  8.317616e+001 -8.122456e+001
    endloop
  endfacet
  facet normal  0.000000e+000 -8.204920e-001 -5.716581e-001
    outer loop
      vertex -4.614441e+000  8.317616e+001 -8.122456e+001
      vertex  0.000000e+000  8.420276e+001 -8.269802e+001
      vertex  0.000000e+000  8.317616e+001 -8.122456e+001
    endloop
  endfacet
  facet normal  0.000000e+000  1.727700e-001  9.849622e-001
    outer loop
      vertex -4.614441e+000  8.851248e+001 -8.017384e+001
      vertex -4.614441e+000  8.651779e+001 -7.982396e+001
      vertex  0.000000e+000  8.851248e+001 -8.017384e+001
    endloop
  endfacet
  facet normal  0.000000e+000  1.727700e-001  9.849622e-001
    outer loop
      vertex  0.000000e+000  8.851248e+001 -8.017384e+001
      vertex -4.614441e+000  8.651779e+001 -7.982396e+001
      vertex  0.000000e+000  8.651779e+001 -7.982396e+001
    endloop
  endfacet
  facet normal  0.000000e+000  5.492704e-001  8.356447e-001
    outer loop
      vertex -4.614441e+000  8.651779e+001 -7.982396e+001
      vertex -4.614441e+000  8.482549e+001 -7.871161e+001
      vertex  0.000000e+000  8.651779e+001 -7.982396e+001
    endloop
  endfacet
  facet normal  0.000000e+000  5.492704e-001  8.356447e-001
    outer loop
      vertex  0.000000e+000  8.651779e+001 -7.982396e+001
      vertex -4.614441e+000  8.482549e+001 -7.871161e+001
      vertex  0.000000e+000  8.482549e+001 -7.871161e+001
    endloop
  endfacet
  facet normal  0.000000e+000  2.343653e-001  9.721486e-001
    outer loop
      vertex -4.614441e+000  8.851248e+001 -8.017384e+001
      vertex  0.000000e+000  8.851248e+001 -8.017384e+001
      vertex -4.614441e+000  9.056326e+001 -8.066824e+001
    endloop
  endfacet
  facet normal  -0.000000e+000  2.343653e-001  9.721486e-001
    outer loop
      vertex -4.614441e+000  9.056326e+001 -8.066824e+001
      vertex  0.000000e+000  8.851248e+001 -8.017384e+001
      vertex  0.000000e+000  9.056326e+001 -8.066824e+001
    endloop
  endfacet
  facet normal  0.000000e+000  6.963187e-001  7.177328e-001
    outer loop
      vertex -4.614441e+000  9.056326e+001 -8.066824e+001
      vertex  0.000000e+000  9.056326e+001 -8.066824e+001
      vertex -4.614441e+000  9.207733e+001 -8.213715e+001
    endloop
  endfacet
  facet normal  -0.000000e+000  6.963187e-001  7.177328e-001
    outer loop
      vertex -4.614441e+000  9.207733e+001 -8.213715e+001
      vertex  0.000000e+000  9.056326e+001 -8.066824e+001
      vertex  0.000000e+000  9.207733e+001 -8.213715e+001
    endloop
  endfacet
  facet normal  0.000000e+000  9.646078e-001  2.636890e-001
    outer loop
      vertex -4.614441e+000  9.207733e+001 -8.213715e+001
      vertex  0.000000e+000  9.207733e+001 -8.213715e+001
      vertex -4.614441e+000  9.263359e+001 -8.417201e+001
    endloop
  endfacet
  facet normal  -0.000000e+000  9.646078e-001  2.636890e-001
    outer loop
      vertex -4.614441e+000  9.263359e+001 -8.417201e+001
      vertex  0.000000e+000  9.207733e+001 -8.213715e+001
      vertex  0.000000e+000  9.263359e+001 -8.417201e+001
    endloop
  endfacet
  facet normal  0.000000e+000  9.998851e-001 -1.516121e-002
    outer loop
      vertex  0.000000e+000  9.263175e+001 -8.429327e+001
      vertex -4.614441e+000  9.263175e+001 -8.429327e+001
      vertex  0.000000e+000  9.263359e+001 -8.417201e+001
    endloop
  endfacet
  facet normal  0.000000e+000  9.998851e-001 -1.516121e-002
    outer loop
      vertex  0.000000e+000  9.263359e+001 -8.417201e+001
      vertex -4.614441e+000  9.263175e+001 -8.429327e+001
      vertex -4.614441e+000  9.263359e+001 -8.417201e+001
    endloop
  endfacet
  facet normal  0.000000e+000 -9.238800e-001  3.826822e-001
    outer loop
      vertex -4.463324e+001  9.004781e+001 -8.558623e+001
      vertex -4.463324e+001  9.063359e+001 -8.417201e+001
      vertex -5.000000e+001  9.063359e+001 -8.417201e+001
    endloop
  endfacet
  facet normal -8.719226e-002 -9.929413e-001  8.040506e-002
    outer loop
      vertex -4.463324e+001  9.004781e+001 -8.558623e+001
      vertex -5.000000e+001  9.063359e+001 -8.417201e+001
      vertex -5.000000e+001  9.060753e+001 -8.449386e+001
    endloop
  endfacet
  facet normal -6.966059e-003 -9.034266e-001  4.286861e-001
    outer loop
      vertex -4.463324e+001  9.004781e+001 -8.558623e+001
      vertex -5.000000e+001  9.060753e+001 -8.449386e+001
      vertex -5.000000e+001  9.013129e+001 -8.549749e+001
    endloop
  endfacet
  facet normal  5.637776e-003 -5.353254e-001  8.446271e-001
    outer loop
      vertex -4.463324e+001  9.004781e+001 -8.558623e+001
      vertex -5.000000e+001  9.013129e+001 -8.549749e+001
      vertex -5.000000e+001  8.919299e+001 -8.609219e+001
    endloop
  endfacet
  facet normal -2.613783e-002 -3.825515e-001  9.235644e-001
    outer loop
      vertex -4.463324e+001  9.004781e+001 -8.558623e+001
      vertex -5.000000e+001  8.919299e+001 -8.609219e+001
      vertex -4.463324e+001  8.863359e+001 -8.617201e+001
    endloop
  endfacet
  facet normal  1.465785e-002 -2.060129e-003  9.998904e-001
    outer loop
      vertex -5.000000e+001  8.919299e+001 -8.609219e+001
      vertex -5.000000e+001  8.808211e+001 -8.609447e+001
      vertex -4.463324e+001  8.863359e+001 -8.617201e+001
    endloop
  endfacet
  facet normal -3.950303e-002  5.056002e-001  8.618630e-001
    outer loop
      vertex -4.463324e+001  8.863359e+001 -8.617201e+001
      vertex -5.000000e+001  8.808211e+001 -8.609447e+001
      vertex -5.000000e+001  8.722460e+001 -8.559143e+001
    endloop
  endfacet
  facet normal -5.230766e-004  3.826821e-001  9.238799e-001
    outer loop
      vertex -4.463324e+001  8.863359e+001 -8.617201e+001
      vertex -5.000000e+001  8.722460e+001 -8.559143e+001
      vertex -4.463324e+001  8.721938e+001 -8.558623e+001
    endloop
  endfacet
  facet normal  3.395579e-004  8.587841e-001  5.123374e-001
    outer loop
      vertex -5.000000e+001  8.722460e+001 -8.559143e+001
      vertex -5.000000e+001  8.671525e+001 -8.473765e+001
      vertex -4.463324e+001  8.721938e+001 -8.558623e+001
    endloop
  endfacet
  facet normal -7.020544e-002  9.872975e-001  1.425302e-001
    outer loop
      vertex -4.463324e+001  8.721938e+001 -8.558623e+001
      vertex -5.000000e+001  8.671525e+001 -8.473765e+001
      vertex -5.000000e+001  8.663359e+001 -8.417201e+001
    endloop
  endfacet
  facet normal  -0.000000e+000  9.238800e-001  3.826822e-001
    outer loop
      vertex -4.463324e+001  8.721938e+001 -8.558623e+001
      vertex -5.000000e+001  8.663359e+001 -8.417201e+001
      vertex -4.463324e+001  8.663359e+001 -8.417201e+001
    endloop
  endfacet
  facet normal -2.825587e-002 -3.825294e-001 -9.235111e-001
    outer loop
      vertex -5.000000e+001  8.944157e+001 -8.234248e+001
      vertex -4.463324e+001  9.004781e+001 -8.275780e+001
      vertex -4.463324e+001  8.863359e+001 -8.217201e+001
    endloop
  endfacet
  facet normal  1.241702e-002 -1.267897e-001 -9.918519e-001
    outer loop
      vertex -5.000000e+001  8.831182e+001 -8.219807e+001
      vertex -5.000000e+001  8.944157e+001 -8.234248e+001
      vertex -4.463324e+001  8.863359e+001 -8.217201e+001
    endloop
  endfacet
  facet normal -1.845574e-002  3.826170e-001 -9.237226e-001
    outer loop
      vertex -5.000000e+001  8.831182e+001 -8.219807e+001
      vertex -4.463324e+001  8.863359e+001 -8.217201e+001
      vertex -4.463324e+001  8.721938e+001 -8.275780e+001
    endloop
  endfacet
  facet normal  9.237368e-003  4.915477e-001 -8.708016e-001
    outer loop
      vertex -5.000000e+001  8.831182e+001 -8.219807e+001
      vertex -4.463324e+001  8.721938e+001 -8.275780e+001
      vertex -5.000000e+001  8.710986e+001 -8.287655e+001
    endloop
  endfacet
  facet normal -1.038545e-002  9.238302e-001 -3.826616e-001
    outer loop
      vertex -4.463324e+001  8.721938e+001 -8.275780e+001
      vertex -4.463324e+001  8.663359e+001 -8.417201e+001
      vertex -5.000000e+001  8.710986e+001 -8.287655e+001
    endloop
  endfacet
  facet normal  0.000000e+000  9.385806e-001 -3.450603e-001
    outer loop
      vertex -5.000000e+001  8.710986e+001 -8.287655e+001
      vertex -4.463324e+001  8.663359e+001 -8.417201e+001
      vertex -5.000000e+001  8.663359e+001 -8.417201e+001
    endloop
  endfacet
  facet normal  1.420925e-002 -6.476657e-001 -7.617922e-001
    outer loop
      vertex -5.000000e+001  8.944157e+001 -8.234248e+001
      vertex -5.000000e+001  9.030930e+001 -8.308022e+001
      vertex -4.463324e+001  9.004781e+001 -8.275780e+001
    endloop
  endfacet
  facet normal -2.958825e-002 -9.581869e-001 -2.846090e-001
    outer loop
      vertex -4.463324e+001  9.004781e+001 -8.275780e+001
      vertex -5.000000e+001  9.030930e+001 -8.308022e+001
      vertex -5.000000e+001  9.063359e+001 -8.417201e+001
    endloop
  endfacet
  facet normal  0.000000e+000 -9.238800e-001 -3.826822e-001
    outer loop
      vertex -4.463324e+001  9.004781e+001 -8.275780e+001
      vertex -5.000000e+001  9.063359e+001 -8.417201e+001
      vertex -4.463324e+001  9.063359e+001 -8.417201e+001
    endloop
  endfacet
  facet normal  0.000000e+000  2.343654e-001  9.721487e-001
    outer loop
      vertex -5.000000e+001  8.851248e+001 -8.017384e+001
      vertex -4.463324e+001  8.851248e+001 -8.017384e+001
      vertex -5.000000e+001  9.056326e+001 -8.066824e+001
    endloop
  endfacet
  facet normal  -0.000000e+000  2.343654e-001  9.721487e-001
    outer loop
      vertex -5.000000e+001  9.056326e+001 -8.066824e+001
      vertex -4.463324e+001  8.851248e+001 -8.017384e+001
      vertex -4.463324e+001  9.056326e+001 -8.066824e+001
    endloop
  endfacet
  facet normal  0.000000e+000  6.963186e-001  7.177327e-001
    outer loop
      vertex -5.000000e+001  9.056326e+001 -8.066824e+001
      vertex -4.463324e+001  9.056326e+001 -8.066824e+001
      vertex -5.000000e+001  9.207733e+001 -8.213715e+001
    endloop
  endfacet
  facet normal  -0.000000e+000  6.963186e-001  7.177327e-001
    outer loop
      vertex -5.000000e+001  9.207733e+001 -8.213715e+001
      vertex -4.463324e+001  9.056326e+001 -8.066824e+001
      vertex -4.463324e+001  9.207733e+001 -8.213715e+001
    endloop
  endfacet
  facet normal  0.000000e+000  9.646078e-001  2.636890e-001
    outer loop
      vertex -5.000000e+001  9.207733e+001 -8.213715e+001
      vertex -4.463324e+001  9.207733e+001 -8.213715e+001
      vertex -5.000000e+001  9.263359e+001 -8.417201e+001
    endloop
  endfacet
  facet normal  -0.000000e+000  9.646078e-001  2.636890e-001
    outer loop
      vertex -5.000000e+001  9.263359e+001 -8.417201e+001
      vertex -4.463324e+001  9.207733e+001 -8.213715e+001
      vertex -4.463324e+001  9.263359e+001 -8.417201e+001
    endloop
  endfacet
  facet normal  0.000000e+000  9.998851e-001 -1.516121e-002
    outer loop
      vertex -4.463324e+001  9.263175e+001 -8.429327e+001
      vertex -5.000000e+001  9.263175e+001 -8.429327e+001
      vertex -4.463324e+001  9.263359e+001 -8.417201e+001
    endloop
  endfacet
  facet normal  0.000000e+000  9.998851e-001 -1.516121e-002
    outer loop
      vertex -4.463324e+001  9.263359e+001 -8.417201e+001
      vertex -5.000000e+001  9.263175e+001 -8.429327e+001
      vertex -5.000000e+001  9.263359e+001 -8.417201e+001
    endloop
  endfacet
  facet normal  -0.000000e+000 -2.957254e-001 -9.552730e-001
    outer loop
      vertex -5.000000e+001  8.839587e+001 -8.816494e+001
      vertex -4.463324e+001  8.839587e+001 -8.816494e+001
      vertex -5.000000e+001  8.657374e+001 -8.760086e+001
    endloop
  endfacet
  facet normal  0.000000e+000 -2.957254e-001 -9.552730e-001
    outer loop
      vertex -5.000000e+001  8.657374e+001 -8.760086e+001
      vertex -4.463324e+001  8.839587e+001 -8.816494e+001
      vertex -4.463324e+001  8.657374e+001 -8.760086e+001
    endloop
  endfacet
  facet normal  -0.000000e+000 -7.044961e-001 -7.097079e-001
    outer loop
      vertex -5.000000e+001  8.657374e+001 -8.760086e+001
      vertex -4.463324e+001  8.657374e+001 -8.760086e+001
      vertex -5.000000e+001  8.522002e+001 -8.625708e+001
    endloop
  endfacet
  facet normal  0.000000e+000 -7.044961e-001 -7.097079e-001
    outer loop
      vertex -5.000000e+001  8.522002e+001 -8.625708e+001
      vertex -4.463324e+001  8.657374e+001 -8.760086e+001
      vertex -4.463324e+001  8.522002e+001 -8.625708e+001
    endloop
  endfacet
  facet normal  -0.000000e+000 -9.530675e-001 -3.027579e-001
    outer loop
      vertex -5.000000e+001  8.522002e+001 -8.625708e+001
      vertex -4.463324e+001  8.522002e+001 -8.625708e+001
      vertex -5.000000e+001  8.464252e+001 -8.443916e+001
    endloop
  endfacet
  facet normal  0.000000e+000 -9.530675e-001 -3.027579e-001
    outer loop
      vertex -5.000000e+001  8.464252e+001 -8.443916e+001
      vertex -4.463324e+001  8.522002e+001 -8.625708e+001
      vertex -4.463324e+001  8.464252e+001 -8.443916e+001
    endloop
  endfacet
  facet normal -4.836794e-003 -9.548900e-001 -2.969207e-001
    outer loop
      vertex -4.463324e+001  8.412502e+001 -8.253542e+001
      vertex -5.000000e+001  8.420276e+001 -8.269802e+001
      vertex -4.463324e+001  8.460551e+001 -8.408067e+001
    endloop
  endfacet
  facet normal  9.669700e-003 -9.695073e-001 -2.448716e-001
    outer loop
      vertex -4.463324e+001  8.460551e+001 -8.408067e+001
      vertex -5.000000e+001  8.420276e+001 -8.269802e+001
      vertex -5.000000e+001  8.464252e+001 -8.443916e+001
    endloop
  endfacet
  facet normal  0.000000e+000 -9.947109e-001 -1.027142e-001
    outer loop
      vertex -4.463324e+001  8.460551e+001 -8.408067e+001
      vertex -5.000000e+001  8.464252e+001 -8.443916e+001
      vertex -4.463324e+001  8.464252e+001 -8.443916e+001
    endloop
  endfacet
  facet normal  0.000000e+000 -8.204920e-001 -5.716581e-001
    outer loop
      vertex -5.000000e+001  8.317616e+001 -8.122456e+001
      vertex -5.000000e+001  8.420276e+001 -8.269802e+001
      vertex -4.463324e+001  8.317616e+001 -8.122456e+001
    endloop
  endfacet
  facet normal  6.030097e-003 -8.100420e-001 -5.863408e-001
    outer loop
      vertex -4.463324e+001  8.317616e+001 -8.122456e+001
      vertex -5.000000e+001  8.420276e+001 -8.269802e+001
      vertex -4.463324e+001  8.412502e+001 -8.253542e+001
    endloop
  endfacet
  facet normal  0.000000e+000 -7.044960e-001 -7.097082e-001
    outer loop
      vertex  0.000000e+000  1.571988e+001 -1.426370e+001
      vertex -5.000000e+001  1.571988e+001 -1.426370e+001
      vertex -3.683296e+001  1.707611e+001 -1.560997e+001
    endloop
  endfacet
  facet normal  0.000000e+000 -7.044959e-001 -7.097080e-001
    outer loop
      vertex  0.000000e+000  1.571988e+001 -1.426370e+001
      vertex -3.683296e+001  1.707611e+001 -1.560997e+001
      vertex -2.462384e+001  1.707611e+001 -1.560997e+001
    endloop
  endfacet
  facet normal  0.000000e+000 -7.044959e-001 -7.097080e-001
    outer loop
      vertex  0.000000e+000  1.571988e+001 -1.426370e+001
      vertex -2.462384e+001  1.707611e+001 -1.560997e+001
      vertex -1.241472e+001  1.707611e+001 -1.560997e+001
    endloop
  endfacet
  facet normal  2.293624e-008 -7.044958e-001 -7.097082e-001
    outer loop
      vertex  0.000000e+000  1.571988e+001 -1.426370e+001
      vertex -1.241472e+001  1.707611e+001 -1.560997e+001
      vertex -4.614441e+000  2.573180e+001 -2.420208e+001
    endloop
  endfacet
  facet normal -1.640481e-007 -7.044958e-001 -7.097080e-001
    outer loop
      vertex  0.000000e+000  1.571988e+001 -1.426370e+001
      vertex -4.614441e+000  2.573180e+001 -2.420208e+001
      vertex -4.614441e+000  5.434323e+001 -5.260339e+001
    endloop
  endfacet
  facet normal  6.610894e-007 -7.044958e-001 -7.097081e-001
    outer loop
      vertex  0.000000e+000  1.571988e+001 -1.426370e+001
      vertex -4.614441e+000  5.434323e+001 -5.260339e+001
      vertex -4.614441e+000  8.274272e+001 -8.079430e+001
    endloop
  endfacet
  facet normal -4.263833e-005 -7.044973e-001 -7.097066e-001
    outer loop
      vertex  0.000000e+000  1.571988e+001 -1.426370e+001
      vertex -4.614441e+000  8.274272e+001 -8.079430e+001
      vertex -4.614441e+000  8.317616e+001 -8.122456e+001
    endloop
  endfacet
  facet normal  0.000000e+000 -7.044958e-001 -7.097081e-001
    outer loop
      vertex  0.000000e+000  1.571988e+001 -1.426370e+001
      vertex -4.614441e+000  8.317616e+001 -8.122456e+001
      vertex  0.000000e+000  8.317616e+001 -8.122456e+001
    endloop
  endfacet
  facet normal  0.000000e+000 -7.044959e-001 -7.097082e-001
    outer loop
      vertex -5.000000e+001  1.571988e+001 -1.426370e+001
      vertex -5.000000e+001  8.317616e+001 -8.122456e+001
      vertex -4.463324e+001  8.317616e+001 -8.122456e+001
    endloop
  endfacet
  facet normal  3.666124e-005 -7.044973e-001 -7.097066e-001
    outer loop
      vertex -5.000000e+001  1.571988e+001 -1.426370e+001
      vertex -4.463324e+001  8.317616e+001 -8.122456e+001
      vertex -4.463324e+001  8.274272e+001 -8.079430e+001
    endloop
  endfacet
  facet normal -1.136834e-006 -7.044958e-001 -7.097081e-001
    outer loop
      vertex -5.000000e+001  1.571988e+001 -1.426370e+001
      vertex -4.463324e+001  8.274272e+001 -8.079430e+001
      vertex -4.463324e+001  5.434323e+001 -5.260339e+001
    endloop
  endfacet
  facet normal -5.642065e-007 -7.044959e-001 -7.097081e-001
    outer loop
      vertex -5.000000e+001  1.571988e+001 -1.426370e+001
      vertex -4.463324e+001  5.434323e+001 -5.260339e+001
      vertex -4.463324e+001  2.573180e+001 -2.420208e+001
    endloop
  endfacet
  facet normal -4.347410e-008 -7.044958e-001 -7.097081e-001
    outer loop
      vertex -5.000000e+001  1.571988e+001 -1.426370e+001
      vertex -4.463324e+001  2.573180e+001 -2.420208e+001
      vertex -3.683296e+001  1.707611e+001 -1.560997e+001
    endloop
  endfacet
  facet normal  0.000000e+000  7.071199e-001  7.070935e-001
    outer loop
      vertex -1.000000e+001  6.116826e+000  0.000000e+000
      vertex  0.000000e+000  6.116826e+000  0.000000e+000
      vertex -1.000000e+001  9.243369e+000 -3.126660e+000
    endloop
  endfacet
  facet normal  0.000000e+000  7.071201e-001  7.070935e-001
    outer loop
      vertex -5.000000e+001  8.482549e+001 -7.871161e+001
      vertex -4.463324e+001  5.653082e+001 -5.041588e+001
      vertex -4.463324e+001  8.482549e+001 -7.871161e+001
    endloop
  endfacet
  facet normal  -0.000000e+000  7.071201e-001  7.070936e-001
    outer loop
      vertex -1.241472e+001  1.707611e+001 -1.095970e+001
      vertex -2.462384e+001  1.707611e+001 -1.095970e+001
      vertex -1.000000e+001  9.243369e+000 -3.126660e+000
    endloop
  endfacet
  facet normal  1.905506e-008  7.071200e-001  7.070935e-001
    outer loop
      vertex -1.241472e+001  1.707611e+001 -1.095970e+001
      vertex -1.000000e+001  9.243369e+000 -3.126660e+000
      vertex  0.000000e+000  6.116826e+000  0.000000e+000
    endloop
  endfacet
  facet normal  0.000000e+000  7.071200e-001  7.070936e-001
    outer loop
      vertex -1.241472e+001  1.707611e+001 -1.095970e+001
      vertex  0.000000e+000  6.116826e+000  0.000000e+000
      vertex -4.614441e+000  2.573180e+001 -1.961571e+001
    endloop
  endfacet
  facet normal -7.833017e-007  7.071199e-001  7.070936e-001
    outer loop
      vertex -4.463324e+001  2.573180e+001 -1.961571e+001
      vertex -4.463324e+001  5.653082e+001 -5.041588e+001
      vertex -5.000000e+001  8.482549e+001 -7.871161e+001
    endloop
  endfacet
  facet normal  8.173577e-007  7.071199e-001  7.070935e-001
    outer loop
      vertex -4.463324e+001  2.573180e+001 -1.961571e+001
      vertex -5.000000e+001  8.482549e+001 -7.871161e+001
      vertex -5.000000e+001  6.116826e+000  0.000000e+000
    endloop
  endfacet
  facet normal  -0.000000e+000  7.071201e-001  7.070937e-001
    outer loop
      vertex -4.463324e+001  2.573180e+001 -1.961571e+001
      vertex -5.000000e+001  6.116826e+000  0.000000e+000
      vertex -4.000000e+001  6.116826e+000  0.000000e+000
    endloop
  endfacet
  facet normal -1.862035e-007  7.071200e-001  7.070937e-001
    outer loop
      vertex -4.463324e+001  2.573180e+001 -1.961571e+001
      vertex -4.000000e+001  6.116826e+000  0.000000e+000
      vertex -4.000000e+001  9.243369e+000 -3.126660e+000
    endloop
  endfacet
  facet normal  0.000000e+000  7.071200e-001  7.070935e-001
    outer loop
      vertex -4.463324e+001  2.573180e+001 -1.961571e+001
      vertex -4.000000e+001  9.243369e+000 -3.126660e+000
      vertex -3.683296e+001  1.707611e+001 -1.095970e+001
    endloop
  endfacet
  facet normal  -0.000000e+000  7.071201e-001  7.070936e-001
    outer loop
      vertex -2.462384e+001  1.707611e+001 -1.095970e+001
      vertex -3.683296e+001  1.707611e+001 -1.095970e+001
      vertex -1.000000e+001  9.243369e+000 -3.126660e+000
    endloop
  endfacet
  facet normal  0.000000e+000  7.071200e-001  7.070936e-001
    outer loop
      vertex -1.000000e+001  9.243369e+000 -3.126660e+000
      vertex -3.683296e+001  1.707611e+001 -1.095970e+001
      vertex -4.000000e+001  9.243369e+000 -3.126660e+000
    endloop
  endfacet
  facet normal  0.000000e+000  7.071200e-001  7.070935e-001
    outer loop
      vertex -4.614441e+000  8.482549e+001 -7.871161e+001
      vertex -4.614441e+000  5.653082e+001 -5.041588e+001
      vertex  0.000000e+000  8.482549e+001 -7.871161e+001
    endloop
  endfacet
  facet normal  1.214677e-006  7.071199e-001  7.070935e-001
    outer loop
      vertex  0.000000e+000  8.482549e+001 -7.871161e+001
      vertex -4.614441e+000  5.653082e+001 -5.041588e+001
      vertex -4.614441e+000  2.573180e+001 -1.961571e+001
    endloop
  endfacet
  facet normal  2.376541e-007  7.071200e-001  7.070935e-001
    outer loop
      vertex  0.000000e+000  8.482549e+001 -7.871161e+001
      vertex -4.614441e+000  2.573180e+001 -1.961571e+001
      vertex  0.000000e+000  6.116826e+000  0.000000e+000
    endloop
  endfacet
  facet normal  0.000000e+000  1.727700e-001  9.849622e-001
    outer loop
      vertex -5.000000e+001  8.851248e+001 -8.017384e+001
      vertex -5.000000e+001  8.651779e+001 -7.982396e+001
      vertex -4.463324e+001  8.851248e+001 -8.017384e+001
    endloop
  endfacet
  facet normal  0.000000e+000  1.727700e-001  9.849622e-001
    outer loop
      vertex -4.463324e+001  8.851248e+001 -8.017384e+001
      vertex -5.000000e+001  8.651779e+001 -7.982396e+001
      vertex -4.463324e+001  8.651779e+001 -7.982396e+001
    endloop
  endfacet
  facet normal  0.000000e+000  5.492705e-001  8.356447e-001
    outer loop
      vertex -5.000000e+001  8.651779e+001 -7.982396e+001
      vertex -5.000000e+001  8.482549e+001 -7.871161e+001
      vertex -4.463324e+001  8.651779e+001 -7.982396e+001
    endloop
  endfacet
  facet normal  0.000000e+000  5.492705e-001  8.356447e-001
    outer loop
      vertex -4.463324e+001  8.651779e+001 -7.982396e+001
      vertex -5.000000e+001  8.482549e+001 -7.871161e+001
      vertex -4.463324e+001  8.482549e+001 -7.871161e+001
    endloop
  endfacet
  facet normal -4.566871e-003 -2.861491e-001 -9.581742e-001
    outer loop
      vertex -4.463324e+001  9.029173e+001 -8.866270e+001
      vertex -4.463324e+001  8.872890e+001 -8.819598e+001
      vertex -5.000000e+001  9.014020e+001 -8.859187e+001
    endloop
  endfacet
  facet normal  4.898896e-002 -9.267809e-002 -9.944902e-001
    outer loop
      vertex -5.000000e+001  9.014020e+001 -8.859187e+001
      vertex -4.463324e+001  8.872890e+001 -8.819598e+001
      vertex -4.463324e+001  8.839587e+001 -8.816494e+001
    endloop
  endfacet
  facet normal  -0.000000e+000 -2.377334e-001 -9.713305e-001
    outer loop
      vertex -5.000000e+001  9.014020e+001 -8.859187e+001
      vertex -4.463324e+001  8.839587e+001 -8.816494e+001
      vertex -5.000000e+001  8.839587e+001 -8.816494e+001
    endloop
  endfacet
  facet normal  5.598508e-003 -5.793014e-001 -8.150942e-001
    outer loop
      vertex -4.463324e+001  9.029173e+001 -8.866270e+001
      vertex -5.000000e+001  9.014020e+001 -8.859187e+001
      vertex -4.463324e+001  9.162119e+001 -8.960757e+001
    endloop
  endfacet
  facet normal  -0.000000e+000 -5.655916e-001 -8.246855e-001
    outer loop
      vertex -4.463324e+001  9.162119e+001 -8.960757e+001
      vertex -5.000000e+001  9.014020e+001 -8.859187e+001
      vertex -5.000000e+001  9.162119e+001 -8.960757e+001
    endloop
  endfacet
  facet normal  5.311414e-003 -2.861480e-001 -9.581707e-001
    outer loop
      vertex -4.614441e+000  9.029173e+001 -8.866270e+001
      vertex  0.000000e+000  9.014020e+001 -8.859187e+001
      vertex -4.614441e+000  8.872890e+001 -8.819598e+001
    endloop
  endfacet
  facet normal -1.062426e-002 -2.377200e-001 -9.712757e-001
    outer loop
      vertex -4.614441e+000  8.872890e+001 -8.819598e+001
      vertex  0.000000e+000  9.014020e+001 -8.859187e+001
      vertex  0.000000e+000  8.839587e+001 -8.816494e+001
    endloop
  endfacet
  facet normal  -0.000000e+000 -9.278955e-002 -9.956858e-001
    outer loop
      vertex -4.614441e+000  8.872890e+001 -8.819598e+001
      vertex  0.000000e+000  8.839587e+001 -8.816494e+001
      vertex -4.614441e+000  8.839587e+001 -8.816494e+001
    endloop
  endfacet
  facet normal  0.000000e+000 -5.655916e-001 -8.246855e-001
    outer loop
      vertex  0.000000e+000  9.162119e+001 -8.960757e+001
      vertex  0.000000e+000  9.014020e+001 -8.859187e+001
      vertex -4.614441e+000  9.162119e+001 -8.960757e+001
    endloop
  endfacet
  facet normal -6.511234e-003 -5.792982e-001 -8.150897e-001
    outer loop
      vertex -4.614441e+000  9.162119e+001 -8.960757e+001
      vertex  0.000000e+000  9.014020e+001 -8.859187e+001
      vertex -4.614441e+000  9.029173e+001 -8.866270e+001
    endloop
  endfacet
  facet normal  0.000000e+000  8.356653e-001  5.492390e-001
    outer loop
      vertex -5.000000e+001  9.409386e+001 -8.798032e+001
      vertex -5.000000e+001  9.298157e+001 -8.628797e+001
      vertex -4.463324e+001  9.409386e+001 -8.798032e+001
    endloop
  endfacet
  facet normal  0.000000e+000  8.356653e-001  5.492390e-001
    outer loop
      vertex -4.463324e+001  9.409386e+001 -8.798032e+001
      vertex -5.000000e+001  9.298157e+001 -8.628797e+001
      vertex -4.463324e+001  9.298157e+001 -8.628797e+001
    endloop
  endfacet
  facet normal  0.000000e+000  9.849681e-001  1.727365e-001
    outer loop
      vertex -5.000000e+001  9.298157e+001 -8.628797e+001
      vertex -5.000000e+001  9.263175e+001 -8.429327e+001
      vertex -4.463324e+001  9.298157e+001 -8.628797e+001
    endloop
  endfacet
  facet normal  0.000000e+000  9.849681e-001  1.727365e-001
    outer loop
      vertex -4.463324e+001  9.298157e+001 -8.628797e+001
      vertex -5.000000e+001  9.263175e+001 -8.429327e+001
      vertex -4.463324e+001  9.263175e+001 -8.429327e+001
    endloop
  endfacet
  facet normal -8.292266e-001 -5.589126e-001  -0.000000e+000
    outer loop
      vertex -9.190193e+000  1.114401e+002 -1.092809e+002
      vertex -9.190193e+000  1.114401e+002 -1.053272e+002
      vertex -1.513079e+001  1.202538e+002 -1.180299e+002
    endloop
  endfacet
  facet normal -8.292266e-001 -5.589126e-001  0.000000e+000
    outer loop
      vertex -1.513079e+001  1.202538e+002 -1.180299e+002
      vertex -9.190193e+000  1.114401e+002 -1.053272e+002
      vertex -1.513079e+001  1.202538e+002 -1.141413e+002
    endloop
  endfacet
  facet normal -8.292266e-001 -5.589126e-001  -0.000000e+000
    outer loop
      vertex -4.614441e+000  1.046513e+002 -1.025420e+002
      vertex -4.614441e+000  1.046513e+002 -9.853816e+001
      vertex -9.190193e+000  1.114401e+002 -1.092809e+002
    endloop
  endfacet
  facet normal -8.292265e-001 -5.589126e-001  0.000000e+000
    outer loop
      vertex -9.190193e+000  1.114401e+002 -1.092809e+002
      vertex -4.614441e+000  1.046513e+002 -9.853816e+001
      vertex -9.190193e+000  1.114401e+002 -1.053272e+002
    endloop
  endfacet
  facet normal  0.000000e+000  8.356653e-001  5.492390e-001
    outer loop
      vertex -4.614441e+000  9.409386e+001 -8.798032e+001
      vertex -4.614441e+000  9.298157e+001 -8.628797e+001
      vertex  0.000000e+000  9.409386e+001 -8.798032e+001
    endloop
  endfacet
  facet normal  0.000000e+000  8.356653e-001  5.492390e-001
    outer loop
      vertex  0.000000e+000  9.409386e+001 -8.798032e+001
      vertex -4.614441e+000  9.298157e+001 -8.628797e+001
      vertex  0.000000e+000  9.298157e+001 -8.628797e+001
    endloop
  endfacet
  facet normal  0.000000e+000  9.849681e-001  1.727365e-001
    outer loop
      vertex -4.614441e+000  9.298157e+001 -8.628797e+001
      vertex -4.614441e+000  9.263175e+001 -8.429327e+001
      vertex  0.000000e+000  9.298157e+001 -8.628797e+001
    endloop
  endfacet
  facet normal  0.000000e+000  9.849681e-001  1.727365e-001
    outer loop
      vertex  0.000000e+000  9.298157e+001 -8.628797e+001
      vertex -4.614441e+000  9.263175e+001 -8.429327e+001
      vertex  0.000000e+000  9.263175e+001 -8.429327e+001
    endloop
  endfacet
  facet normal  6.015358e-007 -7.044961e-001 -7.097080e-001
    outer loop
      vertex -4.463324e+001  1.046513e+002 -1.025420e+002
      vertex -5.000000e+001  1.087380e+002 -1.065986e+002
      vertex -4.005749e+001  1.114401e+002 -1.092809e+002
    endloop
  endfacet
  facet normal  6.051700e-007 -7.044961e-001 -7.097079e-001
    outer loop
      vertex -5.000000e+001  1.087380e+002 -1.065986e+002
      vertex -3.411689e+001  1.202538e+002 -1.180299e+002
      vertex -4.005749e+001  1.114401e+002 -1.092809e+002
    endloop
  endfacet
  facet normal -1.195780e-007 -7.044956e-001 -7.097084e-001
    outer loop
      vertex -3.411689e+001  1.202538e+002 -1.180299e+002
      vertex -5.000000e+001  1.087380e+002 -1.065986e+002
      vertex -4.193690e+001  1.202858e+002 -1.180617e+002
    endloop
  endfacet
  facet normal  0.000000e+000 -7.044802e-001 -7.097236e-001
    outer loop
      vertex -3.411689e+001  1.202538e+002 -1.180299e+002
      vertex -4.193690e+001  1.202858e+002 -1.180617e+002
      vertex -8.063093e+000  1.202858e+002 -1.180617e+002
    endloop
  endfacet
  facet normal  0.000000e+000 -7.044802e-001 -7.097237e-001
    outer loop
      vertex -3.411689e+001  1.202538e+002 -1.180299e+002
      vertex -8.063093e+000  1.202858e+002 -1.180617e+002
      vertex -1.513079e+001  1.202538e+002 -1.180299e+002
    endloop
  endfacet
  facet normal  8.841513e-007 -7.044959e-001 -7.097082e-001
    outer loop
      vertex -5.000000e+001  9.162119e+001 -8.960757e+001
      vertex -5.000000e+001  1.087380e+002 -1.065986e+002
      vertex -4.463324e+001  1.046513e+002 -1.025420e+002
    endloop
  endfacet
  facet normal -4.142484e-006 -7.044948e-001 -7.097091e-001
    outer loop
      vertex -5.000000e+001  9.162119e+001 -8.960757e+001
      vertex -4.463324e+001  1.046513e+002 -1.025420e+002
      vertex -4.463324e+001  1.026420e+002 -1.005474e+002
    endloop
  endfacet
  facet normal  6.664857e-007 -7.044960e-001 -7.097080e-001
    outer loop
      vertex -5.000000e+001  9.162119e+001 -8.960757e+001
      vertex -4.463324e+001  1.026420e+002 -1.005474e+002
      vertex -4.463324e+001  9.204542e+001 -9.002868e+001
    endloop
  endfacet
  facet normal  0.000000e+000 -7.044918e-001 -7.097121e-001
    outer loop
      vertex -5.000000e+001  9.162119e+001 -8.960757e+001
      vertex -4.463324e+001  9.204542e+001 -9.002868e+001
      vertex -4.463324e+001  9.162119e+001 -8.960757e+001
    endloop
  endfacet
  facet normal  0.000000e+000 -7.044919e-001 -7.097121e-001
    outer loop
      vertex  0.000000e+000  9.162119e+001 -8.960757e+001
      vertex -4.614441e+000  9.162119e+001 -8.960757e+001
      vertex -4.614441e+000  9.204542e+001 -9.002868e+001
    endloop
  endfacet
  facet normal -7.543838e-007 -7.044959e-001 -7.097079e-001
    outer loop
      vertex  0.000000e+000  9.162119e+001 -8.960757e+001
      vertex -4.614441e+000  9.204542e+001 -9.002868e+001
      vertex -4.614441e+000  1.026420e+002 -1.005474e+002
    endloop
  endfacet
  facet normal  4.817857e-006 -7.044948e-001 -7.097092e-001
    outer loop
      vertex  0.000000e+000  9.162119e+001 -8.960757e+001
      vertex -4.614441e+000  1.026420e+002 -1.005474e+002
      vertex -4.614441e+000  1.046513e+002 -1.025420e+002
    endloop
  endfacet
  facet normal -1.062576e-006 -7.044958e-001 -7.097081e-001
    outer loop
      vertex  0.000000e+000  9.162119e+001 -8.960757e+001
      vertex -4.614441e+000  1.046513e+002 -1.025420e+002
      vertex  0.000000e+000  1.087380e+002 -1.065986e+002
    endloop
  endfacet
  facet normal -6.494190e-007 -7.044960e-001 -7.097079e-001
    outer loop
      vertex -4.614441e+000  1.046513e+002 -1.025420e+002
      vertex -9.190193e+000  1.114401e+002 -1.092809e+002
      vertex  0.000000e+000  1.087380e+002 -1.065986e+002
    endloop
  endfacet
  facet normal -7.294808e-007 -7.044962e-001 -7.097078e-001
    outer loop
      vertex  0.000000e+000  1.087380e+002 -1.065986e+002
      vertex -9.190193e+000  1.114401e+002 -1.092809e+002
      vertex -1.513079e+001  1.202538e+002 -1.180299e+002
    endloop
  endfacet
  facet normal  1.384663e-007 -7.044956e-001 -7.097083e-001
    outer loop
      vertex  0.000000e+000  1.087380e+002 -1.065986e+002
      vertex -1.513079e+001  1.202538e+002 -1.180299e+002
      vertex -8.063093e+000  1.202858e+002 -1.180617e+002
    endloop
  endfacet
  facet normal  8.292266e-001 -5.589127e-001  0.000000e+000
    outer loop
      vertex -4.005749e+001  1.114401e+002 -1.092809e+002
      vertex -3.411689e+001  1.202538e+002 -1.180299e+002
      vertex -4.005749e+001  1.114401e+002 -1.053272e+002
    endloop
  endfacet
  facet normal  8.292264e-001 -5.589127e-001  0.000000e+000
    outer loop
      vertex -4.005749e+001  1.114401e+002 -1.053272e+002
      vertex -3.411689e+001  1.202538e+002 -1.180299e+002
      vertex -3.411689e+001  1.202538e+002 -1.141413e+002
    endloop
  endfacet
  facet normal  3.404520e-007  7.071199e-001  7.070935e-001
    outer loop
      vertex  0.000000e+000  1.107248e+002 -1.046119e+002
      vertex -1.022450e+001  1.253141e+002 -1.192018e+002
      vertex -9.190193e+000  1.114401e+002 -1.053272e+002
    endloop
  endfacet
  facet normal  2.965760e-007  7.071200e-001  7.070935e-001
    outer loop
      vertex  0.000000e+000  1.107248e+002 -1.046119e+002
      vertex -9.190193e+000  1.114401e+002 -1.053272e+002
      vertex -4.614441e+000  1.046513e+002 -9.853816e+001
    endloop
  endfacet
  facet normal  1.107360e-007  7.071201e-001  7.070935e-001
    outer loop
      vertex  0.000000e+000  1.107248e+002 -1.046119e+002
      vertex -4.614441e+000  1.046513e+002 -9.853816e+001
      vertex -4.614441e+000  9.409386e+001 -8.798032e+001
    endloop
  endfacet
  facet normal  -0.000000e+000  7.071202e-001  7.070935e-001
    outer loop
      vertex  0.000000e+000  1.107248e+002 -1.046119e+002
      vertex -4.614441e+000  9.409386e+001 -8.798032e+001
      vertex  0.000000e+000  9.409386e+001 -8.798032e+001
    endloop
  endfacet
  facet normal  0.000000e+000  7.071202e-001  7.070933e-001
    outer loop
      vertex -1.022450e+001  1.253141e+002 -1.192018e+002
      vertex -1.022450e+001  1.307244e+002 -1.246122e+002
      vertex -3.977550e+001  1.307244e+002 -1.246122e+002
    endloop
  endfacet
  facet normal  0.000000e+000  7.071202e-001  7.070933e-001
    outer loop
      vertex -1.022450e+001  1.253141e+002 -1.192018e+002
      vertex -3.977550e+001  1.307244e+002 -1.246122e+002
      vertex -3.977550e+001  1.253141e+002 -1.192018e+002
    endloop
  endfacet
  facet normal  -0.000000e+000  7.071201e-001  7.070934e-001
    outer loop
      vertex -1.022450e+001  1.253141e+002 -1.192018e+002
      vertex -3.977550e+001  1.253141e+002 -1.192018e+002
      vertex -3.411689e+001  1.202538e+002 -1.141413e+002
    endloop
  endfacet
  facet normal  -0.000000e+000  7.071202e-001  7.070935e-001
    outer loop
      vertex -1.022450e+001  1.253141e+002 -1.192018e+002
      vertex -3.411689e+001  1.202538e+002 -1.141413e+002
      vertex -1.513079e+001  1.202538e+002 -1.141413e+002
    endloop
  endfacet
  facet normal  2.207799e-007  7.071199e-001  7.070935e-001
    outer loop
      vertex -1.022450e+001  1.253141e+002 -1.192018e+002
      vertex -1.513079e+001  1.202538e+002 -1.141413e+002
      vertex -9.190193e+000  1.114401e+002 -1.053272e+002
    endloop
  endfacet
  facet normal -2.729914e-007  7.071200e-001  7.070936e-001
    outer loop
      vertex -4.005749e+001  1.114401e+002 -1.053272e+002
      vertex -5.000000e+001  1.107248e+002 -1.046119e+002
      vertex -4.463324e+001  1.046513e+002 -9.853816e+001
    endloop
  endfacet
  facet normal -6.044183e-008  7.071201e-001  7.070934e-001
    outer loop
      vertex -4.463324e+001  1.046513e+002 -9.853816e+001
      vertex -5.000000e+001  1.107248e+002 -1.046119e+002
      vertex -5.000000e+001  9.409386e+001 -8.798032e+001
    endloop
  endfacet
  facet normal  -0.000000e+000  7.071201e-001  7.070934e-001
    outer loop
      vertex -4.463324e+001  1.046513e+002 -9.853816e+001
      vertex -5.000000e+001  9.409386e+001 -8.798032e+001
      vertex -4.463324e+001  9.409386e+001 -8.798032e+001
    endloop
  endfacet
  facet normal -2.410232e-007  7.071199e-001  7.070935e-001
    outer loop
      vertex -3.977550e+001  1.253141e+002 -1.192018e+002
      vertex -5.000000e+001  1.107248e+002 -1.046119e+002
      vertex -3.411689e+001  1.202538e+002 -1.141413e+002
    endloop
  endfacet
  facet normal -2.587960e-007  7.071200e-001  7.070935e-001
    outer loop
      vertex -3.411689e+001  1.202538e+002 -1.141413e+002
      vertex -5.000000e+001  1.107248e+002 -1.046119e+002
      vertex -4.005749e+001  1.114401e+002 -1.053272e+002
    endloop
  endfacet
  facet normal  8.292265e-001 -5.589126e-001  0.000000e+000
    outer loop
      vertex -4.463324e+001  1.046513e+002 -1.025420e+002
      vertex -4.005749e+001  1.114401e+002 -1.092809e+002
      vertex -4.463324e+001  1.046513e+002 -9.853816e+001
    endloop
  endfacet
  facet normal  8.292265e-001 -5.589126e-001  0.000000e+000
    outer loop
      vertex -4.463324e+001  1.046513e+002 -9.853816e+001
      vertex -4.005749e+001  1.114401e+002 -1.092809e+002
      vertex -4.005749e+001  1.114401e+002 -1.053272e+002
    endloop
  endfacet
  facet normal -1.000000e+000  0.000000e+000  0.000000e+000
    outer loop
      vertex -5.000000e+001  3.000000e+000 -5.000000e+000
      vertex -5.000000e+001  3.697963e+000 -6.398325e+000
      vertex -5.000000e+001  3.000000e+000 -6.122653e+000
    endloop
  endfacet
  facet normal -1.000000e+000  0.000000e+000  0.000000e+000
    outer loop
      vertex -5.000000e+001  8.919299e+001 -8.609219e+001
      vertex -5.000000e+001  9.014020e+001 -8.859187e+001
      vertex -5.000000e+001  8.839587e+001 -8.816494e+001
    endloop
  endfacet
  facet normal -1.000000e+000  0.000000e+000  0.000000e+000
    outer loop
      vertex -5.000000e+001  8.851248e+001 -8.017384e+001
      vertex -5.000000e+001  8.944157e+001 -8.234248e+001
      vertex -5.000000e+001  8.831182e+001 -8.219807e+001
    endloop
  endfacet
  facet normal -1.000000e+000  0.000000e+000  0.000000e+000
    outer loop
      vertex -5.000000e+001  1.585786e+000 -1.585786e+000
      vertex -5.000000e+001  4.019238e-001 -1.500000e+000
      vertex -5.000000e+001  3.000000e+000 -1.000000e+000
    endloop
  endfacet
  facet normal -1.000000e+000  0.000000e+000  0.000000e+000
    outer loop
      vertex -5.000000e+001  1.087380e+002 -1.065986e+002
      vertex -5.000000e+001  9.162119e+001 -8.960757e+001
      vertex -5.000000e+001  1.107248e+002 -1.046119e+002
    endloop
  endfacet
  facet normal -1.000000e+000  0.000000e+000  0.000000e+000
    outer loop
      vertex -5.000000e+001  8.808211e+001 -8.609447e+001
      vertex -5.000000e+001  8.919299e+001 -8.609219e+001
      vertex -5.000000e+001  8.839587e+001 -8.816494e+001
    endloop
  endfacet
  facet normal -1.000000e+000  0.000000e+000  0.000000e+000
    outer loop
      vertex -5.000000e+001  8.808211e+001 -8.609447e+001
      vertex -5.000000e+001  8.839587e+001 -8.816494e+001
      vertex -5.000000e+001  8.657374e+001 -8.760086e+001
    endloop
  endfacet
  facet normal -1.000000e+000  0.000000e+000  0.000000e+000
    outer loop
      vertex -5.000000e+001  8.808211e+001 -8.609447e+001
      vertex -5.000000e+001  8.657374e+001 -8.760086e+001
      vertex -5.000000e+001  8.522002e+001 -8.625708e+001
    endloop
  endfacet
  facet normal -1.000000e+000  0.000000e+000  0.000000e+000
    outer loop
      vertex -5.000000e+001  8.808211e+001 -8.609447e+001
      vertex -5.000000e+001  8.522002e+001 -8.625708e+001
      vertex -5.000000e+001  8.722460e+001 -8.559143e+001
    endloop
  endfacet
  facet normal -9.999999e-001  0.000000e+000  -0.000000e+000
    outer loop
      vertex -5.000000e+001  8.317616e+001 -8.122456e+001
      vertex -5.000000e+001  8.651779e+001 -7.982396e+001
      vertex -5.000000e+001  8.851248e+001 -8.017384e+001
    endloop
  endfacet
  facet normal -1.000000e+000  0.000000e+000  0.000000e+000
    outer loop
      vertex -5.000000e+001  8.317616e+001 -8.122456e+001
      vertex -5.000000e+001  8.851248e+001 -8.017384e+001
      vertex -5.000000e+001  8.831182e+001 -8.219807e+001
    endloop
  endfacet
  facet normal -1.000000e+000  -0.000000e+000  0.000000e+000
    outer loop
      vertex -5.000000e+001  8.317616e+001 -8.122456e+001
      vertex -5.000000e+001  8.831182e+001 -8.219807e+001
      vertex -5.000000e+001  8.710986e+001 -8.287655e+001
    endloop
  endfacet
  facet normal -1.000000e+000  0.000000e+000  0.000000e+000
    outer loop
      vertex -5.000000e+001  8.317616e+001 -8.122456e+001
      vertex -5.000000e+001  8.710986e+001 -8.287655e+001
      vertex -5.000000e+001  8.420276e+001 -8.269802e+001
    endloop
  endfacet
  facet normal -1.000000e+000  -0.000000e+000  0.000000e+000
    outer loop
      vertex -5.000000e+001  8.482549e+001 -7.871161e+001
      vertex -5.000000e+001  8.651779e+001 -7.982396e+001
      vertex -5.000000e+001  8.317616e+001 -8.122456e+001
    endloop
  endfacet
  facet normal -1.000000e+000  0.000000e+000  0.000000e+000
    outer loop
      vertex -5.000000e+001  8.482549e+001 -7.871161e+001
      vertex -5.000000e+001  8.317616e+001 -8.122456e+001
      vertex -5.000000e+001  1.571988e+001 -1.426370e+001
    endloop
  endfacet
  facet normal -1.000000e+000  0.000000e+000  0.000000e+000
    outer loop
      vertex -5.000000e+001  8.482549e+001 -7.871161e+001
      vertex -5.000000e+001  1.571988e+001 -1.426370e+001
      vertex -5.000000e+001  5.000000e+000 -3.000000e+000
    endloop
  endfacet
  facet normal -1.000000e+000  0.000000e+000  0.000000e+000
    outer loop
      vertex -5.000000e+001  8.482549e+001 -7.871161e+001
      vertex -5.000000e+001  5.000000e+000 -3.000000e+000
      vertex -5.000000e+001  4.414214e+000 -1.585786e+000
    endloop
  endfacet
  facet normal -1.000000e+000  0.000000e+000  0.000000e+000
    outer loop
      vertex -5.000000e+001  8.482549e+001 -7.871161e+001
      vertex -5.000000e+001  4.414214e+000 -1.585786e+000
      vertex -5.000000e+001  6.116826e+000  0.000000e+000
    endloop
  endfacet
  facet normal -1.000000e+000  0.000000e+000  0.000000e+000
    outer loop
      vertex -5.000000e+001  1.571988e+001 -1.426370e+001
      vertex -5.000000e+001  9.985382e+000 -1.304297e+001
      vertex -5.000000e+001  4.019172e+000 -7.076538e+000
    endloop
  endfacet
  facet normal -1.000000e+000  0.000000e+000  0.000000e+000
    outer loop
      vertex -5.000000e+001  1.571988e+001 -1.426370e+001
      vertex -5.000000e+001  4.019172e+000 -7.076538e+000
      vertex -5.000000e+001  3.697963e+000 -6.398325e+000
    endloop
  endfacet
  facet normal -1.000000e+000  0.000000e+000  0.000000e+000
    outer loop
      vertex -5.000000e+001  1.571988e+001 -1.426370e+001
      vertex -5.000000e+001  3.697963e+000 -6.398325e+000
      vertex -5.000000e+001  3.000000e+000 -5.000000e+000
    endloop
  endfacet
  facet normal -1.000000e+000  0.000000e+000  0.000000e+000
    outer loop
      vertex -5.000000e+001  1.571988e+001 -1.426370e+001
      vertex -5.000000e+001  3.000000e+000 -5.000000e+000
      vertex -5.000000e+001  4.414214e+000 -4.414214e+000
    endloop
  endfacet
  facet normal -9.999999e-001  0.000000e+000  0.000000e+000
    outer loop
      vertex -5.000000e+001  1.571988e+001 -1.426370e+001
      vertex -5.000000e+001  4.414214e+000 -4.414214e+000
      vertex -5.000000e+001  5.000000e+000 -3.000000e+000
    endloop
  endfacet
  facet normal -1.000000e+000  0.000000e+000  0.000000e+000
    outer loop
      vertex -5.000000e+001  9.409386e+001 -8.798032e+001
      vertex -5.000000e+001  1.107248e+002 -1.046119e+002
      vertex -5.000000e+001  9.162119e+001 -8.960757e+001
    endloop
  endfacet
  facet normal -1.000000e+000  0.000000e+000  0.000000e+000
    outer loop
      vertex -5.000000e+001  9.409386e+001 -8.798032e+001
      vertex -5.000000e+001  9.162119e+001 -8.960757e+001
      vertex -5.000000e+001  9.014020e+001 -8.859187e+001
    endloop
  endfacet
  facet normal -1.000000e+000  0.000000e+000  0.000000e+000
    outer loop
      vertex -5.000000e+001  9.409386e+001 -8.798032e+001
      vertex -5.000000e+001  9.014020e+001 -8.859187e+001
      vertex -5.000000e+001  8.919299e+001 -8.609219e+001
    endloop
  endfacet
  facet normal -9.999999e-001  0.000000e+000  0.000000e+000
    outer loop
      vertex -5.000000e+001  9.409386e+001 -8.798032e+001
      vertex -5.000000e+001  8.919299e+001 -8.609219e+001
      vertex -5.000000e+001  9.298157e+001 -8.628797e+001
    endloop
  endfacet
  facet normal -9.999999e-001  0.000000e+000  0.000000e+000
    outer loop
      vertex -5.000000e+001  9.298157e+001 -8.628797e+001
      vertex -5.000000e+001  8.919299e+001 -8.609219e+001
      vertex -5.000000e+001  9.013129e+001 -8.549749e+001
    endloop
  endfacet
  facet normal -9.999999e-001  0.000000e+000  0.000000e+000
    outer loop
      vertex -5.000000e+001  9.298157e+001 -8.628797e+001
      vertex -5.000000e+001  9.013129e+001 -8.549749e+001
      vertex -5.000000e+001  9.060753e+001 -8.449386e+001
    endloop
  endfacet
  facet normal -1.000000e+000  0.000000e+000  0.000000e+000
    outer loop
      vertex -5.000000e+001  9.298157e+001 -8.628797e+001
      vertex -5.000000e+001  9.060753e+001 -8.449386e+001
      vertex -5.000000e+001  9.263175e+001 -8.429327e+001
    endloop
  endfacet
  facet normal -1.000000e+000  0.000000e+000  0.000000e+000
    outer loop
      vertex -5.000000e+001  9.063359e+001 -8.417201e+001
      vertex -5.000000e+001  9.030930e+001 -8.308022e+001
      vertex -5.000000e+001  9.263359e+001 -8.417201e+001
    endloop
  endfacet
  facet normal -1.000000e+000  0.000000e+000  0.000000e+000
    outer loop
      vertex -5.000000e+001  9.263359e+001 -8.417201e+001
      vertex -5.000000e+001  9.030930e+001 -8.308022e+001
      vertex -5.000000e+001  8.944157e+001 -8.234248e+001
    endloop
  endfacet
  facet normal -9.999999e-001  0.000000e+000  0.000000e+000
    outer loop
      vertex -5.000000e+001  9.263359e+001 -8.417201e+001
      vertex -5.000000e+001  8.944157e+001 -8.234248e+001
      vertex -5.000000e+001  9.207733e+001 -8.213715e+001
    endloop
  endfacet
  facet normal -1.000000e+000  -0.000000e+000  0.000000e+000
    outer loop
      vertex -5.000000e+001  9.207733e+001 -8.213715e+001
      vertex -5.000000e+001  8.944157e+001 -8.234248e+001
      vertex -5.000000e+001  8.851248e+001 -8.017384e+001
    endloop
  endfacet
  facet normal -1.000000e+000  0.000000e+000  0.000000e+000
    outer loop
      vertex -5.000000e+001  9.207733e+001 -8.213715e+001
      vertex -5.000000e+001  8.851248e+001 -8.017384e+001
      vertex -5.000000e+001  9.056326e+001 -8.066824e+001
    endloop
  endfacet
  facet normal -1.000000e+000  0.000000e+000  0.000000e+000
    outer loop
      vertex -5.000000e+001  4.414214e+000 -1.585786e+000
      vertex -5.000000e+001  3.000000e+000 -1.000000e+000
      vertex -5.000000e+001  6.116826e+000  0.000000e+000
    endloop
  endfacet
  facet normal -1.000000e+000  -0.000000e+000  0.000000e+000
    outer loop
      vertex -5.000000e+001  6.116826e+000  0.000000e+000
      vertex -5.000000e+001  3.000000e+000 -1.000000e+000
      vertex -5.000000e+001  3.000000e+000  0.000000e+000
    endloop
  endfacet
  facet normal -1.000000e+000  0.000000e+000  0.000000e+000
    outer loop
      vertex -5.000000e+001  3.000000e+000 -1.000000e+000
      vertex -5.000000e+001  4.019238e-001 -1.500000e+000
      vertex -5.000000e+001  3.000000e+000  0.000000e+000
    endloop
  endfacet
  facet normal -1.000000e+000  0.000000e+000  0.000000e+000
    outer loop
      vertex -5.000000e+001  3.000000e+000  0.000000e+000
      vertex -5.000000e+001  4.019238e-001 -1.500000e+000
      vertex -5.000000e+001  1.500000e+000 -4.019238e-001
    endloop
  endfacet
  facet normal -1.000000e+000  0.000000e+000  0.000000e+000
    outer loop
      vertex -5.000000e+001  3.000000e+000 -6.122653e+000
      vertex -5.000000e+001  1.464210e+000 -5.700129e+000
      vertex -5.000000e+001  3.000000e+000 -5.000000e+000
    endloop
  endfacet
  facet normal -1.000000e+000  -0.000000e+000  0.000000e+000
    outer loop
      vertex -5.000000e+001  3.000000e+000 -5.000000e+000
      vertex -5.000000e+001  1.464210e+000 -5.700129e+000
      vertex -5.000000e+001  3.606776e-001 -4.551480e+000
    endloop
  endfacet
  facet normal -1.000000e+000  0.000000e+000  0.000000e+000
    outer loop
      vertex -5.000000e+001  3.000000e+000 -5.000000e+000
      vertex -5.000000e+001  3.606776e-001 -4.551480e+000
      vertex -5.000000e+001  1.585786e+000 -4.414214e+000
    endloop
  endfacet
  facet normal -1.000000e+000  -0.000000e+000  0.000000e+000
    outer loop
      vertex -5.000000e+001  1.585786e+000 -4.414214e+000
      vertex -5.000000e+001  3.606776e-001 -4.551480e+000
      vertex -5.000000e+001  0.000000e+000 -3.000000e+000
    endloop
  endfacet
  facet normal -9.999999e-001  0.000000e+000  0.000000e+000
    outer loop
      vertex -5.000000e+001  1.585786e+000 -4.414214e+000
      vertex -5.000000e+001  0.000000e+000 -3.000000e+000
      vertex -5.000000e+001  1.000000e+000 -3.000000e+000
    endloop
  endfacet
  facet normal -1.000000e+000  0.000000e+000  0.000000e+000
    outer loop
      vertex -5.000000e+001  1.000000e+000 -3.000000e+000
      vertex -5.000000e+001  0.000000e+000 -3.000000e+000
      vertex -5.000000e+001  4.019238e-001 -1.500000e+000
    endloop
  endfacet
  facet normal -1.000000e+000  0.000000e+000  0.000000e+000
    outer loop
      vertex -5.000000e+001  1.000000e+000 -3.000000e+000
      vertex -5.000000e+001  4.019238e-001 -1.500000e+000
      vertex -5.000000e+001  1.585786e+000 -1.585786e+000
    endloop
  endfacet
  facet normal -1.000000e+000  0.000000e+000  0.000000e+000
    outer loop
      vertex -5.000000e+001  8.722460e+001 -8.559143e+001
      vertex -5.000000e+001  8.522002e+001 -8.625708e+001
      vertex -5.000000e+001  8.671525e+001 -8.473765e+001
    endloop
  endfacet
  facet normal -1.000000e+000  -0.000000e+000  0.000000e+000
    outer loop
      vertex -5.000000e+001  8.671525e+001 -8.473765e+001
      vertex -5.000000e+001  8.522002e+001 -8.625708e+001
      vertex -5.000000e+001  8.464252e+001 -8.443916e+001
    endloop
  endfacet
  facet normal -1.000000e+000  0.000000e+000  0.000000e+000
    outer loop
      vertex -5.000000e+001  8.671525e+001 -8.473765e+001
      vertex -5.000000e+001  8.464252e+001 -8.443916e+001
      vertex -5.000000e+001  8.663359e+001 -8.417201e+001
    endloop
  endfacet
  facet normal -9.999999e-001  -0.000000e+000  0.000000e+000
    outer loop
      vertex -5.000000e+001  8.663359e+001 -8.417201e+001
      vertex -5.000000e+001  8.464252e+001 -8.443916e+001
      vertex -5.000000e+001  8.420276e+001 -8.269802e+001
    endloop
  endfacet
  facet normal -1.000000e+000  0.000000e+000  0.000000e+000
    outer loop
      vertex -5.000000e+001  8.663359e+001 -8.417201e+001
      vertex -5.000000e+001  8.420276e+001 -8.269802e+001
      vertex -5.000000e+001  8.710986e+001 -8.287655e+001
    endloop
  endfacet
  facet normal -1.000000e+000  0.000000e+000  -0.000000e+000
    outer loop
      vertex -5.000000e+001  9.060753e+001 -8.449386e+001
      vertex -5.000000e+001  9.063359e+001 -8.417201e+001
      vertex -5.000000e+001  9.263175e+001 -8.429327e+001
    endloop
  endfacet
  facet normal -9.999999e-001  0.000000e+000  0.000000e+000
    outer loop
      vertex -5.000000e+001  9.263175e+001 -8.429327e+001
      vertex -5.000000e+001  9.063359e+001 -8.417201e+001
      vertex -5.000000e+001  9.263359e+001 -8.417201e+001
    endloop
  endfacet
  facet normal  1.000000e+000  0.000000e+000  0.000000e+000
    outer loop
      vertex  0.000000e+000  3.000000e+000 -6.122653e+000
      vertex  0.000000e+000  3.697963e+000 -6.398325e+000
      vertex  0.000000e+000  3.000000e+000 -5.000000e+000
    endloop
  endfacet
  facet normal  1.000000e+000  0.000000e+000  0.000000e+000
    outer loop
      vertex  0.000000e+000  8.839587e+001 -8.816494e+001
      vertex  0.000000e+000  9.014020e+001 -8.859187e+001
      vertex  0.000000e+000  8.919299e+001 -8.609219e+001
    endloop
  endfacet
  facet normal  1.000000e+000  -0.000000e+000  0.000000e+000
    outer loop
      vertex  0.000000e+000  3.000000e+000 -1.000000e+000
      vertex  0.000000e+000  4.019238e-001 -1.500000e+000
      vertex  0.000000e+000  1.585786e+000 -1.585786e+000
    endloop
  endfacet
  facet normal  1.000000e+000  0.000000e+000  0.000000e+000
    outer loop
      vertex  0.000000e+000  1.107248e+002 -1.046119e+002
      vertex  0.000000e+000  9.162119e+001 -8.960757e+001
      vertex  0.000000e+000  1.087380e+002 -1.065986e+002
    endloop
  endfacet
  facet normal  1.000000e+000  0.000000e+000  0.000000e+000
    outer loop
      vertex  0.000000e+000  8.808211e+001 -8.609447e+001
      vertex  0.000000e+000  8.722460e+001 -8.559143e+001
      vertex  0.000000e+000  8.522002e+001 -8.625708e+001
    endloop
  endfacet
  facet normal  1.000000e+000  -0.000000e+000  0.000000e+000
    outer loop
      vertex  0.000000e+000  8.808211e+001 -8.609447e+001
      vertex  0.000000e+000  8.522002e+001 -8.625708e+001
      vertex  0.000000e+000  8.657374e+001 -8.760086e+001
    endloop
  endfacet
  facet normal  1.000000e+000  -0.000000e+000  0.000000e+000
    outer loop
      vertex  0.000000e+000  8.808211e+001 -8.609447e+001
      vertex  0.000000e+000  8.657374e+001 -8.760086e+001
      vertex  0.000000e+000  8.839587e+001 -8.816494e+001
    endloop
  endfacet
  facet normal  1.000000e+000  0.000000e+000  -0.000000e+000
    outer loop
      vertex  0.000000e+000  8.808211e+001 -8.609447e+001
      vertex  0.000000e+000  8.839587e+001 -8.816494e+001
      vertex  0.000000e+000  8.919299e+001 -8.609219e+001
    endloop
  endfacet
  facet normal  1.000000e+000  0.000000e+000  0.000000e+000
    outer loop
      vertex  0.000000e+000  8.482549e+001 -7.871161e+001
      vertex  0.000000e+000  6.116826e+000  0.000000e+000
      vertex  0.000000e+000  4.414214e+000 -1.585786e+000
    endloop
  endfacet
  facet normal  1.000000e+000  0.000000e+000  0.000000e+000
    outer loop
      vertex  0.000000e+000  8.482549e+001 -7.871161e+001
      vertex  0.000000e+000  4.414214e+000 -1.585786e+000
      vertex  0.000000e+000  5.000000e+000 -3.000000e+000
    endloop
  endfacet
  facet normal  1.000000e+000  0.000000e+000  0.000000e+000
    outer loop
      vertex  0.000000e+000  8.482549e+001 -7.871161e+001
      vertex  0.000000e+000  5.000000e+000 -3.000000e+000
      vertex  0.000000e+000  1.571988e+001 -1.426370e+001
    endloop
  endfacet
  facet normal  1.000000e+000  0.000000e+000  0.000000e+000
    outer loop
      vertex  0.000000e+000  8.482549e+001 -7.871161e+001
      vertex  0.000000e+000  1.571988e+001 -1.426370e+001
      vertex  0.000000e+000  8.317616e+001 -8.122456e+001
    endloop
  endfacet
  facet normal  1.000000e+000  0.000000e+000  0.000000e+000
    outer loop
      vertex  0.000000e+000  8.482549e+001 -7.871161e+001
      vertex  0.000000e+000  8.317616e+001 -8.122456e+001
      vertex  0.000000e+000  8.651779e+001 -7.982396e+001
    endloop
  endfacet
  facet normal  9.999999e-001  0.000000e+000  0.000000e+000
    outer loop
      vertex  0.000000e+000  8.851248e+001 -8.017384e+001
      vertex  0.000000e+000  8.651779e+001 -7.982396e+001
      vertex  0.000000e+000  8.317616e+001 -8.122456e+001
    endloop
  endfacet
  facet normal  1.000000e+000  -0.000000e+000  0.000000e+000
    outer loop
      vertex  0.000000e+000  8.851248e+001 -8.017384e+001
      vertex  0.000000e+000  8.317616e+001 -8.122456e+001
      vertex  0.000000e+000  8.831182e+001 -8.219807e+001
    endloop
  endfacet
  facet normal  1.000000e+000  -0.000000e+000  0.000000e+000
    outer loop
      vertex  0.000000e+000  8.851248e+001 -8.017384e+001
      vertex  0.000000e+000  8.831182e+001 -8.219807e+001
      vertex  0.000000e+000  8.944157e+001 -8.234248e+001
    endloop
  endfacet
  facet normal  1.000000e+000  0.000000e+000  -0.000000e+000
    outer loop
      vertex  0.000000e+000  8.851248e+001 -8.017384e+001
      vertex  0.000000e+000  8.944157e+001 -8.234248e+001
      vertex  0.000000e+000  9.207733e+001 -8.213715e+001
    endloop
  endfacet
  facet normal  1.000000e+000  0.000000e+000  0.000000e+000
    outer loop
      vertex  0.000000e+000  8.851248e+001 -8.017384e+001
      vertex  0.000000e+000  9.207733e+001 -8.213715e+001
      vertex  0.000000e+000  9.056326e+001 -8.066824e+001
    endloop
  endfacet
  facet normal  9.999999e-001  0.000000e+000  0.000000e+000
    outer loop
      vertex  0.000000e+000  1.571988e+001 -1.426370e+001
      vertex  0.000000e+000  5.000000e+000 -3.000000e+000
      vertex  0.000000e+000  4.414214e+000 -4.414214e+000
    endloop
  endfacet
  facet normal  1.000000e+000  0.000000e+000  0.000000e+000
    outer loop
      vertex  0.000000e+000  1.571988e+001 -1.426370e+001
      vertex  0.000000e+000  4.414214e+000 -4.414214e+000
      vertex  0.000000e+000  3.000000e+000 -5.000000e+000
    endloop
  endfacet
  facet normal  1.000000e+000  0.000000e+000  0.000000e+000
    outer loop
      vertex  0.000000e+000  1.571988e+001 -1.426370e+001
      vertex  0.000000e+000  3.000000e+000 -5.000000e+000
      vertex  0.000000e+000  3.697963e+000 -6.398325e+000
    endloop
  endfacet
  facet normal  1.000000e+000  0.000000e+000  0.000000e+000
    outer loop
      vertex  0.000000e+000  1.571988e+001 -1.426370e+001
      vertex  0.000000e+000  3.697963e+000 -6.398325e+000
      vertex  0.000000e+000  4.019172e+000 -7.076538e+000
    endloop
  endfacet
  facet normal  1.000000e+000  0.000000e+000  0.000000e+000
    outer loop
      vertex  0.000000e+000  1.571988e+001 -1.426370e+001
      vertex  0.000000e+000  4.019172e+000 -7.076538e+000
      vertex  0.000000e+000  9.985382e+000 -1.304297e+001
    endloop
  endfacet
  facet normal  9.999999e-001  0.000000e+000  0.000000e+000
    outer loop
      vertex  0.000000e+000  9.409386e+001 -8.798032e+001
      vertex  0.000000e+000  9.298157e+001 -8.628797e+001
      vertex  0.000000e+000  8.919299e+001 -8.609219e+001
    endloop
  endfacet
  facet normal  9.999999e-001  0.000000e+000  0.000000e+000
    outer loop
      vertex  0.000000e+000  9.409386e+001 -8.798032e+001
      vertex  0.000000e+000  8.919299e+001 -8.609219e+001
      vertex  0.000000e+000  9.014020e+001 -8.859187e+001
    endloop
  endfacet
  facet normal  1.000000e+000  -0.000000e+000  0.000000e+000
    outer loop
      vertex  0.000000e+000  9.409386e+001 -8.798032e+001
      vertex  0.000000e+000  9.014020e+001 -8.859187e+001
      vertex  0.000000e+000  9.162119e+001 -8.960757e+001
    endloop
  endfacet
  facet normal  1.000000e+000  -0.000000e+000  0.000000e+000
    outer loop
      vertex  0.000000e+000  9.409386e+001 -8.798032e+001
      vertex  0.000000e+000  9.162119e+001 -8.960757e+001
      vertex  0.000000e+000  1.107248e+002 -1.046119e+002
    endloop
  endfacet
  facet normal  1.000000e+000  0.000000e+000  0.000000e+000
    outer loop
      vertex  0.000000e+000  9.298157e+001 -8.628797e+001
      vertex  0.000000e+000  9.263175e+001 -8.429327e+001
      vertex  0.000000e+000  9.060753e+001 -8.449386e+001
    endloop
  endfacet
  facet normal  9.999999e-001  0.000000e+000  0.000000e+000
    outer loop
      vertex  0.000000e+000  9.298157e+001 -8.628797e+001
      vertex  0.000000e+000  9.060753e+001 -8.449386e+001
      vertex  0.000000e+000  9.013129e+001 -8.549749e+001
    endloop
  endfacet
  facet normal  9.999999e-001  0.000000e+000  0.000000e+000
    outer loop
      vertex  0.000000e+000  9.298157e+001 -8.628797e+001
      vertex  0.000000e+000  9.013129e+001 -8.549749e+001
      vertex  0.000000e+000  8.919299e+001 -8.609219e+001
    endloop
  endfacet
  facet normal  1.000000e+000  0.000000e+000  0.000000e+000
    outer loop
      vertex  0.000000e+000  4.414214e+000 -1.585786e+000
      vertex  0.000000e+000  6.116826e+000  0.000000e+000
      vertex  0.000000e+000  3.000000e+000 -1.000000e+000
    endloop
  endfacet
  facet normal  1.000000e+000  0.000000e+000  0.000000e+000
    outer loop
      vertex  0.000000e+000  3.000000e+000 -1.000000e+000
      vertex  0.000000e+000  6.116826e+000  0.000000e+000
      vertex  0.000000e+000  3.000000e+000  0.000000e+000
    endloop
  endfacet
  facet normal  1.000000e+000  0.000000e+000  0.000000e+000
    outer loop
      vertex  0.000000e+000  3.000000e+000 -1.000000e+000
      vertex  0.000000e+000  3.000000e+000  0.000000e+000
      vertex  0.000000e+000  4.019238e-001 -1.500000e+000
    endloop
  endfacet
  facet normal  1.000000e+000  0.000000e+000  0.000000e+000
    outer loop
      vertex  0.000000e+000  4.019238e-001 -1.500000e+000
      vertex  0.000000e+000  3.000000e+000  0.000000e+000
      vertex  0.000000e+000  1.500000e+000 -4.019238e-001
    endloop
  endfacet
  facet normal  1.000000e+000  0.000000e+000  0.000000e+000
    outer loop
      vertex  0.000000e+000  1.585786e+000 -1.585786e+000
      vertex  0.000000e+000  4.019238e-001 -1.500000e+000
      vertex  0.000000e+000  1.000000e+000 -3.000000e+000
    endloop
  endfacet
  facet normal  1.000000e+000  0.000000e+000  0.000000e+000
    outer loop
      vertex  0.000000e+000  1.000000e+000 -3.000000e+000
      vertex  0.000000e+000  4.019238e-001 -1.500000e+000
      vertex  0.000000e+000  0.000000e+000 -3.000000e+000
    endloop
  endfacet
  facet normal  9.999999e-001  -0.000000e+000  0.000000e+000
    outer loop
      vertex  0.000000e+000  1.000000e+000 -3.000000e+000
      vertex  0.000000e+000  0.000000e+000 -3.000000e+000
      vertex  0.000000e+000  1.585786e+000 -4.414214e+000
    endloop
  endfacet
  facet normal  1.000000e+000  0.000000e+000  0.000000e+000
    outer loop
      vertex  0.000000e+000  1.585786e+000 -4.414214e+000
      vertex  0.000000e+000  0.000000e+000 -3.000000e+000
      vertex  0.000000e+000  3.606776e-001 -4.551480e+000
    endloop
  endfacet
  facet normal  1.000000e+000  -0.000000e+000  0.000000e+000
    outer loop
      vertex  0.000000e+000  1.585786e+000 -4.414214e+000
      vertex  0.000000e+000  3.606776e-001 -4.551480e+000
      vertex  0.000000e+000  3.000000e+000 -5.000000e+000
    endloop
  endfacet
  facet normal  1.000000e+000  0.000000e+000  0.000000e+000
    outer loop
      vertex  0.000000e+000  3.000000e+000 -5.000000e+000
      vertex  0.000000e+000  3.606776e-001 -4.551480e+000
      vertex  0.000000e+000  1.464210e+000 -5.700129e+000
    endloop
  endfacet
  facet normal  1.000000e+000  -0.000000e+000  0.000000e+000
    outer loop
      vertex  0.000000e+000  3.000000e+000 -5.000000e+000
      vertex  0.000000e+000  1.464210e+000 -5.700129e+000
      vertex  0.000000e+000  3.000000e+000 -6.122653e+000
    endloop
  endfacet
  facet normal  1.000000e+000  0.000000e+000  0.000000e+000
    outer loop
      vertex  0.000000e+000  8.831182e+001 -8.219807e+001
      vertex  0.000000e+000  8.317616e+001 -8.122456e+001
      vertex  0.000000e+000  8.710986e+001 -8.287655e+001
    endloop
  endfacet
  facet normal  1.000000e+000  0.000000e+000  0.000000e+000
    outer loop
      vertex  0.000000e+000  8.710986e+001 -8.287655e+001
      vertex  0.000000e+000  8.317616e+001 -8.122456e+001
      vertex  0.000000e+000  8.420276e+001 -8.269802e+001
    endloop
  endfacet
  facet normal  1.000000e+000  0.000000e+000  0.000000e+000
    outer loop
      vertex  0.000000e+000  8.710986e+001 -8.287655e+001
      vertex  0.000000e+000  8.420276e+001 -8.269802e+001
      vertex  0.000000e+000  8.663359e+001 -8.417201e+001
    endloop
  endfacet
  facet normal  9.999999e-001  0.000000e+000  0.000000e+000
    outer loop
      vertex  0.000000e+000  8.663359e+001 -8.417201e+001
      vertex  0.000000e+000  8.420276e+001 -8.269802e+001
      vertex  0.000000e+000  8.464252e+001 -8.443916e+001
    endloop
  endfacet
  facet normal  1.000000e+000  -0.000000e+000  0.000000e+000
    outer loop
      vertex  0.000000e+000  8.663359e+001 -8.417201e+001
      vertex  0.000000e+000  8.464252e+001 -8.443916e+001
      vertex  0.000000e+000  8.671525e+001 -8.473765e+001
    endloop
  endfacet
  facet normal  1.000000e+000  0.000000e+000  0.000000e+000
    outer loop
      vertex  0.000000e+000  8.671525e+001 -8.473765e+001
      vertex  0.000000e+000  8.464252e+001 -8.443916e+001
      vertex  0.000000e+000  8.522002e+001 -8.625708e+001
    endloop
  endfacet
  facet normal  1.000000e+000  0.000000e+000  0.000000e+000
    outer loop
      vertex  0.000000e+000  8.671525e+001 -8.473765e+001
      vertex  0.000000e+000  8.522002e+001 -8.625708e+001
      vertex  0.000000e+000  8.722460e+001 -8.559143e+001
    endloop
  endfacet
  facet normal  9.999999e-001  -0.000000e+000  0.000000e+000
    outer loop
      vertex  0.000000e+000  9.207733e+001 -8.213715e+001
      vertex  0.000000e+000  8.944157e+001 -8.234248e+001
      vertex  0.000000e+000  9.263359e+001 -8.417201e+001
    endloop
  endfacet
  facet normal  1.000000e+000  0.000000e+000  0.000000e+000
    outer loop
      vertex  0.000000e+000  9.263359e+001 -8.417201e+001
      vertex  0.000000e+000  8.944157e+001 -8.234248e+001
      vertex  0.000000e+000  9.030930e+001 -8.308022e+001
    endloop
  endfacet
  facet normal  1.000000e+000  0.000000e+000  0.000000e+000
    outer loop
      vertex  0.000000e+000  9.263359e+001 -8.417201e+001
      vertex  0.000000e+000  9.030930e+001 -8.308022e+001
      vertex  0.000000e+000  9.063359e+001 -8.417201e+001
    endloop
  endfacet
  facet normal  1.000000e+000  0.000000e+000  0.000000e+000
    outer loop
      vertex  0.000000e+000  9.060753e+001 -8.449386e+001
      vertex  0.000000e+000  9.263175e+001 -8.429327e+001
      vertex  0.000000e+000  9.063359e+001 -8.417201e+001
    endloop
  endfacet
  facet normal  9.999999e-001  -0.000000e+000  0.000000e+000
    outer loop
      vertex  0.000000e+000  9.063359e+001 -8.417201e+001
      vertex  0.000000e+000  9.263175e+001 -8.429327e+001
      vertex  0.000000e+000  9.263359e+001 -8.417201e+001
    endloop
  endfacet
  facet normal  0.000000e+000 -1.000000e+000  0.000000e+000
    outer loop
      vertex -8.063093e+000  1.202858e+002 -1.180617e+002
      vertex -4.193690e+001  1.202858e+002 -1.180617e+002
      vertex -8.862631e+000  1.202858e+002 -1.203434e+002
    endloop
  endfacet
  facet normal  0.000000e+000 -1.000000e+000  0.000000e+000
    outer loop
      vertex -8.862631e+000  1.202858e+002 -1.203434e+002
      vertex -4.193690e+001  1.202858e+002 -1.180617e+002
      vertex -4.113737e+001  1.202858e+002 -1.203434e+002
    endloop
  endfacet
  facet normal  0.000000e+000 -6.854724e-001 -7.280986e-001
    outer loop
      vertex -1.022450e+001  1.256334e+002 -1.253779e+002
      vertex -1.022450e+001  1.222877e+002 -1.222281e+002
      vertex -3.977550e+001  1.256334e+002 -1.253779e+002
    endloop
  endfacet
  facet normal  0.000000e+000 -6.854732e-001 -7.280979e-001
    outer loop
      vertex -8.862631e+000  1.202858e+002 -1.203434e+002
      vertex -4.113737e+001  1.202858e+002 -1.203434e+002
      vertex -3.977550e+001  1.222877e+002 -1.222281e+002
    endloop
  endfacet
  facet normal  9.399342e-008 -6.854724e-001 -7.280985e-001
    outer loop
      vertex -8.862631e+000  1.202858e+002 -1.203434e+002
      vertex -3.977550e+001  1.222877e+002 -1.222281e+002
      vertex -3.977550e+001  1.256334e+002 -1.253779e+002
    endloop
  endfacet
  facet normal -1.780387e-007 -6.854733e-001 -7.280977e-001
    outer loop
      vertex -8.862631e+000  1.202858e+002 -1.203434e+002
      vertex -3.977550e+001  1.256334e+002 -1.253779e+002
      vertex -1.022450e+001  1.222877e+002 -1.222281e+002
    endloop
  endfacet
  facet normal  -0.000000e+000 -6.047588e-002 -9.981697e-001
    outer loop
      vertex -3.977550e+001  1.291749e+002 -1.299944e+002
      vertex -1.022450e+001  1.291749e+002 -1.299944e+002
      vertex -3.977550e+001  1.273769e+002 -1.298855e+002
    endloop
  endfacet
  facet normal  0.000000e+000 -6.047588e-002 -9.981697e-001
    outer loop
      vertex -3.977550e+001  1.273769e+002 -1.298855e+002
      vertex -1.022450e+001  1.291749e+002 -1.299944e+002
      vertex -1.022450e+001  1.273769e+002 -1.298855e+002
    endloop
  endfacet
  facet normal  -0.000000e+000 -5.900434e-001 -8.073716e-001
    outer loop
      vertex -3.977550e+001  1.273769e+002 -1.298855e+002
      vertex -1.022450e+001  1.273769e+002 -1.298855e+002
      vertex -3.977550e+001  1.259226e+002 -1.288226e+002
    endloop
  endfacet
  facet normal  0.000000e+000 -5.900434e-001 -8.073716e-001
    outer loop
      vertex -3.977550e+001  1.259226e+002 -1.288226e+002
      vertex -1.022450e+001  1.273769e+002 -1.298855e+002
      vertex -1.022450e+001  1.259226e+002 -1.288226e+002
    endloop
  endfacet
  facet normal  -0.000000e+000 -9.326605e-001 -3.607555e-001
    outer loop
      vertex -3.977550e+001  1.259226e+002 -1.288226e+002
      vertex -1.022450e+001  1.259226e+002 -1.288226e+002
      vertex -3.977550e+001  1.252728e+002 -1.271427e+002
    endloop
  endfacet
  facet normal  0.000000e+000 -9.326605e-001 -3.607555e-001
    outer loop
      vertex -3.977550e+001  1.252728e+002 -1.271427e+002
      vertex -1.022450e+001  1.259226e+002 -1.288226e+002
      vertex -1.022450e+001  1.252728e+002 -1.271427e+002
    endloop
  endfacet
  facet normal  0.000000e+000 -9.797630e-001  2.001611e-001
    outer loop
      vertex -3.977550e+001  1.252728e+002 -1.271427e+002
      vertex -1.022450e+001  1.252728e+002 -1.271427e+002
      vertex -3.977550e+001  1.256334e+002 -1.253779e+002
    endloop
  endfacet
  facet normal  0.000000e+000 -9.797630e-001  2.001611e-001
    outer loop
      vertex -3.977550e+001  1.256334e+002 -1.253779e+002
      vertex -1.022450e+001  1.252728e+002 -1.271427e+002
      vertex -1.022450e+001  1.256334e+002 -1.253779e+002
    endloop
  endfacet
  facet normal  0.000000e+000  3.216968e-001 -9.468427e-001
    outer loop
      vertex -1.022450e+001  1.291749e+002 -1.299944e+002
      vertex -3.977550e+001  1.291749e+002 -1.299944e+002
      vertex -1.022450e+001  1.297964e+002 -1.297832e+002
    endloop
  endfacet
  facet normal  0.000000e+000  3.216968e-001 -9.468427e-001
    outer loop
      vertex -1.022450e+001  1.297964e+002 -1.297832e+002
      vertex -3.977550e+001  1.291749e+002 -1.299944e+002
      vertex -3.977550e+001  1.297964e+002 -1.297832e+002
    endloop
  endfacet
  facet normal  0.000000e+000  8.660334e-001  4.999861e-001
    outer loop
      vertex -3.977550e+001  1.307244e+002 -1.246122e+002
      vertex -1.022450e+001  1.307244e+002 -1.246122e+002
      vertex -3.977550e+001  1.315526e+002 -1.260468e+002
    endloop
  endfacet
  facet normal  -0.000000e+000  8.660334e-001  4.999861e-001
    outer loop
      vertex -3.977550e+001  1.315526e+002 -1.260468e+002
      vertex -1.022450e+001  1.307244e+002 -1.246122e+002
      vertex -1.022450e+001  1.315526e+002 -1.260468e+002
    endloop
  endfacet
  facet normal  0.000000e+000  1.000000e+000 -1.842359e-005
    outer loop
      vertex -3.977550e+001  1.315526e+002 -1.260468e+002
      vertex -1.022450e+001  1.315526e+002 -1.260468e+002
      vertex -3.977550e+001  1.315526e+002 -1.277032e+002
    endloop
  endfacet
  facet normal  0.000000e+000  1.000000e+000 -1.842359e-005
    outer loop
      vertex -3.977550e+001  1.315526e+002 -1.277032e+002
      vertex -1.022450e+001  1.315526e+002 -1.260468e+002
      vertex -1.022450e+001  1.315526e+002 -1.277032e+002
    endloop
  endfacet
  facet normal  0.000000e+000  8.660157e-001 -5.000168e-001
    outer loop
      vertex -3.977550e+001  1.315526e+002 -1.277032e+002
      vertex -1.022450e+001  1.315526e+002 -1.277032e+002
      vertex -3.977550e+001  1.307243e+002 -1.291377e+002
    endloop
  endfacet
  facet normal  0.000000e+000  8.660157e-001 -5.000168e-001
    outer loop
      vertex -3.977550e+001  1.307243e+002 -1.291377e+002
      vertex -1.022450e+001  1.315526e+002 -1.277032e+002
      vertex -1.022450e+001  1.307243e+002 -1.291377e+002
    endloop
  endfacet
  facet normal  0.000000e+000  5.710890e-001 -8.208882e-001
    outer loop
      vertex -3.977550e+001  1.307243e+002 -1.291377e+002
      vertex -1.022450e+001  1.307243e+002 -1.291377e+002
      vertex -3.977550e+001  1.297964e+002 -1.297832e+002
    endloop
  endfacet
  facet normal  0.000000e+000  5.710890e-001 -8.208882e-001
    outer loop
      vertex -3.977550e+001  1.297964e+002 -1.297832e+002
      vertex -1.022450e+001  1.307243e+002 -1.291377e+002
      vertex -1.022450e+001  1.297964e+002 -1.297832e+002
    endloop
  endfacet
  facet normal  0.000000e+000 -3.826822e-001  9.238800e-001
    outer loop
      vertex -3.977550e+001  1.284616e+002 -1.288749e+002
      vertex -1.022450e+001  1.298758e+002 -1.282891e+002
      vertex -3.977550e+001  1.298758e+002 -1.282891e+002
    endloop
  endfacet
  facet normal  0.000000e+000 -9.238793e-001  3.826840e-001
    outer loop
      vertex -3.977550e+001  1.298758e+002 -1.282891e+002
      vertex -1.022450e+001  1.298758e+002 -1.282891e+002
      vertex -1.022450e+001  1.304616e+002 -1.268749e+002
    endloop
  endfacet
  facet normal  0.000000e+000 -9.238793e-001  3.826840e-001
    outer loop
      vertex -3.977550e+001  1.298758e+002 -1.282891e+002
      vertex -1.022450e+001  1.304616e+002 -1.268749e+002
      vertex -3.977550e+001  1.304616e+002 -1.268749e+002
    endloop
  endfacet
  facet normal  0.000000e+000 -3.826822e-001  9.238800e-001
    outer loop
      vertex -1.022450e+001  1.298758e+002 -1.282891e+002
      vertex -3.977550e+001  1.284616e+002 -1.288749e+002
      vertex -1.022450e+001  1.284616e+002 -1.288749e+002
    endloop
  endfacet
  facet normal  0.000000e+000  3.826840e-001  9.238793e-001
    outer loop
      vertex -1.022450e+001  1.284616e+002 -1.288749e+002
      vertex -3.977550e+001  1.284616e+002 -1.288749e+002
      vertex -3.977550e+001  1.270474e+002 -1.282891e+002
    endloop
  endfacet
  facet normal  -0.000000e+000  3.826840e-001  9.238793e-001
    outer loop
      vertex -1.022450e+001  1.284616e+002 -1.288749e+002
      vertex -3.977550e+001  1.270474e+002 -1.282891e+002
      vertex -1.022450e+001  1.270474e+002 -1.282891e+002
    endloop
  endfacet
  facet normal  0.000000e+000  9.238793e-001  3.826840e-001
    outer loop
      vertex -1.022450e+001  1.270474e+002 -1.282891e+002
      vertex -3.977550e+001  1.270474e+002 -1.282891e+002
      vertex -3.977550e+001  1.264616e+002 -1.268749e+002
    endloop
  endfacet
  facet normal  -0.000000e+000  9.238793e-001  3.826840e-001
    outer loop
      vertex -1.022450e+001  1.270474e+002 -1.282891e+002
      vertex -3.977550e+001  1.264616e+002 -1.268749e+002
      vertex -1.022450e+001  1.264616e+002 -1.268749e+002
    endloop
  endfacet
  facet normal  0.000000e+000  3.826840e-001 -9.238793e-001
    outer loop
      vertex -3.977550e+001  1.284616e+002 -1.248749e+002
      vertex -1.022450e+001  1.270474e+002 -1.254607e+002
      vertex -3.977550e+001  1.270474e+002 -1.254607e+002
    endloop
  endfacet
  facet normal  0.000000e+000  9.238800e-001 -3.826822e-001
    outer loop
      vertex -3.977550e+001  1.270474e+002 -1.254607e+002
      vertex -1.022450e+001  1.270474e+002 -1.254607e+002
      vertex -1.022450e+001  1.264616e+002 -1.268749e+002
    endloop
  endfacet
  facet normal  0.000000e+000  9.238800e-001 -3.826822e-001
    outer loop
      vertex -3.977550e+001  1.270474e+002 -1.254607e+002
      vertex -1.022450e+001  1.264616e+002 -1.268749e+002
      vertex -3.977550e+001  1.264616e+002 -1.268749e+002
    endloop
  endfacet
  facet normal  0.000000e+000  3.826840e-001 -9.238793e-001
    outer loop
      vertex -1.022450e+001  1.270474e+002 -1.254607e+002
      vertex -3.977550e+001  1.284616e+002 -1.248749e+002
      vertex -1.022450e+001  1.284616e+002 -1.248749e+002
    endloop
  endfacet
  facet normal  -0.000000e+000 -3.826822e-001 -9.238800e-001
    outer loop
      vertex -1.022450e+001  1.284616e+002 -1.248749e+002
      vertex -3.977550e+001  1.284616e+002 -1.248749e+002
      vertex -3.977550e+001  1.298758e+002 -1.254607e+002
    endloop
  endfacet
  facet normal  0.000000e+000 -3.826822e-001 -9.238800e-001
    outer loop
      vertex -1.022450e+001  1.284616e+002 -1.248749e+002
      vertex -3.977550e+001  1.298758e+002 -1.254607e+002
      vertex -1.022450e+001  1.298758e+002 -1.254607e+002
    endloop
  endfacet
  facet normal  -0.000000e+000 -9.238800e-001 -3.826822e-001
    outer loop
      vertex -1.022450e+001  1.298758e+002 -1.254607e+002
      vertex -3.977550e+001  1.298758e+002 -1.254607e+002
      vertex -3.977550e+001  1.304616e+002 -1.268749e+002
    endloop
  endfacet
  facet normal  0.000000e+000 -9.238800e-001 -3.826822e-001
    outer loop
      vertex -1.022450e+001  1.298758e+002 -1.254607e+002
      vertex -3.977550e+001  1.304616e+002 -1.268749e+002
      vertex -1.022450e+001  1.304616e+002 -1.268749e+002
    endloop
  endfacet
  facet normal -8.960178e-001  3.139622e-001 -3.139740e-001
    outer loop
      vertex -3.977550e+001  1.222877e+002 -1.222281e+002
      vertex -4.113737e+001  1.202858e+002 -1.203434e+002
      vertex -3.977550e+001  1.253141e+002 -1.192018e+002
    endloop
  endfacet
  facet normal -8.960186e-001  3.139620e-001 -3.139720e-001
    outer loop
      vertex -3.977550e+001  1.253141e+002 -1.192018e+002
      vertex -4.113737e+001  1.202858e+002 -1.203434e+002
      vertex -4.193690e+001  1.202858e+002 -1.180617e+002
    endloop
  endfacet
  facet normal -8.960181e-001  3.139612e-001 -3.139744e-001
    outer loop
      vertex -3.977550e+001  1.253141e+002 -1.192018e+002
      vertex -4.193690e+001  1.202858e+002 -1.180617e+002
      vertex -5.000000e+001  1.107248e+002 -1.046119e+002
    endloop
  endfacet
  facet normal -8.960181e-001  3.139619e-001 -3.139739e-001
    outer loop
      vertex -5.000000e+001  1.107248e+002 -1.046119e+002
      vertex -4.193690e+001  1.202858e+002 -1.180617e+002
      vertex -5.000000e+001  1.087380e+002 -1.065986e+002
    endloop
  endfacet
  facet normal -1.000000e+000  0.000000e+000  0.000000e+000
    outer loop
      vertex -3.977550e+001  1.222877e+002 -1.222281e+002
      vertex -3.977550e+001  1.298758e+002 -1.254607e+002
      vertex -3.977550e+001  1.284616e+002 -1.248749e+002
    endloop
  endfacet
  facet normal -1.000000e+000  0.000000e+000  0.000000e+000
    outer loop
      vertex -3.977550e+001  1.256334e+002 -1.253779e+002
      vertex -3.977550e+001  1.222877e+002 -1.222281e+002
      vertex -3.977550e+001  1.284616e+002 -1.248749e+002
    endloop
  endfacet
  facet normal -1.000000e+000  0.000000e+000  0.000000e+000
    outer loop
      vertex -3.977550e+001  1.256334e+002 -1.253779e+002
      vertex -3.977550e+001  1.284616e+002 -1.248749e+002
      vertex -3.977550e+001  1.270474e+002 -1.254607e+002
    endloop
  endfacet
  facet normal -1.000000e+000  -0.000000e+000  0.000000e+000
    outer loop
      vertex -3.977550e+001  1.256334e+002 -1.253779e+002
      vertex -3.977550e+001  1.270474e+002 -1.254607e+002
      vertex -3.977550e+001  1.264616e+002 -1.268749e+002
    endloop
  endfacet
  facet normal -1.000000e+000  -0.000000e+000  -0.000000e+000
    outer loop
      vertex -3.977550e+001  1.256334e+002 -1.253779e+002
      vertex -3.977550e+001  1.264616e+002 -1.268749e+002
      vertex -3.977550e+001  1.270474e+002 -1.282891e+002
    endloop
  endfacet
  facet normal -1.000000e+000  0.000000e+000  0.000000e+000
    outer loop
      vertex -3.977550e+001  1.256334e+002 -1.253779e+002
      vertex -3.977550e+001  1.270474e+002 -1.282891e+002
      vertex -3.977550e+001  1.252728e+002 -1.271427e+002
    endloop
  endfacet
  facet normal -1.000000e+000  0.000000e+000  0.000000e+000
    outer loop
      vertex -3.977550e+001  1.259226e+002 -1.288226e+002
      vertex -3.977550e+001  1.252728e+002 -1.271427e+002
      vertex -3.977550e+001  1.273769e+002 -1.298855e+002
    endloop
  endfacet
  facet normal -1.000000e+000  0.000000e+000  0.000000e+000
    outer loop
      vertex -3.977550e+001  1.273769e+002 -1.298855e+002
      vertex -3.977550e+001  1.252728e+002 -1.271427e+002
      vertex -3.977550e+001  1.270474e+002 -1.282891e+002
    endloop
  endfacet
  facet normal -1.000000e+000  0.000000e+000  0.000000e+000
    outer loop
      vertex -3.977550e+001  1.273769e+002 -1.298855e+002
      vertex -3.977550e+001  1.270474e+002 -1.282891e+002
      vertex -3.977550e+001  1.291749e+002 -1.299944e+002
    endloop
  endfacet
  facet normal -1.000000e+000  0.000000e+000  0.000000e+000
    outer loop
      vertex -3.977550e+001  1.291749e+002 -1.299944e+002
      vertex -3.977550e+001  1.270474e+002 -1.282891e+002
      vertex -3.977550e+001  1.284616e+002 -1.288749e+002
    endloop
  endfacet
  facet normal -1.000000e+000  0.000000e+000  0.000000e+000
    outer loop
      vertex -3.977550e+001  1.291749e+002 -1.299944e+002
      vertex -3.977550e+001  1.284616e+002 -1.288749e+002
      vertex -3.977550e+001  1.297964e+002 -1.297832e+002
    endloop
  endfacet
  facet normal -1.000000e+000  0.000000e+000  0.000000e+000
    outer loop
      vertex -3.977550e+001  1.297964e+002 -1.297832e+002
      vertex -3.977550e+001  1.284616e+002 -1.288749e+002
      vertex -3.977550e+001  1.298758e+002 -1.282891e+002
    endloop
  endfacet
  facet normal -1.000000e+000  0.000000e+000  -0.000000e+000
    outer loop
      vertex -3.977550e+001  1.297964e+002 -1.297832e+002
      vertex -3.977550e+001  1.298758e+002 -1.282891e+002
      vertex -3.977550e+001  1.307243e+002 -1.291377e+002
    endloop
  endfacet
  facet normal -1.000000e+000  0.000000e+000  -0.000000e+000
    outer loop
      vertex -3.977550e+001  1.222877e+002 -1.222281e+002
      vertex -3.977550e+001  1.253141e+002 -1.192018e+002
      vertex -3.977550e+001  1.298758e+002 -1.254607e+002
    endloop
  endfacet
  facet normal -1.000000e+000  0.000000e+000  0.000000e+000
    outer loop
      vertex -3.977550e+001  1.298758e+002 -1.254607e+002
      vertex -3.977550e+001  1.253141e+002 -1.192018e+002
      vertex -3.977550e+001  1.307244e+002 -1.246122e+002
    endloop
  endfacet
  facet normal -1.000000e+000  0.000000e+000  -0.000000e+000
    outer loop
      vertex -3.977550e+001  1.298758e+002 -1.254607e+002
      vertex -3.977550e+001  1.307244e+002 -1.246122e+002
      vertex -3.977550e+001  1.315526e+002 -1.260468e+002
    endloop
  endfacet
  facet normal -1.000000e+000  0.000000e+000  0.000000e+000
    outer loop
      vertex -3.977550e+001  1.307243e+002 -1.291377e+002
      vertex -3.977550e+001  1.298758e+002 -1.282891e+002
      vertex -3.977550e+001  1.315526e+002 -1.277032e+002
    endloop
  endfacet
  facet normal -1.000000e+000  -0.000000e+000  0.000000e+000
    outer loop
      vertex -3.977550e+001  1.315526e+002 -1.277032e+002
      vertex -3.977550e+001  1.298758e+002 -1.282891e+002
      vertex -3.977550e+001  1.304616e+002 -1.268749e+002
    endloop
  endfacet
  facet normal -1.000000e+000  0.000000e+000  0.000000e+000
    outer loop
      vertex -3.977550e+001  1.315526e+002 -1.277032e+002
      vertex -3.977550e+001  1.304616e+002 -1.268749e+002
      vertex -3.977550e+001  1.315526e+002 -1.260468e+002
    endloop
  endfacet
  facet normal -1.000000e+000  -0.000000e+000  0.000000e+000
    outer loop
      vertex -3.977550e+001  1.315526e+002 -1.260468e+002
      vertex -3.977550e+001  1.304616e+002 -1.268749e+002
      vertex -3.977550e+001  1.298758e+002 -1.254607e+002
    endloop
  endfacet
  facet normal  1.000000e+000  0.000000e+000  0.000000e+000
    outer loop
      vertex -1.022450e+001  1.284616e+002 -1.248749e+002
      vertex -1.022450e+001  1.298758e+002 -1.254607e+002
      vertex -1.022450e+001  1.222877e+002 -1.222281e+002
    endloop
  endfacet
  facet normal  1.000000e+000  -0.000000e+000  0.000000e+000
    outer loop
      vertex -1.022450e+001  1.256334e+002 -1.253779e+002
      vertex -1.022450e+001  1.252728e+002 -1.271427e+002
      vertex -1.022450e+001  1.270474e+002 -1.282891e+002
    endloop
  endfacet
  facet normal  1.000000e+000  0.000000e+000  0.000000e+000
    outer loop
      vertex -1.022450e+001  1.256334e+002 -1.253779e+002
      vertex -1.022450e+001  1.270474e+002 -1.282891e+002
      vertex -1.022450e+001  1.264616e+002 -1.268749e+002
    endloop
  endfacet
  facet normal  1.000000e+000  0.000000e+000  -0.000000e+000
    outer loop
      vertex -1.022450e+001  1.256334e+002 -1.253779e+002
      vertex -1.022450e+001  1.264616e+002 -1.268749e+002
      vertex -1.022450e+001  1.270474e+002 -1.254607e+002
    endloop
  endfacet
  facet normal  1.000000e+000  0.000000e+000  -0.000000e+000
    outer loop
      vertex -1.022450e+001  1.256334e+002 -1.253779e+002
      vertex -1.022450e+001  1.270474e+002 -1.254607e+002
      vertex -1.022450e+001  1.284616e+002 -1.248749e+002
    endloop
  endfacet
  facet normal  1.000000e+000  0.000000e+000  0.000000e+000
    outer loop
      vertex -1.022450e+001  1.256334e+002 -1.253779e+002
      vertex -1.022450e+001  1.284616e+002 -1.248749e+002
      vertex -1.022450e+001  1.222877e+002 -1.222281e+002
    endloop
  endfacet
  facet normal  1.000000e+000  0.000000e+000  0.000000e+000
    outer loop
      vertex -1.022450e+001  1.307243e+002 -1.291377e+002
      vertex -1.022450e+001  1.298758e+002 -1.282891e+002
      vertex -1.022450e+001  1.297964e+002 -1.297832e+002
    endloop
  endfacet
  facet normal  1.000000e+000  0.000000e+000  -0.000000e+000
    outer loop
      vertex -1.022450e+001  1.297964e+002 -1.297832e+002
      vertex -1.022450e+001  1.298758e+002 -1.282891e+002
      vertex -1.022450e+001  1.284616e+002 -1.288749e+002
    endloop
  endfacet
  facet normal  1.000000e+000  0.000000e+000  0.000000e+000
    outer loop
      vertex -1.022450e+001  1.297964e+002 -1.297832e+002
      vertex -1.022450e+001  1.284616e+002 -1.288749e+002
      vertex -1.022450e+001  1.291749e+002 -1.299944e+002
    endloop
  endfacet
  facet normal  1.000000e+000  0.000000e+000  0.000000e+000
    outer loop
      vertex -1.022450e+001  1.291749e+002 -1.299944e+002
      vertex -1.022450e+001  1.284616e+002 -1.288749e+002
      vertex -1.022450e+001  1.270474e+002 -1.282891e+002
    endloop
  endfacet
  facet normal  1.000000e+000  0.000000e+000  0.000000e+000
    outer loop
      vertex -1.022450e+001  1.291749e+002 -1.299944e+002
      vertex -1.022450e+001  1.270474e+002 -1.282891e+002
      vertex -1.022450e+001  1.273769e+002 -1.298855e+002
    endloop
  endfacet
  facet normal  1.000000e+000  0.000000e+000  0.000000e+000
    outer loop
      vertex -1.022450e+001  1.273769e+002 -1.298855e+002
      vertex -1.022450e+001  1.270474e+002 -1.282891e+002
      vertex -1.022450e+001  1.252728e+002 -1.271427e+002
    endloop
  endfacet
  facet normal  1.000000e+000  0.000000e+000  0.000000e+000
    outer loop
      vertex -1.022450e+001  1.273769e+002 -1.298855e+002
      vertex -1.022450e+001  1.252728e+002 -1.271427e+002
      vertex -1.022450e+001  1.259226e+002 -1.288226e+002
    endloop
  endfacet
  facet normal  1.000000e+000  0.000000e+000  0.000000e+000
    outer loop
      vertex -1.022450e+001  1.315526e+002 -1.260468e+002
      vertex -1.022450e+001  1.307244e+002 -1.246122e+002
      vertex -1.022450e+001  1.298758e+002 -1.254607e+002
    endloop
  endfacet
  facet normal  1.000000e+000  0.000000e+000  -0.000000e+000
    outer loop
      vertex -1.022450e+001  1.298758e+002 -1.254607e+002
      vertex -1.022450e+001  1.307244e+002 -1.246122e+002
      vertex -1.022450e+001  1.253141e+002 -1.192018e+002
    endloop
  endfacet
  facet normal  1.000000e+000  0.000000e+000  0.000000e+000
    outer loop
      vertex -1.022450e+001  1.298758e+002 -1.254607e+002
      vertex -1.022450e+001  1.253141e+002 -1.192018e+002
      vertex -1.022450e+001  1.222877e+002 -1.222281e+002
    endloop
  endfacet
  facet normal  1.000000e+000  0.000000e+000  0.000000e+000
    outer loop
      vertex -1.022450e+001  1.307243e+002 -1.291377e+002
      vertex -1.022450e+001  1.315526e+002 -1.277032e+002
      vertex -1.022450e+001  1.298758e+002 -1.282891e+002
    endloop
  endfacet
  facet normal  1.000000e+000  0.000000e+000  0.000000e+000
    outer loop
      vertex -1.022450e+001  1.298758e+002 -1.282891e+002
      vertex -1.022450e+001  1.315526e+002 -1.277032e+002
      vertex -1.022450e+001  1.304616e+002 -1.268749e+002
    endloop
  endfacet
  facet normal  1.000000e+000  0.000000e+000  0.000000e+000
    outer loop
      vertex -1.022450e+001  1.315526e+002 -1.277032e+002
      vertex -1.022450e+001  1.315526e+002 -1.260468e+002
      vertex -1.022450e+001  1.304616e+002 -1.268749e+002
    endloop
  endfacet
  facet normal  1.000000e+000  0.000000e+000  -0.000000e+000
    outer loop
      vertex -1.022450e+001  1.304616e+002 -1.268749e+002
      vertex -1.022450e+001  1.315526e+002 -1.260468e+002
      vertex -1.022450e+001  1.298758e+002 -1.254607e+002
    endloop
  endfacet
  facet normal  8.960181e-001  3.139618e-001 -3.139737e-001
    outer loop
      vertex -1.022450e+001  1.222877e+002 -1.222281e+002
      vertex -1.022450e+001  1.253141e+002 -1.192018e+002
      vertex -8.862631e+000  1.202858e+002 -1.203434e+002
    endloop
  endfacet
  facet normal  8.960183e-001  3.139618e-001 -3.139734e-001
    outer loop
      vertex -8.862631e+000  1.202858e+002 -1.203434e+002
      vertex -1.022450e+001  1.253141e+002 -1.192018e+002
      vertex -8.063093e+000  1.202858e+002 -1.180617e+002
    endloop
  endfacet
  facet normal  8.960182e-001  3.139616e-001 -3.139740e-001
    outer loop
      vertex -1.022450e+001  1.253141e+002 -1.192018e+002
      vertex  0.000000e+000  1.107248e+002 -1.046119e+002
      vertex -8.063093e+000  1.202858e+002 -1.180617e+002
    endloop
  endfacet
  facet normal  8.960181e-001  3.139618e-001 -3.139739e-001
    outer loop
      vertex -8.063093e+000  1.202858e+002 -1.180617e+002
      vertex  0.000000e+000  1.107248e+002 -1.046119e+002
      vertex  0.000000e+000  1.087380e+002 -1.065986e+002
    endloop
  endfacet
  facet normal  0.000000e+000  1.000000e+000  0.000000e+000
    outer loop
      vertex -2.462384e+001  1.707611e+001 -1.095970e+001
      vertex -1.241472e+001  1.707611e+001 -1.095970e+001
      vertex -2.462384e+001  1.707611e+001 -1.560997e+001
    endloop
  endfacet
  facet normal  0.000000e+000  1.000000e+000  0.000000e+000
    outer loop
      vertex -2.462384e+001  1.707611e+001 -1.560997e+001
      vertex -1.241472e+001  1.707611e+001 -1.095970e+001
      vertex -1.241472e+001  1.707611e+001 -1.560997e+001
    endloop
  endfacet
  facet normal -7.428603e-001  6.694463e-001  0.000000e+000
    outer loop
      vertex -1.241472e+001  1.707611e+001 -1.560997e+001
      vertex -1.241472e+001  1.707611e+001 -1.095970e+001
      vertex -4.614441e+000  2.573180e+001 -2.420208e+001
    endloop
  endfacet
  facet normal -7.428603e-001  6.694463e-001  0.000000e+000
    outer loop
      vertex -4.614441e+000  2.573180e+001 -2.420208e+001
      vertex -1.241472e+001  1.707611e+001 -1.095970e+001
      vertex -4.614441e+000  2.573180e+001 -1.961571e+001
    endloop
  endfacet
  facet normal  0.000000e+000 -1.000000e+000  0.000000e+000
    outer loop
      vertex -3.411689e+001  1.202538e+002 -1.141413e+002
      vertex -3.411689e+001  1.202538e+002 -1.180299e+002
      vertex -1.513079e+001  1.202538e+002 -1.141413e+002
    endloop
  endfacet
  facet normal  0.000000e+000 -1.000000e+000  -0.000000e+000
    outer loop
      vertex -1.513079e+001  1.202538e+002 -1.141413e+002
      vertex -3.411689e+001  1.202538e+002 -1.180299e+002
      vertex -1.513079e+001  1.202538e+002 -1.180299e+002
    endloop
  endfacet
  facet normal  7.428604e-001  6.694464e-001  0.000000e+000
    outer loop
      vertex -3.683296e+001  1.707611e+001 -1.560997e+001
      vertex -4.463324e+001  2.573180e+001 -2.420208e+001
      vertex -3.683296e+001  1.707611e+001 -1.095970e+001
    endloop
  endfacet
  facet normal  7.428603e-001  6.694463e-001  0.000000e+000
    outer loop
      vertex -3.683296e+001  1.707611e+001 -1.095970e+001
      vertex -4.463324e+001  2.573180e+001 -2.420208e+001
      vertex -4.463324e+001  2.573180e+001 -1.961571e+001
    endloop
  endfacet
  facet normal  0.000000e+000  1.000000e+000  0.000000e+000
    outer loop
      vertex -3.683296e+001  1.707611e+001 -1.095970e+001
      vertex -2.462384e+001  1.707611e+001 -1.095970e+001
      vertex -3.683296e+001  1.707611e+001 -1.560997e+001
    endloop
  endfacet
  facet normal  0.000000e+000  1.000000e+000  0.000000e+000
    outer loop
      vertex -3.683296e+001  1.707611e+001 -1.560997e+001
      vertex -2.462384e+001  1.707611e+001 -1.095970e+001
      vertex -2.462384e+001  1.707611e+001 -1.560997e+001
    endloop
  endfacet
  facet normal  -0.000000e+000 -2.652625e-001 -9.641763e-001
    outer loop
      vertex -5.000000e+001  3.000000e+000 -6.122653e+000
      vertex -4.000000e+001  3.000000e+000 -6.122653e+000
      vertex -5.000000e+001  1.464210e+000 -5.700129e+000
    endloop
  endfacet
  facet normal  0.000000e+000 -2.652625e-001 -9.641763e-001
    outer loop
      vertex -5.000000e+001  1.464210e+000 -5.700129e+000
      vertex -4.000000e+001  3.000000e+000 -6.122653e+000
      vertex -4.000000e+001  1.464210e+000 -5.700129e+000
    endloop
  endfacet
  facet normal  -0.000000e+000 -7.211273e-001 -6.928025e-001
    outer loop
      vertex -5.000000e+001  1.464210e+000 -5.700129e+000
      vertex -4.000000e+001  1.464210e+000 -5.700129e+000
      vertex -5.000000e+001  3.606776e-001 -4.551480e+000
    endloop
  endfacet
  facet normal  0.000000e+000 -7.211273e-001 -6.928025e-001
    outer loop
      vertex -5.000000e+001  3.606776e-001 -4.551480e+000
      vertex -4.000000e+001  1.464210e+000 -5.700129e+000
      vertex -4.000000e+001  3.606776e-001 -4.551480e+000
    endloop
  endfacet
  facet normal  -0.000000e+000 -9.740262e-001 -2.264351e-001
    outer loop
      vertex -5.000000e+001  3.606776e-001 -4.551480e+000
      vertex -4.000000e+001  3.606776e-001 -4.551480e+000
      vertex -5.000000e+001  0.000000e+000 -3.000000e+000
    endloop
  endfacet
  facet normal  8.651090e-017 -9.740262e-001 -2.264351e-001
    outer loop
      vertex -5.000000e+001  0.000000e+000 -3.000000e+000
      vertex -4.000000e+001  3.606776e-001 -4.551480e+000
      vertex -4.000000e+001  8.881784e-016 -3.000000e+000
    endloop
  endfacet
  facet normal  -0.000000e+000 -2.652625e-001 -9.641763e-001
    outer loop
      vertex -1.000000e+001  3.000000e+000 -6.122653e+000
      vertex  0.000000e+000  3.000000e+000 -6.122653e+000
      vertex -1.000000e+001  1.464210e+000 -5.700129e+000
    endloop
  endfacet
  facet normal  0.000000e+000 -2.652625e-001 -9.641763e-001
    outer loop
      vertex -1.000000e+001  1.464210e+000 -5.700129e+000
      vertex  0.000000e+000  3.000000e+000 -6.122653e+000
      vertex  0.000000e+000  1.464210e+000 -5.700129e+000
    endloop
  endfacet
  facet normal  -0.000000e+000 -7.211273e-001 -6.928025e-001
    outer loop
      vertex -1.000000e+001  1.464210e+000 -5.700129e+000
      vertex  0.000000e+000  1.464210e+000 -5.700129e+000
      vertex -1.000000e+001  3.606776e-001 -4.551480e+000
    endloop
  endfacet
  facet normal  0.000000e+000 -7.211273e-001 -6.928025e-001
    outer loop
      vertex -1.000000e+001  3.606776e-001 -4.551480e+000
      vertex  0.000000e+000  1.464210e+000 -5.700129e+000
      vertex  0.000000e+000  3.606776e-001 -4.551480e+000
    endloop
  endfacet
  facet normal  -0.000000e+000 -9.740262e-001 -2.264351e-001
    outer loop
      vertex -1.000000e+001  3.606776e-001 -4.551480e+000
      vertex  0.000000e+000  3.606776e-001 -4.551480e+000
      vertex -1.000000e+001  0.000000e+000 -3.000000e+000
    endloop
  endfacet
  facet normal  0.000000e+000 -9.740262e-001 -2.264351e-001
    outer loop
      vertex -1.000000e+001  0.000000e+000 -3.000000e+000
      vertex  0.000000e+000  3.606776e-001 -4.551480e+000
      vertex  0.000000e+000  0.000000e+000 -3.000000e+000
    endloop
  endfacet
  facet normal  0.000000e+000 -3.673519e-001 -9.300820e-001
    outer loop
      vertex -5.000000e+001  3.000000e+000 -6.122653e+000
      vertex -5.000000e+001  3.697963e+000 -6.398325e+000
      vertex -4.000000e+001  3.000000e+000 -6.122653e+000
    endloop
  endfacet
  facet normal  0.000000e+000 -3.673519e-001 -9.300820e-001
    outer loop
      vertex -4.000000e+001  3.000000e+000 -6.122653e+000
      vertex -5.000000e+001  3.697963e+000 -6.398325e+000
      vertex -4.000000e+001  3.697963e+000 -6.398325e+000
    endloop
  endfacet
  facet normal  0.000000e+000 -9.037631e-001 -4.280331e-001
    outer loop
      vertex -5.000000e+001  3.697963e+000 -6.398325e+000
      vertex -5.000000e+001  4.019172e+000 -7.076538e+000
      vertex -4.000000e+001  3.697963e+000 -6.398325e+000
    endloop
  endfacet
  facet normal  0.000000e+000 -9.037631e-001 -4.280331e-001
    outer loop
      vertex -4.000000e+001  3.697963e+000 -6.398325e+000
      vertex -5.000000e+001  4.019172e+000 -7.076538e+000
      vertex -4.000000e+001  4.019172e+000 -7.076538e+000
    endloop
  endfacet
  facet normal  0.000000e+000 -3.673519e-001 -9.300820e-001
    outer loop
      vertex -1.000000e+001  3.000000e+000 -6.122653e+000
      vertex -1.000000e+001  3.697963e+000 -6.398325e+000
      vertex  0.000000e+000  3.000000e+000 -6.122653e+000
    endloop
  endfacet
  facet normal  0.000000e+000 -3.673519e-001 -9.300820e-001
    outer loop
      vertex  0.000000e+000  3.000000e+000 -6.122653e+000
      vertex -1.000000e+001  3.697963e+000 -6.398325e+000
      vertex  0.000000e+000  3.697963e+000 -6.398325e+000
    endloop
  endfacet
  facet normal  0.000000e+000 -9.037631e-001 -4.280331e-001
    outer loop
      vertex -1.000000e+001  3.697963e+000 -6.398325e+000
      vertex -1.000000e+001  4.019172e+000 -7.076538e+000
      vertex  0.000000e+000  3.697963e+000 -6.398325e+000
    endloop
  endfacet
  facet normal  0.000000e+000 -9.037631e-001 -4.280331e-001
    outer loop
      vertex  0.000000e+000  3.697963e+000 -6.398325e+000
      vertex -1.000000e+001  4.019172e+000 -7.076538e+000
      vertex  0.000000e+000  4.019172e+000 -7.076538e+000
    endloop
  endfacet
  facet normal  0.000000e+000  0.000000e+000  9.999999e-001
    outer loop
      vertex -4.000000e+001  3.000000e+000  0.000000e+000
      vertex -4.000000e+001  6.116826e+000  0.000000e+000
      vertex -5.000000e+001  3.000000e+000  0.000000e+000
    endloop
  endfacet
  facet normal  0.000000e+000  0.000000e+000  9.999999e-001
    outer loop
      vertex -5.000000e+001  3.000000e+000  0.000000e+000
      vertex -4.000000e+001  6.116826e+000  0.000000e+000
      vertex -5.000000e+001  6.116826e+000  0.000000e+000
    endloop
  endfacet
  facet normal  0.000000e+000  0.000000e+000  9.999999e-001
    outer loop
      vertex  0.000000e+000  3.000000e+000  0.000000e+000
      vertex  0.000000e+000  6.116826e+000  0.000000e+000
      vertex -1.000000e+001  3.000000e+000  0.000000e+000
    endloop
  endfacet
  facet normal  0.000000e+000  0.000000e+000  9.999999e-001
    outer loop
      vertex -1.000000e+001  3.000000e+000  0.000000e+000
      vertex  0.000000e+000  6.116826e+000  0.000000e+000
      vertex -1.000000e+001  6.116826e+000  0.000000e+000
    endloop
  endfacet
  facet normal  -0.000000e+000 -7.071200e-001 -7.070935e-001
    outer loop
      vertex -5.000000e+001  9.985382e+000 -1.304297e+001
      vertex -4.000000e+001  4.019172e+000 -7.076538e+000
      vertex -5.000000e+001  4.019172e+000 -7.076538e+000
    endloop
  endfacet
  facet normal  0.000000e+000 -7.071199e-001 -7.070937e-001
    outer loop
      vertex -4.000000e+001  4.019172e+000 -7.076538e+000
      vertex -5.000000e+001  9.985382e+000 -1.304297e+001
      vertex -4.000000e+001  4.656234e+000 -7.713624e+000
    endloop
  endfacet
  facet normal  0.000000e+000 -7.071200e-001 -7.070936e-001
    outer loop
      vertex -4.000000e+001  4.656234e+000 -7.713624e+000
      vertex -5.000000e+001  9.985382e+000 -1.304297e+001
      vertex  0.000000e+000  9.985382e+000 -1.304297e+001
    endloop
  endfacet
  facet normal  0.000000e+000 -7.071200e-001 -7.070936e-001
    outer loop
      vertex -4.000000e+001  4.656234e+000 -7.713624e+000
      vertex  0.000000e+000  9.985382e+000 -1.304297e+001
      vertex -1.000000e+001  4.656234e+000 -7.713624e+000
    endloop
  endfacet
  facet normal  0.000000e+000 -7.071200e-001 -7.070935e-001
    outer loop
      vertex -1.000000e+001  4.656234e+000 -7.713624e+000
      vertex  0.000000e+000  9.985382e+000 -1.304297e+001
      vertex  0.000000e+000  4.019172e+000 -7.076538e+000
    endloop
  endfacet
  facet normal  -0.000000e+000 -7.071201e-001 -7.070936e-001
    outer loop
      vertex -1.000000e+001  4.656234e+000 -7.713624e+000
      vertex  0.000000e+000  4.019172e+000 -7.076538e+000
      vertex -1.000000e+001  4.019172e+000 -7.076538e+000
    endloop
  endfacet
  facet normal  0.000000e+000 -3.826833e-001  9.238795e-001
    outer loop
      vertex -5.000000e+001  3.000000e+000 -5.000000e+000
      vertex -4.000000e+001  4.414214e+000 -4.414214e+000
      vertex -5.000000e+001  4.414214e+000 -4.414214e+000
    endloop
  endfacet
  facet normal  0.000000e+000 -9.238795e-001  3.826833e-001
    outer loop
      vertex -5.000000e+001  4.414214e+000 -4.414214e+000
      vertex -4.000000e+001  4.414214e+000 -4.414214e+000
      vertex -4.000000e+001  5.000000e+000 -3.000000e+000
    endloop
  endfacet
  facet normal  0.000000e+000 -9.238795e-001  3.826833e-001
    outer loop
      vertex -5.000000e+001  4.414214e+000 -4.414214e+000
      vertex -4.000000e+001  5.000000e+000 -3.000000e+000
      vertex -5.000000e+001  5.000000e+000 -3.000000e+000
    endloop
  endfacet
  facet normal  0.000000e+000 -3.826833e-001  9.238795e-001
    outer loop
      vertex -4.000000e+001  4.414214e+000 -4.414214e+000
      vertex -5.000000e+001  3.000000e+000 -5.000000e+000
      vertex -4.000000e+001  3.000000e+000 -5.000000e+000
    endloop
  endfacet
  facet normal  0.000000e+000  3.826834e-001  9.238796e-001
    outer loop
      vertex -4.000000e+001  3.000000e+000 -5.000000e+000
      vertex -5.000000e+001  3.000000e+000 -5.000000e+000
      vertex -5.000000e+001  1.585786e+000 -4.414214e+000
    endloop
  endfacet
  facet normal  -0.000000e+000  3.826834e-001  9.238796e-001
    outer loop
      vertex -4.000000e+001  3.000000e+000 -5.000000e+000
      vertex -5.000000e+001  1.585786e+000 -4.414214e+000
      vertex -4.000000e+001  1.585786e+000 -4.414214e+000
    endloop
  endfacet
  facet normal  0.000000e+000  9.238795e-001  3.826834e-001
    outer loop
      vertex -4.000000e+001  1.585786e+000 -4.414214e+000
      vertex -5.000000e+001  1.585786e+000 -4.414214e+000
      vertex -5.000000e+001  1.000000e+000 -3.000000e+000
    endloop
  endfacet
  facet normal  -0.000000e+000  9.238795e-001  3.826834e-001
    outer loop
      vertex -4.000000e+001  1.585786e+000 -4.414214e+000
      vertex -5.000000e+001  1.000000e+000 -3.000000e+000
      vertex -4.000000e+001  1.000000e+000 -3.000000e+000
    endloop
  endfacet
  facet normal  0.000000e+000 -3.826833e-001  9.238795e-001
    outer loop
      vertex -1.000000e+001  3.000000e+000 -5.000000e+000
      vertex  0.000000e+000  4.414214e+000 -4.414214e+000
      vertex -1.000000e+001  4.414214e+000 -4.414214e+000
    endloop
  endfacet
  facet normal  0.000000e+000 -9.238795e-001  3.826833e-001
    outer loop
      vertex -1.000000e+001  4.414214e+000 -4.414214e+000
      vertex  0.000000e+000  4.414214e+000 -4.414214e+000
      vertex  0.000000e+000  5.000000e+000 -3.000000e+000
    endloop
  endfacet
  facet normal  0.000000e+000 -9.238795e-001  3.826833e-001
    outer loop
      vertex -1.000000e+001  4.414214e+000 -4.414214e+000
      vertex  0.000000e+000  5.000000e+000 -3.000000e+000
      vertex -1.000000e+001  5.000000e+000 -3.000000e+000
    endloop
  endfacet
  facet normal  0.000000e+000 -3.826833e-001  9.238795e-001
    outer loop
      vertex  0.000000e+000  4.414214e+000 -4.414214e+000
      vertex -1.000000e+001  3.000000e+000 -5.000000e+000
      vertex  0.000000e+000  3.000000e+000 -5.000000e+000
    endloop
  endfacet
  facet normal  0.000000e+000  3.826834e-001  9.238796e-001
    outer loop
      vertex  0.000000e+000  3.000000e+000 -5.000000e+000
      vertex -1.000000e+001  3.000000e+000 -5.000000e+000
      vertex -1.000000e+001  1.585786e+000 -4.414214e+000
    endloop
  endfacet
  facet normal  -0.000000e+000  3.826834e-001  9.238796e-001
    outer loop
      vertex  0.000000e+000  3.000000e+000 -5.000000e+000
      vertex -1.000000e+001  1.585786e+000 -4.414214e+000
      vertex  0.000000e+000  1.585786e+000 -4.414214e+000
    endloop
  endfacet
  facet normal  0.000000e+000  9.238795e-001  3.826834e-001
    outer loop
      vertex  0.000000e+000  1.585786e+000 -4.414214e+000
      vertex -1.000000e+001  1.585786e+000 -4.414214e+000
      vertex -1.000000e+001  1.000000e+000 -3.000000e+000
    endloop
  endfacet
  facet normal  -0.000000e+000  9.238795e-001  3.826834e-001
    outer loop
      vertex  0.000000e+000  1.585786e+000 -4.414214e+000
      vertex -1.000000e+001  1.000000e+000 -3.000000e+000
      vertex  0.000000e+000  1.000000e+000 -3.000000e+000
    endloop
  endfacet
  facet normal  0.000000e+000  3.826834e-001 -9.238794e-001
    outer loop
      vertex -5.000000e+001  3.000000e+000 -1.000000e+000
      vertex -4.000000e+001  1.585786e+000 -1.585786e+000
      vertex -5.000000e+001  1.585786e+000 -1.585786e+000
    endloop
  endfacet
  facet normal  0.000000e+000  9.238794e-001 -3.826834e-001
    outer loop
      vertex -5.000000e+001  1.585786e+000 -1.585786e+000
      vertex -4.000000e+001  1.585786e+000 -1.585786e+000
      vertex -4.000000e+001  1.000000e+000 -3.000000e+000
    endloop
  endfacet
  facet normal  0.000000e+000  9.238794e-001 -3.826834e-001
    outer loop
      vertex -5.000000e+001  1.585786e+000 -1.585786e+000
      vertex -4.000000e+001  1.000000e+000 -3.000000e+000
      vertex -5.000000e+001  1.000000e+000 -3.000000e+000
    endloop
  endfacet
  facet normal  0.000000e+000  3.826834e-001 -9.238794e-001
    outer loop
      vertex -4.000000e+001  1.585786e+000 -1.585786e+000
      vertex -5.000000e+001  3.000000e+000 -1.000000e+000
      vertex -4.000000e+001  3.000000e+000 -1.000000e+000
    endloop
  endfacet
  facet normal  -0.000000e+000 -3.826834e-001 -9.238795e-001
    outer loop
      vertex -4.000000e+001  3.000000e+000 -1.000000e+000
      vertex -5.000000e+001  3.000000e+000 -1.000000e+000
      vertex -5.000000e+001  4.414214e+000 -1.585786e+000
    endloop
  endfacet
  facet normal  0.000000e+000 -3.826834e-001 -9.238795e-001
    outer loop
      vertex -4.000000e+001  3.000000e+000 -1.000000e+000
      vertex -5.000000e+001  4.414214e+000 -1.585786e+000
      vertex -4.000000e+001  4.414214e+000 -1.585786e+000
    endloop
  endfacet
  facet normal  -0.000000e+000 -9.238796e-001 -3.826834e-001
    outer loop
      vertex -4.000000e+001  4.414214e+000 -1.585786e+000
      vertex -5.000000e+001  4.414214e+000 -1.585786e+000
      vertex -5.000000e+001  5.000000e+000 -3.000000e+000
    endloop
  endfacet
  facet normal  0.000000e+000 -9.238796e-001 -3.826834e-001
    outer loop
      vertex -4.000000e+001  4.414214e+000 -1.585786e+000
      vertex -5.000000e+001  5.000000e+000 -3.000000e+000
      vertex -4.000000e+001  5.000000e+000 -3.000000e+000
    endloop
  endfacet
  facet normal  0.000000e+000  3.826834e-001 -9.238794e-001
    outer loop
      vertex -1.000000e+001  3.000000e+000 -1.000000e+000
      vertex  0.000000e+000  1.585786e+000 -1.585786e+000
      vertex -1.000000e+001  1.585786e+000 -1.585786e+000
    endloop
  endfacet
  facet normal  0.000000e+000  9.238794e-001 -3.826834e-001
    outer loop
      vertex -1.000000e+001  1.585786e+000 -1.585786e+000
      vertex  0.000000e+000  1.585786e+000 -1.585786e+000
      vertex  0.000000e+000  1.000000e+000 -3.000000e+000
    endloop
  endfacet
  facet normal  0.000000e+000  9.238794e-001 -3.826834e-001
    outer loop
      vertex -1.000000e+001  1.585786e+000 -1.585786e+000
      vertex  0.000000e+000  1.000000e+000 -3.000000e+000
      vertex -1.000000e+001  1.000000e+000 -3.000000e+000
    endloop
  endfacet
  facet normal  0.000000e+000  3.826834e-001 -9.238794e-001
    outer loop
      vertex  0.000000e+000  1.585786e+000 -1.585786e+000
      vertex -1.000000e+001  3.000000e+000 -1.000000e+000
      vertex  0.000000e+000  3.000000e+000 -1.000000e+000
    endloop
  endfacet
  facet normal  -0.000000e+000 -3.826834e-001 -9.238795e-001
    outer loop
      vertex  0.000000e+000  3.000000e+000 -1.000000e+000
      vertex -1.000000e+001  3.000000e+000 -1.000000e+000
      vertex -1.000000e+001  4.414214e+000 -1.585786e+000
    endloop
  endfacet
  facet normal  0.000000e+000 -3.826834e-001 -9.238795e-001
    outer loop
      vertex  0.000000e+000  3.000000e+000 -1.000000e+000
      vertex -1.000000e+001  4.414214e+000 -1.585786e+000
      vertex  0.000000e+000  4.414214e+000 -1.585786e+000
    endloop
  endfacet
  facet normal  -0.000000e+000 -9.238796e-001 -3.826834e-001
    outer loop
      vertex  0.000000e+000  4.414214e+000 -1.585786e+000
      vertex -1.000000e+001  4.414214e+000 -1.585786e+000
      vertex -1.000000e+001  5.000000e+000 -3.000000e+000
    endloop
  endfacet
  facet normal  0.000000e+000 -9.238796e-001 -3.826834e-001
    outer loop
      vertex  0.000000e+000  4.414214e+000 -1.585786e+000
      vertex -1.000000e+001  5.000000e+000 -3.000000e+000
      vertex  0.000000e+000  5.000000e+000 -3.000000e+000
    endloop
  endfacet
  facet normal  1.000000e+000  0.000000e+000  0.000000e+000
    outer loop
      vertex -4.000000e+001  3.697963e+000 -6.398325e+000
      vertex -4.000000e+001  4.414214e+000 -4.414214e+000
      vertex -4.000000e+001  3.000000e+000 -6.122653e+000
    endloop
  endfacet
  facet normal  1.000000e+000  -0.000000e+000  0.000000e+000
    outer loop
      vertex -4.000000e+001  3.000000e+000  0.000000e+000
      vertex -4.000000e+001  1.500000e+000 -4.019238e-001
      vertex -4.000000e+001  1.585786e+000 -1.585786e+000
    endloop
  endfacet
  facet normal  9.999999e-001  0.000000e+000  0.000000e+000
    outer loop
      vertex -4.000000e+001  3.000000e+000  0.000000e+000
      vertex -4.000000e+001  1.585786e+000 -1.585786e+000
      vertex -4.000000e+001  3.000000e+000 -1.000000e+000
    endloop
  endfacet
  facet normal  9.999999e-001  -0.000000e+000  0.000000e+000
    outer loop
      vertex -4.000000e+001  3.000000e+000  0.000000e+000
      vertex -4.000000e+001  3.000000e+000 -1.000000e+000
      vertex -4.000000e+001  4.414214e+000 -1.585786e+000
    endloop
  endfacet
  facet normal  1.000000e+000  0.000000e+000  -0.000000e+000
    outer loop
      vertex -4.000000e+001  3.000000e+000  0.000000e+000
      vertex -4.000000e+001  4.414214e+000 -1.585786e+000
      vertex -4.000000e+001  6.116826e+000  0.000000e+000
    endloop
  endfacet
  facet normal  1.000000e+000  0.000000e+000  -0.000000e+000
    outer loop
      vertex -4.000000e+001  8.881784e-016 -3.000000e+000
      vertex -4.000000e+001  3.606776e-001 -4.551480e+000
      vertex -4.000000e+001  1.000000e+000 -3.000000e+000
    endloop
  endfacet
  facet normal  9.999999e-001  0.000000e+000  -0.000000e+000
    outer loop
      vertex -4.000000e+001  8.881784e-016 -3.000000e+000
      vertex -4.000000e+001  1.000000e+000 -3.000000e+000
      vertex -4.000000e+001  1.585786e+000 -1.585786e+000
    endloop
  endfacet
  facet normal  1.000000e+000  0.000000e+000  0.000000e+000
    outer loop
      vertex -4.000000e+001  8.881784e-016 -3.000000e+000
      vertex -4.000000e+001  1.585786e+000 -1.585786e+000
      vertex -4.000000e+001  1.500000e+000 -4.019238e-001
    endloop
  endfacet
  facet normal  1.000000e+000  0.000000e+000  0.000000e+000
    outer loop
      vertex -4.000000e+001  8.881784e-016 -3.000000e+000
      vertex -4.000000e+001  1.500000e+000 -4.019238e-001
      vertex -4.000000e+001  4.019238e-001 -1.500000e+000
    endloop
  endfacet
  facet normal  1.000000e+000  0.000000e+000  -0.000000e+000
    outer loop
      vertex -4.000000e+001  3.697963e+000 -6.398325e+000
      vertex -4.000000e+001  4.019172e+000 -7.076538e+000
      vertex -4.000000e+001  4.414214e+000 -4.414214e+000
    endloop
  endfacet
  facet normal  1.000000e+000  0.000000e+000  0.000000e+000
    outer loop
      vertex -4.000000e+001  4.414214e+000 -4.414214e+000
      vertex -4.000000e+001  4.019172e+000 -7.076538e+000
      vertex -4.000000e+001  4.656234e+000 -7.713624e+000
    endloop
  endfacet
  facet normal  1.000000e+000  0.000000e+000  -0.000000e+000
    outer loop
      vertex -4.000000e+001  4.414214e+000 -4.414214e+000
      vertex -4.000000e+001  4.656234e+000 -7.713624e+000
      vertex -4.000000e+001  9.243369e+000 -3.126660e+000
    endloop
  endfacet
  facet normal  1.000000e+000  0.000000e+000  0.000000e+000
    outer loop
      vertex -4.000000e+001  4.414214e+000 -4.414214e+000
      vertex -4.000000e+001  9.243369e+000 -3.126660e+000
      vertex -4.000000e+001  5.000000e+000 -3.000000e+000
    endloop
  endfacet
  facet normal  1.000000e+000  -0.000000e+000  0.000000e+000
    outer loop
      vertex -4.000000e+001  5.000000e+000 -3.000000e+000
      vertex -4.000000e+001  9.243369e+000 -3.126660e+000
      vertex -4.000000e+001  6.116826e+000  0.000000e+000
    endloop
  endfacet
  facet normal  1.000000e+000  0.000000e+000  0.000000e+000
    outer loop
      vertex -4.000000e+001  5.000000e+000 -3.000000e+000
      vertex -4.000000e+001  6.116826e+000  0.000000e+000
      vertex -4.000000e+001  4.414214e+000 -1.585786e+000
    endloop
  endfacet
  facet normal  1.000000e+000  0.000000e+000  0.000000e+000
    outer loop
      vertex -4.000000e+001  1.000000e+000 -3.000000e+000
      vertex -4.000000e+001  3.606776e-001 -4.551480e+000
      vertex -4.000000e+001  1.585786e+000 -4.414214e+000
    endloop
  endfacet
  facet normal  1.000000e+000  0.000000e+000  0.000000e+000
    outer loop
      vertex -4.000000e+001  1.585786e+000 -4.414214e+000
      vertex -4.000000e+001  3.606776e-001 -4.551480e+000
      vertex -4.000000e+001  1.464210e+000 -5.700129e+000
    endloop
  endfacet
  facet normal  1.000000e+000  0.000000e+000  0.000000e+000
    outer loop
      vertex -4.000000e+001  1.585786e+000 -4.414214e+000
      vertex -4.000000e+001  1.464210e+000 -5.700129e+000
      vertex -4.000000e+001  3.000000e+000 -5.000000e+000
    endloop
  endfacet
  facet normal  1.000000e+000  0.000000e+000  0.000000e+000
    outer loop
      vertex -4.000000e+001  3.000000e+000 -5.000000e+000
      vertex -4.000000e+001  1.464210e+000 -5.700129e+000
      vertex -4.000000e+001  3.000000e+000 -6.122653e+000
    endloop
  endfacet
  facet normal  1.000000e+000  0.000000e+000  0.000000e+000
    outer loop
      vertex -4.000000e+001  3.000000e+000 -5.000000e+000
      vertex -4.000000e+001  3.000000e+000 -6.122653e+000
      vertex -4.000000e+001  4.414214e+000 -4.414214e+000
    endloop
  endfacet
  facet normal -1.000000e+000  0.000000e+000  0.000000e+000
    outer loop
      vertex -1.000000e+001  3.000000e+000 -6.122653e+000
      vertex -1.000000e+001  4.414214e+000 -4.414214e+000
      vertex -1.000000e+001  3.697963e+000 -6.398325e+000
    endloop
  endfacet
  facet normal -1.000000e+000  -0.000000e+000  0.000000e+000
    outer loop
      vertex -1.000000e+001  3.000000e+000  0.000000e+000
      vertex -1.000000e+001  6.116826e+000  0.000000e+000
      vertex -1.000000e+001  4.414214e+000 -1.585786e+000
    endloop
  endfacet
  facet normal -9.999999e-001  0.000000e+000  0.000000e+000
    outer loop
      vertex -1.000000e+001  3.000000e+000  0.000000e+000
      vertex -1.000000e+001  4.414214e+000 -1.585786e+000
      vertex -1.000000e+001  3.000000e+000 -1.000000e+000
    endloop
  endfacet
  facet normal -9.999999e-001  -0.000000e+000  0.000000e+000
    outer loop
      vertex -1.000000e+001  3.000000e+000  0.000000e+000
      vertex -1.000000e+001  3.000000e+000 -1.000000e+000
      vertex -1.000000e+001  1.585786e+000 -1.585786e+000
    endloop
  endfacet
  facet normal -1.000000e+000  0.000000e+000  0.000000e+000
    outer loop
      vertex -1.000000e+001  3.000000e+000  0.000000e+000
      vertex -1.000000e+001  1.585786e+000 -1.585786e+000
      vertex -1.000000e+001  1.500000e+000 -4.019238e-001
    endloop
  endfacet
  facet normal -1.000000e+000  0.000000e+000  -0.000000e+000
    outer loop
      vertex -1.000000e+001  0.000000e+000 -3.000000e+000
      vertex -1.000000e+001  4.019238e-001 -1.500000e+000
      vertex -1.000000e+001  1.500000e+000 -4.019238e-001
    endloop
  endfacet
  facet normal -1.000000e+000  0.000000e+000  -0.000000e+000
    outer loop
      vertex -1.000000e+001  0.000000e+000 -3.000000e+000
      vertex -1.000000e+001  1.500000e+000 -4.019238e-001
      vertex -1.000000e+001  1.585786e+000 -1.585786e+000
    endloop
  endfacet
  facet normal -9.999999e-001  0.000000e+000  0.000000e+000
    outer loop
      vertex -1.000000e+001  0.000000e+000 -3.000000e+000
      vertex -1.000000e+001  1.585786e+000 -1.585786e+000
      vertex -1.000000e+001  1.000000e+000 -3.000000e+000
    endloop
  endfacet
  facet normal -1.000000e+000  -0.000000e+000  0.000000e+000
    outer loop
      vertex -1.000000e+001  0.000000e+000 -3.000000e+000
      vertex -1.000000e+001  1.000000e+000 -3.000000e+000
      vertex -1.000000e+001  3.606776e-001 -4.551480e+000
    endloop
  endfacet
  facet normal -1.000000e+000  0.000000e+000  0.000000e+000
    outer loop
      vertex -1.000000e+001  9.243369e+000 -3.126660e+000
      vertex -1.000000e+001  4.656234e+000 -7.713624e+000
      vertex -1.000000e+001  4.414214e+000 -4.414214e+000
    endloop
  endfacet
  facet normal -1.000000e+000  0.000000e+000  -0.000000e+000
    outer loop
      vertex -1.000000e+001  4.414214e+000 -4.414214e+000
      vertex -1.000000e+001  4.656234e+000 -7.713624e+000
      vertex -1.000000e+001  4.019172e+000 -7.076538e+000
    endloop
  endfacet
  facet normal -1.000000e+000  0.000000e+000  0.000000e+000
    outer loop
      vertex -1.000000e+001  4.414214e+000 -4.414214e+000
      vertex -1.000000e+001  4.019172e+000 -7.076538e+000
      vertex -1.000000e+001  3.697963e+000 -6.398325e+000
    endloop
  endfacet
  facet normal -1.000000e+000  0.000000e+000  0.000000e+000
    outer loop
      vertex -1.000000e+001  4.414214e+000 -1.585786e+000
      vertex -1.000000e+001  6.116826e+000  0.000000e+000
      vertex -1.000000e+001  5.000000e+000 -3.000000e+000
    endloop
  endfacet
  facet normal -1.000000e+000  0.000000e+000  0.000000e+000
    outer loop
      vertex -1.000000e+001  5.000000e+000 -3.000000e+000
      vertex -1.000000e+001  6.116826e+000  0.000000e+000
      vertex -1.000000e+001  9.243369e+000 -3.126660e+000
    endloop
  endfacet
  facet normal -1.000000e+000  -0.000000e+000  0.000000e+000
    outer loop
      vertex -1.000000e+001  5.000000e+000 -3.000000e+000
      vertex -1.000000e+001  9.243369e+000 -3.126660e+000
      vertex -1.000000e+001  4.414214e+000 -4.414214e+000
    endloop
  endfacet
  facet normal -1.000000e+000  0.000000e+000  0.000000e+000
    outer loop
      vertex -1.000000e+001  4.414214e+000 -4.414214e+000
      vertex -1.000000e+001  3.000000e+000 -6.122653e+000
      vertex -1.000000e+001  3.000000e+000 -5.000000e+000
    endloop
  endfacet
  facet normal -1.000000e+000  0.000000e+000  -0.000000e+000
    outer loop
      vertex -1.000000e+001  3.000000e+000 -5.000000e+000
      vertex -1.000000e+001  3.000000e+000 -6.122653e+000
      vertex -1.000000e+001  1.464210e+000 -5.700129e+000
    endloop
  endfacet
  facet normal -1.000000e+000  0.000000e+000  0.000000e+000
    outer loop
      vertex -1.000000e+001  3.000000e+000 -5.000000e+000
      vertex -1.000000e+001  1.464210e+000 -5.700129e+000
      vertex -1.000000e+001  1.585786e+000 -4.414214e+000
    endloop
  endfacet
  facet normal -1.000000e+000  0.000000e+000  0.000000e+000
    outer loop
      vertex -1.000000e+001  1.585786e+000 -4.414214e+000
      vertex -1.000000e+001  1.464210e+000 -5.700129e+000
      vertex -1.000000e+001  3.606776e-001 -4.551480e+000
    endloop
  endfacet
  facet normal -1.000000e+000  0.000000e+000  0.000000e+000
    outer loop
      vertex -1.000000e+001  1.585786e+000 -4.414214e+000
      vertex -1.000000e+001  3.606776e-001 -4.551480e+000
      vertex -1.000000e+001  1.000000e+000 -3.000000e+000
    endloop
  endfacet
  facet normal  0.000000e+000 -7.070936e-001  7.071199e-001
    outer loop
      vertex -4.000000e+001  4.656234e+000 -7.713624e+000
      vertex -1.000000e+001  4.656234e+000 -7.713624e+000
      vertex -4.000000e+001  9.243369e+000 -3.126660e+000
    endloop
  endfacet
  facet normal  0.000000e+000 -7.070936e-001  7.071199e-001
    outer loop
      vertex -4.000000e+001  9.243369e+000 -3.126660e+000
      vertex -1.000000e+001  4.656234e+000 -7.713624e+000
      vertex -1.000000e+001  9.243369e+000 -3.126660e+000
    endloop
  endfacet
  facet normal  0.000000e+000 -9.659258e-001  2.588190e-001
    outer loop
      vertex -1.000000e+001  0.000000e+000 -3.000000e+000
      vertex  0.000000e+000  0.000000e+000 -3.000000e+000
      vertex -1.000000e+001  4.019238e-001 -1.500000e+000
    endloop
  endfacet
  facet normal  0.000000e+000 -9.659258e-001  2.588190e-001
    outer loop
      vertex -1.000000e+001  4.019238e-001 -1.500000e+000
      vertex  0.000000e+000  0.000000e+000 -3.000000e+000
      vertex  0.000000e+000  4.019238e-001 -1.500000e+000
    endloop
  endfacet
  facet normal  0.000000e+000 -7.071068e-001  7.071068e-001
    outer loop
      vertex -1.000000e+001  4.019238e-001 -1.500000e+000
      vertex  0.000000e+000  4.019238e-001 -1.500000e+000
      vertex -1.000000e+001  1.500000e+000 -4.019238e-001
    endloop
  endfacet
  facet normal  0.000000e+000 -7.071068e-001  7.071068e-001
    outer loop
      vertex -1.000000e+001  1.500000e+000 -4.019238e-001
      vertex  0.000000e+000  4.019238e-001 -1.500000e+000
      vertex  0.000000e+000  1.500000e+000 -4.019238e-001
    endloop
  endfacet
  facet normal  0.000000e+000 -2.588190e-001  9.659258e-001
    outer loop
      vertex -1.000000e+001  1.500000e+000 -4.019238e-001
      vertex  0.000000e+000  1.500000e+000 -4.019238e-001
      vertex -1.000000e+001  3.000000e+000  0.000000e+000
    endloop
  endfacet
  facet normal  0.000000e+000 -2.588190e-001  9.659258e-001
    outer loop
      vertex -1.000000e+001  3.000000e+000  0.000000e+000
      vertex  0.000000e+000  1.500000e+000 -4.019238e-001
      vertex  0.000000e+000  3.000000e+000  0.000000e+000
    endloop
  endfacet
  facet normal  8.579145e-017 -9.659258e-001  2.588190e-001
    outer loop
      vertex -5.000000e+001  0.000000e+000 -3.000000e+000
      vertex -4.000000e+001  8.881784e-016 -3.000000e+000
      vertex -5.000000e+001  4.019238e-001 -1.500000e+000
    endloop
  endfacet
  facet normal  0.000000e+000 -9.659258e-001  2.588190e-001
    outer loop
      vertex -5.000000e+001  4.019238e-001 -1.500000e+000
      vertex -4.000000e+001  8.881784e-016 -3.000000e+000
      vertex -4.000000e+001  4.019238e-001 -1.500000e+000
    endloop
  endfacet
  facet normal  0.000000e+000 -7.071068e-001  7.071068e-001
    outer loop
      vertex -5.000000e+001  4.019238e-001 -1.500000e+000
      vertex -4.000000e+001  4.019238e-001 -1.500000e+000
      vertex -5.000000e+001  1.500000e+000 -4.019238e-001
    endloop
  endfacet
  facet normal  0.000000e+000 -7.071068e-001  7.071068e-001
    outer loop
      vertex -5.000000e+001  1.500000e+000 -4.019238e-001
      vertex -4.000000e+001  4.019238e-001 -1.500000e+000
      vertex -4.000000e+001  1.500000e+000 -4.019238e-001
    endloop
  endfacet
  facet normal  0.000000e+000 -2.588190e-001  9.659258e-001
    outer loop
      vertex -5.000000e+001  1.500000e+000 -4.019238e-001
      vertex -4.000000e+001  1.500000e+000 -4.019238e-001
      vertex -5.000000e+001  3.000000e+000  0.000000e+000
    endloop
  endfacet
  facet normal  0.000000e+000 -2.588190e-001  9.659258e-001
    outer loop
      vertex -5.000000e+001  3.000000e+000  0.000000e+000
      vertex -4.000000e+001  1.500000e+000 -4.019238e-001
      vertex -4.000000e+001  3.000000e+000  0.000000e+000
    endloop
  endfacet
  facet normal  0.000000e+000 -2.082087e-001 -9.780844e-001
    outer loop
      vertex  0.000000e+000  9.985382e+000 -1.304297e+001
      vertex -5.000000e+001  9.985382e+000 -1.304297e+001
      vertex  0.000000e+000  1.571988e+001 -1.426370e+001
    endloop
  endfacet
  facet normal  -0.000000e+000 -2.082087e-001 -9.780844e-001
    outer loop
      vertex  0.000000e+000  1.571988e+001 -1.426370e+001
      vertex -5.000000e+001  9.985382e+000 -1.304297e+001
      vertex -5.000000e+001  1.571988e+001 -1.426370e+001
    endloop
  endfacet
endsolid CATIA STL
